numero_secao,municipio,endereco,categoria,cor,latitude,longitude,raio_km,indice_nacional,indice_eb,volatilidade,votos_pt_2022,votos_pt_pct_2022,votos_bolsonaro_2022,votos_bolsonaro_pct_2022,votos_eb_2022,votos_eb_pct_2022,preditivo_2026_classificacao,preditivo_2026_score,preditivo_2026_tendencia,preditivo_2026_pt_projecao,preditivo_2026_direita_projecao,preditivo_2026_eb_projecao
1,ALVARÃES,AVENIDA CASTELO BRANCO,LULA+EB,#27AE60,-3.6759,-64.70891,6,0.271,-0.014,0,471,77.5,122,20.1,178,30.5,LULA+EB,0.257,positiva,73.6,21.1,29.9
2,ALVARÃES,AVENIDA CASTELO BRANCO,DIFÍCIL,#E74C3C,-3.6634,-64.65204,6,0.265,-0.091,0,468,76.8,121,19.9,133,22.8,DIFÍCIL,0.174,positiva,73.0,20.9,22.4
3,ALVARÃES,TRAVESSA SANTA ANA,DIFÍCIL,#E74C3C,-3.65525,-64.70135,6,0.247,-0.062,0,355,75.1,99,20.9,118,25.7,DIFÍCIL,0.185,positiva,71.3,22.0,25.2
4,ALVARÃES,ESTRADA ALVARÃES NOGUEIRA,DIFÍCIL,#E74C3C,-3.65112,-64.67598,6,0.24,-0.079,0,399,74.3,118,22.0,125,24.0,DIFÍCIL,0.16,positiva,70.6,23.1,23.5
5,ALVARÃES,ESTRADA ALVARÃES NOGUEIRA,DIFÍCIL,#E74C3C,-3.63755,-64.68232,6,0.255,-0.074,0,414,75.8,119,21.8,130,24.5,DIFÍCIL,0.181,positiva,72.0,22.9,24.0
6,ALVARÃES,ESTRADA ALVARÃES NOGUEIRA,DIFÍCIL,#E74C3C,-3.64464,-64.7,6,0.246,-0.18,0,362,74.9,112,23.2,64,13.9,DIFÍCIL,0.066,positiva,71.2,24.3,13.7
7,ALVARÃES,ESTRADA ALVARÃES NOGUEIRA,DIFÍCIL,#E74C3C,-3.62538,-64.6766,6,0.255,-0.167,0,382,75.8,112,22.2,74,15.2,DIFÍCIL,0.087,positiva,72.0,23.3,14.9
8,ALVARÃES,ESTRADA ALVARÃES NOGUEIRA,DIFÍCIL,#E74C3C,-3.63916,-64.63621,6,0.238,-0.174,0,361,74.1,117,24.0,69,14.5,DIFÍCIL,0.064,positiva,70.4,25.2,14.2
9,ALVARÃES,"RUA TANCREDO NEVES, S/N",DIFÍCIL,#E74C3C,-3.64857,-64.67913,6,0.236,-0.055,0,414,73.9,132,23.6,146,26.4,DIFÍCIL,0.181,positiva,70.2,24.8,25.9
10,ALVARÃES,AVENIDA SÃO JOAQUIM,PURO_SWING,#F4D03F,-3.64559,-64.72165,6,0.243,-0.032,0,403,74.6,113,20.9,150,28.7,PURO_SWING,0.211,positiva,70.9,22.0,28.2
11,ALVARÃES,AVENIDA SÃO JOAQUIM,DIFÍCIL,#E74C3C,-3.64098,-64.68496,6,0.212,-0.119,0,399,71.5,138,24.7,109,20.0,DIFÍCIL,0.093,positiva,67.9,26.0,19.6
12,ALVARÃES,AVENIDA SÃO JOAQUIM,DIFÍCIL,#E74C3C,-3.64932,-64.6764,6,0.191,-0.091,0,383,69.4,155,28.1,121,22.8,DIFÍCIL,0.1,positiva,65.9,29.5,22.4
13,ALVARÃES,AVENIDA SÃO JOAQUIM,DIFÍCIL,#E74C3C,-3.6644,-64.67941,6,0.214,-0.12,0,398,71.7,135,24.3,106,20.0,DIFÍCIL,0.094,positiva,68.1,25.5,19.6
14,ALVARÃES,ESTRADA ALVARÃES NOGUEIRA,DIFÍCIL,#E74C3C,-3.66324,-64.68396,6,0.215,-0.074,0,415,71.8,144,24.9,137,24.5,DIFÍCIL,0.141,positiva,68.2,26.2,24.0
15,ALVARÃES,TRAVESSA SANTA ANA,DIFÍCIL,#E74C3C,-3.60813,-64.67388,6,0.208,-0.054,0,355,71.1,122,24.4,128,26.5,DIFÍCIL,0.154,positiva,67.6,25.7,26.0
16,ALVARÃES,ESTRADA ALVARÃES NOGUEIRA,DIFÍCIL,#E74C3C,-3.66028,-64.68399,6,0.239,-0.064,0,440,74.2,130,21.9,147,25.6,DIFÍCIL,0.175,positiva,70.5,23.0,25.1
17,ALVARÃES,ESTRADA ALVARÃES NOGUEIRA,DIFÍCIL,#E74C3C,-3.63759,-64.71715,6,0.24,-0.181,0,376,74.3,117,23.1,68,13.8,DIFÍCIL,0.059,positiva,70.6,24.3,13.5
18,ALVARÃES,AVENIDA SÃO JOAQUIM,DIFÍCIL,#E74C3C,-3.64261,-64.72319,6,0.191,-0.096,0,388,69.4,158,28.3,123,22.3,DIFÍCIL,0.094,positiva,65.9,29.7,21.8
19,ALVARÃES,ESTRADA ALVARÃES NOGUEIRA,DIFÍCIL,#E74C3C,-3.64763,-64.66553,6,0.182,-0.191,0,340,68.5,142,28.6,62,12.8,DIFÍCIL,-0.009,positiva,65.1,30.1,12.6
20,ALVARÃES,"RUA TANCREDO NEVES, S/N",DIFÍCIL,#E74C3C,-3.66215,-64.6471,6,0.243,-0.069,0,338,74.6,99,21.9,112,25.1,DIFÍCIL,0.174,positiva,70.9,22.9,24.6
21,ALVARÃES,ESTRADA ALVARÃES NOGUEIRA,DIFÍCIL,#E74C3C,-3.66066,-64.64336,6,0.2,-0.078,0,414,70.3,160,27.2,138,24.2,DIFÍCIL,0.122,positiva,66.8,28.5,23.7
23,ALVARÃES,ESTRADA ALVARÃES NOGUEIRA,DIFÍCIL,#E74C3C,-3.65399,-64.6718,6,0.2,-0.069,0,377,70.3,149,27.8,130,25.0,DIFÍCIL,0.131,positiva,66.8,29.2,24.5
24,ALVARÃES,"RUA NITERÓI, S/N, COMUNIDADE DE NOGUEIRA",DIFÍCIL,#E74C3C,-3.60811,-64.65497,6,0.171,-0.212,0,226,67.5,106,31.6,35,10.7,DIFÍCIL,-0.041,positiva,64.1,33.2,10.5
25,ALVARÃES,ESTRADA ALVARÃES NOGUEIRA,DIFÍCIL,#E74C3C,-3.63379,-64.71339,6,0.256,-0.102,0,411,76.0,114,21.1,113,21.7,DIFÍCIL,0.154,positiva,72.2,22.1,21.3
26,ALVARÃES,AVENIDA SÃO JOAQUIM,DIFÍCIL,#E74C3C,-3.69422,-64.66917,6,0.19,-0.101,0,375,69.3,151,27.9,117,21.9,DIFÍCIL,0.089,positiva,65.9,29.3,21.4
27,ALVARÃES,AVENIDA SÃO JOAQUIM,DIFÍCIL,#E74C3C,-3.64529,-64.67714,6,0.25,-0.098,0,416,75.4,123,22.3,120,22.1,DIFÍCIL,0.153,positiva,71.6,23.4,21.7
28,ALVARÃES,TRAVESSA SANTA ANA,DIFÍCIL,#E74C3C,-3.66184,-64.64729,6,0.136,-0.059,0,273,63.9,138,32.3,109,26.1,DIFÍCIL,0.078,positiva,60.7,33.9,25.6
29,ALVARÃES,AVENIDA CASTELO BRANCO,DIFÍCIL,#E74C3C,-3.65321,-64.65518,6,0.187,-0.088,0,388,69.0,160,28.5,126,23.1,DIFÍCIL,0.099,positiva,65.6,29.9,22.7
30,ALVARÃES,TRAVESSA SANTA ANA,DIFÍCIL,#E74C3C,-3.65346,-64.67228,6,0.213,-0.075,0,373,71.6,135,25.9,126,24.4,DIFÍCIL,0.138,positiva,68.0,27.2,23.9
59,ALVARÃES,"RUA NITERÓI, S/N, COMUNIDADE DE NOGUEIRA",DIFÍCIL,#E74C3C,-3.66007,-64.68662,6,0.182,-0.18,0,196,68.5,85,29.7,39,13.9,DIFÍCIL,0.002,positiva,65.1,31.2,13.6
60,ALVARÃES,AVENIDA SÃO JOAQUIM,DIFÍCIL,#E74C3C,-3.65049,-64.67615,6,0.166,-0.078,0,332,66.9,144,29.0,117,24.1,DIFÍCIL,0.088,positiva,63.6,30.5,23.6
63,ALVARÃES,AVENIDA SÃO JOAQUIM,DIFÍCIL,#E74C3C,-3.6523,-64.64973,6,0.208,-0.101,0,350,71.1,129,26.2,104,21.8,DIFÍCIL,0.107,positiva,67.6,27.5,21.4
24,AMATURÁ,"RUA DOS ANDRADES,166",LULA+EB,#27AE60,-0.65647,-67.99667,6,0.183,0.055,0,269,68.6,103,26.3,139,37.5,LULA+EB,0.238,positiva,65.2,27.6,36.7
25,AMATURÁ,"RUA DOS ANDRADES,166",LULA+EB,#27AE60,-0.60711,-67.97166,6,0.201,0.04,0,274,70.4,100,25.7,131,35.9,LULA+EB,0.241,positiva,66.9,27.0,35.2
26,AMATURÁ,"RUA DOS ANDRADES,166",LULA+EB,#27AE60,-0.6265,-67.99813,6,0.176,0.012,0,261,68.0,107,27.9,121,33.2,LULA+EB,0.189,positiva,64.6,29.3,32.5
27,AMATURÁ,"RUA RAIMUNDO MARROSO, 166",LULA+EB,#27AE60,-0.61585,-67.96643,6,0.203,0.046,0,391,70.6,144,26.0,193,36.6,LULA+EB,0.249,positiva,67.0,27.3,35.8
28,AMATURÁ,"RUA RAIMUNDO MARROSO, 166",LULA+EB,#27AE60,-0.66418,-67.96107,6,0.177,0.011,0,361,68.0,145,27.3,172,33.1,LULA+EB,0.188,positiva,64.6,28.7,32.4
40,AMATURÁ,"COM. DE NITEROI, RIO SOLIMÕES, MARGEM DIREITA",DIFÍCIL,#E74C3C,-0.59448,-67.93162,6,0.209,-0.142,0,282,71.2,106,26.8,66,17.7,DIFÍCIL,0.067,positiva,67.7,28.1,17.4
41,AMATURÁ,"RUA 21 DE JUNHO, 1560",LULA+EB,#27AE60,-0.63148,-67.94886,6,0.088,0.01,0,319,59.1,204,37.8,172,33.0,LULA+EB,0.098,positiva,56.1,39.7,32.3
54,AMATURÁ,"COM. DE NITEROI, RIO SOLIMÕES, MARGEM DIREITA",DIFÍCIL,#E74C3C,-0.5767,-68.00065,6,0.24,-0.123,0,319,74.4,108,25.2,81,19.6,DIFÍCIL,0.117,positiva,70.6,26.4,19.2
62,AMATURÁ,"RUA 21 DE JUNHO, 1560",LULA+EB,#27AE60,-0.57722,-67.92855,6,0.102,-0.017,0,330,60.6,197,36.1,159,30.2,LULA+EB,0.085,positiva,57.5,38.0,29.6
64,AMATURÁ,"COM. NOVA ITALIA, IGARAPE ACURUY, MARGEM ESQUERDA",LULA+EB,#27AE60,-0.61761,-67.92935,6,0.454,0.029,0,563,95.7,14,2.4,199,34.8,LULA+EB,0.483,positiva,91.0,2.5,34.1
66,AMATURÁ,"COM. CANIMARÍ, RIO SOLIMÕES, MARGEM DIREITA",LULA+EB,#27AE60,-0.59829,-67.9976,6,0.427,0.201,0,282,93.1,18,5.9,152,52.1,LULA+EB,0.629,positiva,88.4,6.2,51.0
67,AMATURÁ,"COM. SANTA TEREZA, RIO SOLIMÕES, MARGEM DIRERITA",LULA+EB,#27AE60,-0.59587,-67.92063,6,0.224,0.198,0,104,72.7,36,25.2,73,51.8,LULA+EB,0.422,positiva,69.1,26.4,50.7
68,AMATURÁ,"COM. UMARIRANA, RIO SOLIMÕES, MARGEM DIREITA",DIFÍCIL,#E74C3C,-0.66473,-67.9681,6,0.408,-0.115,0,184,91.1,18,8.9,39,20.4,DIFÍCIL,0.293,positiva,86.5,9.4,20.0
72,AMATURÁ,"COM. NOVA ITALIA, IGARAPE ACURUY, MARGEM ESQUERDA",LULA+EB,#27AE60,-0.62878,-67.98649,6,0.463,0.08,0,572,96.6,9,1.5,229,40.0,LULA+EB,0.543,positiva,91.8,1.6,39.2
77,AMATURÁ,"RUA AMAZONINO, 245",PURO_SWING,#F4D03F,-0.58912,-67.97925,6,0.111,-0.042,0,375,61.4,217,35.5,162,27.7,PURO_SWING,0.069,positiva,58.3,37.3,27.2
82,AMATURÁ,"RUA AMAZONINO, 245",LULA+EB,#27AE60,-0.58552,-67.98514,6,0.163,-0.02,0,396,66.7,171,28.8,174,29.9,LULA+EB,0.144,positiva,63.3,30.2,29.3
85,AMATURÁ,"COM. NOVA ITALIA, IGARAPE ACURUY, MARGEM ESQUERDA",LULA+EB,#27AE60,-0.60982,-67.96702,6,0.475,0.082,0,595,97.9,9,1.5,234,40.1,LULA+EB,0.557,positiva,93.0,1.6,39.3
88,AMATURÁ,"RUA 21 DE JUNHO, 1560",PURO_SWING,#F4D03F,-0.59242,-68.01066,6,0.082,-0.026,0,333,58.5,213,37.4,159,29.3,PURO_SWING,0.056,positiva,55.6,39.3,28.7
92,AMATURÁ,"RUA DOS ANDRADES,166",LULA+EB,#27AE60,-0.61782,-67.96937,6,0.206,0.032,0,280,70.9,105,26.6,132,35.1,LULA+EB,0.237,positiva,67.3,27.9,34.4
93,AMATURÁ,"COM. DE NITEROI, RIO SOLIMÕES, MARGEM DIREITA",DIFÍCIL,#E74C3C,-0.58887,-67.93421,6,0.219,-0.156,0,288,72.2,108,27.1,63,16.3,DIFÍCIL,0.063,positiva,68.6,28.4,16.0
102,AMATURÁ,"RUA AMAZONINO, 245",LULA+EB,#27AE60,-0.62995,-67.97262,6,0.181,0.07,0,431,68.4,182,28.9,233,39.0,LULA+EB,0.251,positiva,65.0,30.3,38.2
107,AMATURÁ,"COM. NOVA ITALIA, IGARAPE ACURUY, MARGEM ESQUERDA",LULA+EB,#27AE60,-0.62036,-67.97503,6,0.457,0.047,0,528,96.0,16,2.9,195,36.6,LULA+EB,0.503,positiva,91.2,3.1,35.9
263,ANAMÃ,RUA ÁLVARO MAIA SN,LULA+EB,#27AE60,-1.8134,-61.84569,6,0.084,0.061,0,324,58.7,200,36.2,201,38.0,LULA+EB,0.144,positiva,55.8,38.0,37.2
264,ANAMÃ,RUA ÁLVARO MAIA SN,LULA+EB,#27AE60,-1.81806,-61.82859,6,0.073,0.063,0,327,57.7,219,38.6,212,38.2,LULA+EB,0.136,positiva,54.8,40.6,37.4
265,ANAMÃ,RUA ÁLVARO MAIA SN,LULA+EB,#27AE60,-1.83287,-61.83585,6,0.128,0.09,0,340,63.1,177,32.8,214,40.9,LULA+EB,0.217,positiva,59.9,34.5,40.1
266,ANAMÃ,RUA ÁLVARO MAIA SN,LULA+EB,#27AE60,-1.86732,-61.8506,6,0.106,0.066,0,340,60.9,196,35.1,206,38.5,LULA+EB,0.172,positiva,57.9,36.9,37.7
267,ANAMÃ,RUA ÁLVARO MAIA SN,LULA+EB,#27AE60,-1.82203,-61.7992,6,0.092,0.067,0,337,59.5,211,37.3,212,38.6,LULA+EB,0.159,positiva,56.6,39.1,37.8
268,ANAMÃ,RUA ÁLVARO MAIA SN,LULA+EB,#27AE60,-1.78823,-61.80624,6,0.149,0.129,0,384,65.2,185,31.4,257,44.9,LULA+EB,0.278,positiva,61.9,33.0,44.0
269,ANAMÃ,RUA ÁLVARO MAIA SN,LULA+EB,#27AE60,-1.79527,-61.81758,6,0.099,0.074,0,343,60.2,206,36.1,218,39.3,LULA+EB,0.172,positiva,57.2,37.9,38.5
270,ANAMÃ,RUA ESTRADA ANAMA-CUIA SN,LULA+EB,#27AE60,-1.8324,-61.83292,6,0.14,0.059,0,353,64.3,184,33.5,199,37.8,LULA+EB,0.199,positiva,61.1,35.2,37.1
271,ANAMÃ,RUA ESTRADA ANAMA-CUIA SN,LULA+EB,#27AE60,-1.86141,-61.8445,6,0.198,0.113,0,384,70.1,149,27.2,227,43.2,LULA+EB,0.311,positiva,66.6,28.5,42.4
272,ANAMÃ,RUA ÁLVARO MAIA SN,LULA+EB,#27AE60,-1.83121,-61.82952,6,0.131,0.106,0,351,63.5,191,34.5,232,42.5,LULA+EB,0.237,positiva,60.3,36.3,41.6
273,ANAMÃ,RUA ÁLVARO MAIA SN,LULA+EB,#27AE60,-1.82566,-61.80614,6,0.138,0.085,0,360,64.2,187,33.3,220,40.4,LULA+EB,0.224,positiva,61.0,35.0,39.6
274,ANAMÃ,RUA ÁLVARO MAIA SN,LULA+EB,#27AE60,-1.85942,-61.86611,6,0.184,0.139,0,384,68.7,152,27.2,250,45.9,LULA+EB,0.323,positiva,65.3,28.6,45.0
275,ANAMÃ,RUA ÁLVARO MAIA SN,LULA+EB,#27AE60,-1.83258,-61.83353,6,0.142,0.096,0,369,64.5,186,32.5,229,41.6,LULA+EB,0.238,positiva,61.3,34.1,40.7
276,ANAMÃ,RUA ÁLVARO MAIA SN,LULA+EB,#27AE60,-1.79173,-61.82846,6,0.173,0.13,0,383,67.7,168,29.7,246,45.0,LULA+EB,0.304,positiva,64.3,31.2,44.1
277,ANAMÃ,RUA ÁLVARO MAIA SN,LULA+EB,#27AE60,-1.8296,-61.82654,6,0.102,0.071,0,336,60.5,200,36.0,204,39.0,LULA+EB,0.173,positiva,57.5,37.8,38.2
278,ANAMÃ,TRAVESSA DA PREFEITURA SN,LULA+EB,#27AE60,-1.8433,-61.82657,6,0.139,0.049,0,346,64.2,176,32.7,194,36.8,LULA+EB,0.188,positiva,61.0,34.3,36.1
279,ANAMÃ,TRAVESSA DA PREFEITURA SN,LULA+EB,#27AE60,-1.84289,-61.78824,6,0.163,0.061,0,353,66.6,161,30.4,195,38.0,LULA+EB,0.224,positiva,63.3,31.9,37.3
280,ANAMÃ,TRAVESSA DA PREFEITURA SN,LULA+EB,#27AE60,-1.82432,-61.84514,6,0.076,0.076,0,316,57.9,203,37.2,211,39.5,LULA+EB,0.151,positiva,55.0,39.0,38.7
281,ANAMÃ,TRAVESSA DA PREFEITURA SN,LULA+EB,#27AE60,-1.83864,-61.83317,6,0.14,0.088,0,359,64.3,179,32.1,221,40.8,LULA+EB,0.229,positiva,61.1,33.7,40.0
282,ANAMÃ,TRAVESSA DA PREFEITURA SN,LULA+EB,#27AE60,-1.82031,-61.84224,6,0.136,0.096,0,367,63.9,188,32.8,233,41.5,LULA+EB,0.232,positiva,60.7,34.4,40.7
283,ANAMÃ,RUA ESTRADA ANAMA-CUIA SN,LULA+EB,#27AE60,-1.82755,-61.83986,6,0.109,0.026,0,291,61.3,176,37.1,158,34.5,LULA+EB,0.135,positiva,58.2,38.9,33.8
286,ANAMÃ,RUA ÁLVARO MAIA SN,LULA+EB,#27AE60,-1.78843,-61.81097,6,0.093,0.099,0,313,59.6,198,37.7,211,41.9,LULA+EB,0.192,positiva,56.6,39.6,41.0
1,ANORI,"RUA RAIMUNDO PINTO BRANDÃO, S/N,",LULA+EB,#27AE60,-1.07855,-61.79962,6,0.075,0.233,0.58,280,57.9,191,39.5,261,55.2,LULA+EB,0.308,positiva,55.0,41.4,54.1
2,ANORI,"AVENIDA 8 DE DEZEMBRO, S/N (EM FRENTE A PREFEITURA)",LULA+EB,#27AE60,-1.07445,-61.80802,6,0.1,0.251,0.6,292,60.3,178,36.8,268,57.0,LULA+EB,0.351,positiva,57.3,38.6,55.9
3,ANORI,"AVENIDA 8 DE DEZEMBRO, S/N (EM FRENTE A PREFEITURA)",LULA+EB,#27AE60,-1.11049,-61.81012,6,0.108,0.233,0.61,317,61.1,190,36.6,276,55.2,LULA+EB,0.34,positiva,58.0,38.4,54.1
4,ANORI,"AVENIDA 8 DE DEZEMBRO, S/N (EM FRENTE A PREFEITURA)",LULA+EB,#27AE60,-1.08091,-61.83332,6,0.08,0.282,0.58,292,58.3,186,37.1,295,60.1,LULA+EB,0.361,positiva,55.4,39.0,58.9
5,ANORI,"AVENIDA 8 DE DEZEMBRO, S/N (EM FRENTE A PREFEITURA)",LULA+EB,#27AE60,-1.04011,-61.84722,6,0.096,0.226,0.6,301,60.0,190,37.8,265,54.5,LULA+EB,0.322,positiva,57.0,39.7,53.4
6,ANORI,"AVENIDA 8 DE DEZEMBRO, S/N (EM FRENTE A PREFEITURA)",PURO_SWING,#F4D03F,-1.06396,-61.84088,6,0.022,0.233,0.53,261,52.5,216,43.5,265,55.2,PURO_SWING,0.255,positiva,49.9,45.6,54.1
7,ANORI,"AVENIDA 8 DE DEZEMBRO, S/N (EM FRENTE A PREFEITURA)",LULA+EB,#27AE60,-1.04138,-61.81671,6,0.05,0.219,0.55,279,55.4,208,41.3,257,53.9,LULA+EB,0.27,positiva,52.6,43.3,52.8
8,ANORI,"AVENIDA 8 DE DEZEMBRO, S/N (EM FRENTE A PREFEITURA)",LULA+EB,#27AE60,-1.08357,-61.82513,6,0.067,0.239,0.57,268,57.0,189,40.2,257,55.9,LULA+EB,0.306,positiva,54.2,42.2,54.8
14,ANORI,"AVENIDA 8 DE DEZEMBRO, S/N (EM FRENTE A PREFEITURA)",LULA+EB,#27AE60,-1.09923,-61.82192,6,0.112,0.255,0.62,307,61.5,172,34.5,273,57.5,LULA+EB,0.367,positiva,58.4,36.2,56.3
15,ANORI,"RUA RAIMUNDO PINTO BRANDÃO, S/N,",LULA+EB,#27AE60,-1.03219,-61.82969,6,0.087,0.265,0.59,298,59.0,183,36.2,285,58.4,LULA+EB,0.352,positiva,56.1,38.0,57.2
16,ANORI,"AVENIDA 8 DE DEZEMBRO, S/N (EM FRENTE A PREFEITURA)",LULA+EB,#27AE60,-1.05524,-61.80201,6,0.092,0.199,0.59,307,59.5,191,37.0,258,51.8,LULA+EB,0.291,positiva,56.5,38.9,50.8
19,ANORI,"AVENIDA 8 DE DEZEMBRO, S/N (EM FRENTE A PREFEITURA)",LULA+EB,#27AE60,-1.04111,-61.85642,6,0.094,0.229,0.6,316,59.7,198,37.4,280,54.8,LULA+EB,0.323,positiva,56.7,39.3,53.7
20,ANORI,"RUA AUGUSTO GRIJÓ, S/N (PRÓXIMO A QUADRA COBERTA)",PURO_SWING,#F4D03F,-1.0816,-61.88292,6,0.028,0.222,0.53,315,53.1,261,44.0,311,54.1,PURO_SWING,0.25,positiva,50.5,46.2,53.0
21,ANORI,"RUA AUGUSTO GRIJÓ, S/N (PRÓXIMO A QUADRA COBERTA)",LULA+EB,#27AE60,-1.10081,-61.85157,6,0.104,0.232,0.61,375,60.7,234,37.9,325,55.2,LULA+EB,0.336,positiva,57.6,39.8,54.1
22,ANORI,"RUA AUGUSTO GRIJÓ, S/N (PRÓXIMO A QUADRA COBERTA)",LULA+EB,#27AE60,-1.07758,-61.83122,6,0.063,0.248,0.57,341,56.6,242,40.2,332,56.8,LULA+EB,0.311,positiva,53.8,42.2,55.6
26,ANORI,"RUA AUGUSTO GRIJÓ, S/N (PRÓXIMO A QUADRA COBERTA)",LULA+EB,#27AE60,-1.0726,-61.83357,6,0.062,0.243,0.56,349,56.5,255,41.3,332,56.3,LULA+EB,0.305,positiva,53.6,43.3,55.1
31,ANORI,"AVENIDA 8 DE DEZEMBRO, S/N (EM FRENTE A PREFEITURA)",LULA+EB,#27AE60,-1.07262,-61.84935,6,0.065,0.215,0.57,305,56.8,219,40.8,280,53.4,LULA+EB,0.28,positiva,54.0,42.8,52.4
32,ANORI,"RUA AUGUSTO GRIJÓ, S/N (PRÓXIMO A QUADRA COBERTA)",PURO_SWING,#F4D03F,-1.06523,-61.79424,6,0.049,0.272,0.55,325,55.3,242,41.2,336,59.2,PURO_SWING,0.322,positiva,52.5,43.2,58.0
33,ANORI,"AVENIDA 8 DE DEZEMBRO, S/N (EM FRENTE A PREFEITURA)",LULA+EB,#27AE60,-1.07587,-61.83454,6,0.053,0.22,0.56,281,55.6,211,41.8,269,53.9,LULA+EB,0.273,positiva,52.9,43.9,52.8
34,ANORI,"RUA RAIMUNDO PINTO BRANDÃO, S/N,",LULA+EB,#27AE60,-1.04068,-61.82268,6,0.074,0.247,0.58,277,57.7,187,39.0,268,56.7,LULA+EB,0.321,positiva,54.8,40.9,55.5
35,ANORI,"RUA RAIMUNDO PINTO BRANDÃO, S/N,",PURO_SWING,#F4D03F,-1.07636,-61.87412,6,0.001,0.252,0.5,251,50.4,227,45.6,277,57.1,PURO_SWING,0.253,estável,47.9,47.9,56.0
36,ANORI,"COMUNIDADE DO CUIUANÃ ,S/N,",LULA+EB,#27AE60,-1.09593,-61.87813,6,0.113,0.093,0.62,305,61.6,182,36.8,201,41.2,LULA+EB,0.206,positiva,58.5,38.6,40.4
39,ANORI,"RUA RAIMUNDO PINTO BRANDÃO, S/N,",PURO_SWING,#F4D03F,-1.03976,-61.83885,6,0.04,0.276,0.54,269,54.3,204,41.2,279,59.5,PURO_SWING,0.316,positiva,51.6,43.3,58.3
40,ANORI,"COMUNIDADE DA LIBERDADE I, S/N. (MARGEM DIREITA DO MÉDIO RIO SOLIMÕES)",EB_PURO,#8E44AD,-1.06119,-61.83924,6,-0.035,0.091,0.47,282,46.8,308,51.2,244,41.0,EB_PURO,0.056,estável,44.5,53.7,40.2
41,ANORI,"COMUNIDADE SÃO MATIAS, S/N, CUXUARÁ DE BAIXO, ILHA DO CUXUARÁ",LULA+EB,#27AE60,-1.11446,-61.86634,6,0.186,0.14,0.69,91,68.9,37,28.0,57,46.0,LULA+EB,0.327,positiva,65.5,29.4,45.0
42,ANORI,"AVENIDA 8 DE DEZEMBRO, S/N (EM FRENTE A PREFEITURA)",PURO_SWING,#F4D03F,-1.06761,-61.80602,6,0.037,0.273,0.54,258,54.0,206,43.1,274,59.2,PURO_SWING,0.309,positiva,51.3,45.3,58.0
43,ANORI,"RUA RAIMUNDO PINTO BRANDÃO, S/N,",PURO_SWING,#F4D03F,-1.06187,-61.86829,6,0.012,0.219,0.52,237,51.5,214,46.5,239,53.8,PURO_SWING,0.231,estável,48.9,48.8,52.8
44,ANORI,"AVENIDA 8 DE DEZEMBRO, S/N (EM FRENTE A PREFEITURA)",LULA+EB,#27AE60,-1.07272,-61.80419,6,0.035,0.211,0,240,53.8,198,44.4,229,53.0,LULA+EB,0.246,positiva,51.1,46.6,51.9
45,ANORI,"RUA AUGUSTO GRIJÓ, S/N (PRÓXIMO A QUADRA COBERTA)",LULA+EB,#27AE60,-1.0708,-61.82871,6,0.004,0.26,0,249,50.7,228,46.4,279,57.9,LULA+EB,0.263,estável,48.2,48.8,56.7
46,ANORI,"AVENIDA 8 DE DEZEMBRO, S/N (EM FRENTE A PREFEITURA)",LULA+EB,#27AE60,-1.1103,-61.8258,6,0.146,0.227,0,316,64.9,155,31.8,259,54.6,LULA+EB,0.373,positiva,61.6,33.4,53.5
1,APUÍ,"RUA DA COMUNICAÇÃO, 379, QUADRA 32",DIFÍCIL,#E74C3C,-4.95218,-60.91354,6,-0.09,-0.14,0,231,41.3,319,57.1,93,18.0,DIFÍCIL,-0.23,negativa,39.3,59.9,17.6
2,APUÍ,"RUA DA COMUNICAÇÃO, 379, QUADRA 32",DIFÍCIL,#E74C3C,-4.94497,-60.90541,6,-0.151,-0.149,0,189,35.2,333,62.0,84,17.0,DIFÍCIL,-0.3,negativa,33.4,65.1,16.7
3,APUÍ,"AV. PARANA, 441, ESQ. COM RUA PARAIBA, QUADRA 11",DIFÍCIL,#E74C3C,-4.93705,-60.89633,6,-0.137,-0.144,0,225,36.6,379,61.6,100,17.5,DIFÍCIL,-0.282,negativa,34.8,64.7,17.1
5,APUÍ,"AV. PARANA, 441, ESQ. COM RUA PARAIBA, QUADRA 11",DIFÍCIL,#E74C3C,-4.98967,-60.89309,6,-0.141,-0.167,0,113,36.2,190,60.9,45,15.2,DIFÍCIL,-0.308,negativa,34.4,63.9,14.9
6,APUÍ,"AV. PARANA, 441, ESQ. COM RUA PARAIBA, QUADRA 11",DIFÍCIL,#E74C3C,-4.96578,-60.92004,6,-0.136,-0.158,0,221,36.8,366,60.9,92,16.1,DIFÍCIL,-0.293,negativa,34.9,63.9,15.8
8,APUÍ,"AV. PARANA, 441, ESQ. COM RUA PARAIBA, QUADRA 11",DIFÍCIL,#E74C3C,-4.97746,-60.88297,6,-0.117,-0.152,0,222,38.6,341,59.3,92,16.8,DIFÍCIL,-0.269,negativa,36.7,62.3,16.4
9,APUÍ,"AV. MINAS GERAIS, 933, QUADRA 56",DIFÍCIL,#E74C3C,-5.00062,-60.90226,6,-0.102,-0.145,0,251,40.2,359,57.4,105,17.4,DIFÍCIL,-0.247,negativa,38.2,60.3,17.0
11,APUÍ,"AV. MINAS GERAIS, 933, QUADRA 56",DIFÍCIL,#E74C3C,-4.9514,-60.90251,6,-0.133,-0.139,0,236,37.0,389,61.0,108,18.1,DIFÍCIL,-0.272,negativa,35.1,64.0,17.7
12,APUÍ,"AV. MINAS GERAIS, 933, QUADRA 56",DIFÍCIL,#E74C3C,-4.95327,-60.90988,6,-0.138,-0.169,0,241,36.6,404,61.3,91,15.0,DIFÍCIL,-0.306,negativa,34.7,64.4,14.7
14,APUÍ,"AV. MINAS GERAIS, 933, QUADRA 56",DIFÍCIL,#E74C3C,-4.99244,-60.88706,6,-0.061,-0.136,0,268,44.2,326,53.8,105,18.3,DIFÍCIL,-0.197,negativa,42.0,56.5,18.0
17,APUÍ,"AV. MINAS GERAIS, 933, QUADRA 56",DIFÍCIL,#E74C3C,-4.97571,-60.9125,6,-0.102,-0.176,0,265,40.2,386,58.5,88,14.3,DIFÍCIL,-0.278,negativa,38.1,61.4,14.0
19,APUÍ,"RUA RIO ACARI, 1352, QUADRA 18",DIFÍCIL,#E74C3C,-4.92141,-60.88654,6,-0.143,-0.19,0,173,36.0,297,61.9,58,13.0,DIFÍCIL,-0.332,negativa,34.2,65.0,12.7
20,APUÍ,"RUA RIO ACARI, 1352, QUADRA 18",DIFÍCIL,#E74C3C,-4.97757,-60.90105,6,-0.091,-0.15,0,185,41.2,256,57.0,73,16.9,DIFÍCIL,-0.242,negativa,39.1,59.9,16.6
21,APUÍ,"RUA RIO ACARI, 1352, QUADRA 18",DIFÍCIL,#E74C3C,-4.95001,-60.87154,6,-0.154,-0.183,0,171,35.0,307,62.8,62,13.7,DIFÍCIL,-0.336,negativa,33.2,65.9,13.4
22,APUÍ,"RUA RIO ACARI, 1352, QUADRA 18",DIFÍCIL,#E74C3C,-4.97142,-60.93072,6,-0.139,-0.154,0,169,36.4,283,61.0,72,16.6,DIFÍCIL,-0.293,negativa,34.6,64.0,16.2
23,APUÍ,"RUA RIO ACARI, 1352, QUADRA 18",DIFÍCIL,#E74C3C,-4.93454,-60.9297,6,-0.133,-0.149,0,172,37.1,280,60.3,76,17.0,DIFÍCIL,-0.281,negativa,35.2,63.4,16.7
24,APUÍ,"RUA RIO ACARI, 1352, QUADRA 18",DIFÍCIL,#E74C3C,-4.94752,-60.89741,6,-0.139,-0.166,0,176,36.4,299,61.9,71,15.4,DIFÍCIL,-0.304,negativa,34.6,65.0,15.1
25,APUÍ,"RUA RIO ACARI, 1352, QUADRA 18",DIFÍCIL,#E74C3C,-4.95709,-60.95475,6,-0.147,-0.148,0,159,35.7,281,63.0,73,17.2,DIFÍCIL,-0.294,negativa,33.9,66.2,16.8
26,APUÍ,"ESTRADA VICINAL TRES ESTADOS, KM 55",DIFÍCIL,#E74C3C,-4.91471,-60.90356,6,-0.26,-0.143,0,178,24.3,539,73.6,123,17.6,DIFÍCIL,-0.403,negativa,23.1,77.3,17.2
28,APUÍ,"SETOR ESTRADA NOVA, VICINAL SULINO, 30 KM",DIFÍCIL,#E74C3C,-4.9507,-60.90593,6,-0.238,-0.201,0,154,26.5,411,70.7,64,11.8,DIFÍCIL,-0.439,negativa,25.2,74.3,11.6
29,APUÍ,"DISTRITO DE SUCUNDURI, BR - 230, KM 105, SENTIDO PARÁ",DIFÍCIL,#E74C3C,-4.98515,-60.88654,6,-0.16,-0.163,0,196,34.3,365,63.9,86,15.6,DIFÍCIL,-0.323,negativa,32.6,67.1,15.3
30,APUÍ,"DISTRITO DE SUCUNDURI, BR - 230, KM 105, SENTIDO PARÁ",DIFÍCIL,#E74C3C,-4.91232,-60.90813,6,-0.138,-0.152,0,284,36.5,492,63.2,126,16.8,DIFÍCIL,-0.29,negativa,34.7,66.4,16.4
31,APUÍ,"COM. MATA-MATÁ, BR - 230, KM 110 - SENTIDO HUMAITÁ",DIFÍCIL,#E74C3C,-4.96712,-60.9134,6,0.001,-0.146,0,130,50.4,124,48.1,41,17.3,DIFÍCIL,-0.146,estável,47.9,50.5,17.0
32,APUÍ,"COM. DO 17, VIC. CORUJA, KM 17",DIFÍCIL,#E74C3C,-4.95803,-60.86225,6,-0.017,-0.097,0,280,48.6,287,49.8,119,22.2,DIFÍCIL,-0.114,estável,46.2,52.3,21.8
34,APUÍ,"RUA DA COMUNICAÇÃO, 379, QUADRA 32",DIFÍCIL,#E74C3C,-4.90335,-60.88827,6,-0.134,-0.182,0,201,36.9,334,61.3,71,13.7,DIFÍCIL,-0.317,negativa,35.0,64.3,13.4
36,APUÍ,"RUA RIO ACARI, 1352, QUADRA 18",DIFÍCIL,#E74C3C,-4.9351,-60.88458,6,-0.206,-0.177,0,139,29.7,318,67.9,64,14.2,DIFÍCIL,-0.383,negativa,28.2,71.3,13.9
37,APUÍ,"RUA RIO MADEIRA, 88, QUADRA 04",DIFÍCIL,#E74C3C,-4.92474,-60.90444,6,-0.228,-0.179,0,83,27.5,211,69.9,40,14.0,DIFÍCIL,-0.407,negativa,26.1,73.4,13.8
39,APUÍ,"COM. BARRA DE SÃO MANOEL, RIO TAPAJÓS, AS MARGENS DIREITA",DIFÍCIL,#E74C3C,-4.96523,-60.90935,6,-0.022,-0.298,0,50,48.1,40,38.5,2,2.2,DIFÍCIL,-0.32,positiva,45.7,40.4,2.1
40,APUÍ,"RUA DA COMUNICAÇÃO, 379, QUADRA 32",DIFÍCIL,#E74C3C,-4.94559,-60.89078,6,-0.167,-0.162,0,184,33.6,356,65.0,83,15.7,DIFÍCIL,-0.329,negativa,31.9,68.2,15.4
43,APUÍ,"RUA DA COMUNICAÇÃO, 379, QUADRA 32",DIFÍCIL,#E74C3C,-4.99685,-60.90799,6,-0.144,-0.192,0,148,35.9,252,61.2,49,12.8,DIFÍCIL,-0.336,negativa,34.1,64.2,12.5
1,ATALAIA DO NORTE,RUA NOVA I S/N,LULA+EB,#27AE60,-4.37052,-69.97595,6,0.223,0.088,0.73,363,72.6,121,24.2,198,40.7,LULA+EB,0.311,positiva,69.0,25.4,39.9
2,ATALAIA DO NORTE,RUA NOVA I S/N,LULA+EB,#27AE60,-4.35889,-70.01144,6,0.189,0.092,0.69,321,69.2,132,28.4,183,41.1,LULA+EB,0.281,positiva,65.7,29.9,40.3
3,ATALAIA DO NORTE,RUA NOVA I S/N,LULA+EB,#27AE60,-4.35132,-70.02415,6,0.25,0.046,0.75,342,75.3,98,21.6,162,36.6,LULA+EB,0.296,positiva,71.6,22.7,35.8
4,ATALAIA DO NORTE,AV PEDRO TEIXEIRA,LULA+EB,#27AE60,-4.33074,-70.03484,6,0.254,0.053,0.76,337,75.7,91,20.4,164,37.2,LULA+EB,0.307,positiva,71.9,21.5,36.4
5,ATALAIA DO NORTE,RUA AUGUSTO LUZEIRO - SN,LULA+EB,#27AE60,-4.36289,-69.98218,6,0.295,0.109,0.8,351,79.8,76,17.3,186,42.9,LULA+EB,0.404,positiva,75.8,18.1,42.0
6,ATALAIA DO NORTE,PELOTÃO DE FRONTEIRA ESTIRÃO DO EQUADOR,DIFÍCIL,#E74C3C,-4.3279,-70.03308,6,-0.13,-0.183,0.37,105,37.4,171,60.9,37,13.7,DIFÍCIL,-0.312,negativa,35.5,63.9,13.4
7,ATALAIA DO NORTE,PELOTÃO DE FRONTEIRA PALMEIRAS DO JAVARI,PURO_SWING,#F4D03F,-4.36245,-70.00769,6,0.369,-0.024,0.87,281,87.3,31,9.6,94,29.6,PURO_SWING,0.346,positiva,82.9,10.1,29.0
8,ATALAIA DO NORTE,RUA AUGUSTO LUZEIRO - SN,LULA+EB,#27AE60,-4.34648,-70.05049,6,0.23,0.053,0.73,294,73.3,88,21.9,146,37.2,LULA+EB,0.283,positiva,69.7,23.0,36.5
9,ATALAIA DO NORTE,AV PEDRO TEIXEIRA,LULA+EB,#27AE60,-4.39493,-69.98791,6,0.246,0.116,0.75,359,74.9,103,21.5,201,43.5,LULA+EB,0.362,positiva,71.2,22.6,42.6
10,ATALAIA DO NORTE,RUA AUGUSTO LUZEIRO - SN,LULA+EB,#27AE60,-4.36847,-70.06646,6,0.26,0.059,0.76,345,76.3,96,21.2,164,37.9,LULA+EB,0.32,positiva,72.5,22.3,37.1
11,ATALAIA DO NORTE,RUA NOVA I S/N,LULA+EB,#27AE60,-4.38851,-69.99225,6,0.252,0.057,0.76,340,75.6,96,21.3,164,37.6,LULA+EB,0.309,positiva,71.8,22.4,36.9
12,ATALAIA DO NORTE,AV PEDRO TEIXEIRA,LULA+EB,#27AE60,-4.3995,-70.01586,6,0.275,0.024,0.78,369,77.8,88,18.6,159,34.3,LULA+EB,0.299,positiva,74.0,19.5,33.7
13,ATALAIA DO NORTE,RUA NOVA I S/N,LULA+EB,#27AE60,-4.37294,-69.98914,6,0.255,0.071,0.76,358,75.8,103,21.8,180,39.0,LULA+EB,0.326,positiva,72.1,22.9,38.3
14,ATALAIA DO NORTE,AV PEDRO TEIXEIRA,LULA+EB,#27AE60,-4.35779,-70.01629,6,0.29,0.063,0.79,333,79.3,77,18.3,156,38.2,LULA+EB,0.353,positiva,75.3,19.2,37.5
15,ATALAIA DO NORTE,RUA NOVA I S/N,LULA+EB,#27AE60,-4.36366,-70.01261,6,0.213,0.083,0.72,328,71.6,122,26.6,180,40.3,LULA+EB,0.296,positiva,68.0,28.0,39.5
18,ATALAIA DO NORTE,RUA AUGUSTO LUZEIRO - SN,LULA+EB,#27AE60,-4.3549,-69.99762,6,0.257,0.055,0.76,346,76.0,102,22.4,165,37.4,LULA+EB,0.312,positiva,72.2,23.5,36.7
19,ATALAIA DO NORTE,RUA NOVA I S/N,LULA+EB,#27AE60,-4.32126,-70.01543,6,0.227,0.049,0.73,343,73.0,118,25.1,170,36.8,LULA+EB,0.275,positiva,69.3,26.4,36.1
20,ATALAIA DO NORTE,AV PEDRO TEIXEIRA,LULA+EB,#27AE60,-4.40974,-70.04367,6,0.302,0.021,0.81,343,80.5,74,17.4,140,34.1,LULA+EB,0.323,positiva,76.5,18.2,33.4
21,ATALAIA DO NORTE,RUA NOVA I S/N,LULA+EB,#27AE60,-4.38405,-70.04428,6,0.213,0.071,0.72,343,71.6,122,25.5,184,39.0,LULA+EB,0.283,positiva,68.0,26.7,38.2
22,ATALAIA DO NORTE,AV PEDRO TEIXEIRA,LULA+EB,#27AE60,-4.36913,-70.04298,6,0.267,0.054,0.77,332,77.0,94,21.8,155,37.3,LULA+EB,0.321,positiva,73.2,22.9,36.6
25,ATALAIA DO NORTE,"COM. SÃO LUIZ,  ALDEIA INDIGENA, MÉDIO RIO JAVARI",LULA+EB,#27AE60,-4.32531,-70.02798,6,0.479,0.318,0.98,280,98.2,0,0.0,179,63.7,LULA+EB,0.797,positiva,93.3,0.0,62.4
26,ATALAIA DO NORTE,"COM. LOBO, ALDEIA INDIGENA, RIO JAQUIRANA",DIFÍCIL,#E74C3C,-4.40012,-70.04278,6,0.491,-0.304,0.99,509,99.4,2,0.4,8,1.6,DIFÍCIL,0.187,positiva,94.4,0.4,1.5
27,ATALAIA DO NORTE,"COM. VIDA NOVA, ALDEIA INDIGENA, ALTO RIO ITUÍ",LULA+EB,#27AE60,-4.35197,-70.00169,6,0.414,0.003,0.92,386,91.7,30,7.1,130,32.3,LULA+EB,0.417,positiva,87.1,7.5,31.6
28,ATALAIA DO NORTE,"COM. SÃO SEBASTIÃO, ALDEIA INDIGENA, MÉDIO RIO CURUÇÁ",LULA+EB,#27AE60,-4.39256,-70.05122,6,0.493,0.181,1.0,253,99.6,0,0.0,127,50.0,LULA+EB,0.674,positiva,94.6,0.0,49.0
29,ATALAIA DO NORTE,"COM. REMANSINHO, ALDEIA INDIGENA, RIO ITACOAÍ",DIFÍCIL,#E74C3C,-4.3414,-70.00869,6,0.456,-0.105,0.96,308,96.0,0,0.0,67,21.5,DIFÍCIL,0.352,positiva,91.2,0.0,21.0
30,ATALAIA DO NORTE,"COM. PARAISO, ALDEIA INDIGENA, RIO BRANCO, MARGEM ESQUERDA",DIFÍCIL,#E74C3C,-4.36658,-70.01892,6,0.484,-0.28,0.99,236,98.7,1,0.4,9,3.9,DIFÍCIL,0.204,positiva,93.8,0.4,3.8
35,ATALAIA DO NORTE,RUA AUGUSTO LUZEIRO - SN,LULA+EB,#27AE60,-4.38127,-70.03742,6,0.334,-0.019,0.84,364,83.7,63,14.5,127,30.0,LULA+EB,0.315,positiva,79.5,15.2,29.4
36,ATALAIA DO NORTE,AV PEDRO TEIXEIRA,LULA+EB,#27AE60,-4.36885,-70.0303,6,0.244,0.034,0,305,74.8,88,21.6,142,35.3,LULA+EB,0.278,positiva,71.0,22.6,34.6
37,ATALAIA DO NORTE,"COM. MARONAL, ALDEIA INDIGENA, ALTO RIO CURUÇÁ",LULA+EB,#27AE60,-4.3704,-70.01662,6,0.492,0.123,0,210,99.5,0,0.0,89,44.3,LULA+EB,0.616,positiva,94.5,0.0,43.4
1,AUTAZES,AV. 20 DE DEZEMBRO - 1398 - ENGENHO - ZONA URBANA,DIFÍCIL,#E74C3C,-3.58616,-60.57804,6,0.075,-0.076,0.58,243,57.9,169,40.2,100,24.3,DIFÍCIL,-0.001,positiva,55.0,42.3,23.8
2,AUTAZES,RUA JEFERSON BRAGA - 613 - WALDOMIRO SAMPAIO - ZONA URBANA,DIFÍCIL,#E74C3C,-3.57797,-60.55836,6,0.049,-0.08,0.55,266,55.2,200,41.5,108,23.9,DIFÍCIL,-0.031,positiva,52.4,43.6,23.5
3,AUTAZES,RUA JEFERSON BRAGA - 613 - WALDOMIRO SAMPAIO - ZONA URBANA,PURO_SWING,#F4D03F,-3.54116,-60.58761,6,0.098,-0.041,0.6,274,60.1,175,38.4,124,27.8,PURO_SWING,0.056,positiva,57.1,40.3,27.2
4,AUTAZES,ALDEIA SÃO FÉLIX - POSTO BARBOSA RODRIGUES - ZONA RURAL INDÍGENA,DIFÍCIL,#E74C3C,-3.60213,-60.54678,6,0.364,-0.067,0.87,306,86.7,42,11.9,86,25.2,DIFÍCIL,0.297,positiva,82.4,12.5,24.7
5,AUTAZES,VILA DO NOVO CÉU - ZONA RURAL,DIFÍCIL,#E74C3C,-3.60988,-60.56266,6,0.123,-0.07,0.63,470,62.6,262,34.9,184,24.9,DIFÍCIL,0.053,positiva,59.5,36.6,24.4
6,AUTAZES,VILA DO NOVO CÉU - ZONA RURAL,DIFÍCIL,#E74C3C,-3.57154,-60.56651,6,0.117,-0.1,0.62,474,62.0,268,35.1,159,22.0,DIFÍCIL,0.018,positiva,58.9,36.8,21.5
7,AUTAZES,RUA CORONEL SOARES - S/N - OLINDA - ZONA URBANA,PURO_SWING,#F4D03F,-3.56296,-60.62153,6,0.102,-0.038,0.61,301,60.6,183,36.8,135,28.1,PURO_SWING,0.064,positiva,57.5,38.7,27.6
8,AUTAZES,RUA CORONEL SOARES - S/N - OLINDA - ZONA URBANA,DIFÍCIL,#E74C3C,-3.5725,-60.54154,6,0.121,-0.052,0.62,311,62.4,169,33.9,129,26.8,DIFÍCIL,0.07,positiva,59.3,35.6,26.2
9,AUTAZES,VILA DO NOVO CÉU - ZONA RURAL,DIFÍCIL,#E74C3C,-3.62896,-60.56792,6,0.125,-0.101,0.63,469,62.9,253,33.9,157,21.9,DIFÍCIL,0.025,positiva,59.7,35.6,21.4
10,AUTAZES,RUA JOAQUIM AUGUSTO DE QUEIROZ - 421 - SANTA LUZIA - ZONA URBANA,DIFÍCIL,#E74C3C,-3.54086,-60.60005,6,0.072,-0.098,0.58,283,57.5,192,39.0,105,22.1,DIFÍCIL,-0.026,positiva,54.6,41.0,21.7
11,AUTAZES,RUA CORONEL SOARES - S/N - OLINDA - ZONA URBANA,PURO_SWING,#F4D03F,-3.58424,-60.62159,6,0.17,-0.024,0.67,328,67.4,144,29.6,141,29.6,PURO_SWING,0.147,positiva,64.0,31.0,29.0
12,AUTAZES,RUA CORONEL SOARES - S/N - OLINDA - ZONA URBANA,PURO_SWING,#F4D03F,-3.58598,-60.5686,6,0.137,-0.026,0.64,313,64.0,166,33.9,132,29.3,PURO_SWING,0.111,positiva,60.8,35.6,28.7
13,AUTAZES,COM. NOVA UNIÃO - LAGO DO SAMPAIO - RIO MADEIRA,LULA+EB,#27AE60,-3.58905,-60.59303,6,0.278,0.055,0.78,332,78.1,88,20.7,149,37.4,LULA+EB,0.333,positiva,74.2,21.7,36.7
14,AUTAZES,COM. BOM JESUS - RIO MADEIRINHA - ZONA RURAL,PURO_SWING,#F4D03F,-3.58839,-60.58342,6,0.295,-0.026,0.8,356,79.8,75,16.8,124,29.3,PURO_SWING,0.269,positiva,75.8,17.7,28.7
15,AUTAZES,COM. SÃO FRANCISCO - LAGO DO MASTRO - RIO AUTAZ-MIRIM - ZONA RURAL,PURO_SWING,#F4D03F,-3.60057,-60.57697,6,0.269,-0.043,0.77,556,77.2,143,19.9,192,27.7,PURO_SWING,0.226,positiva,73.4,20.9,27.1
16,AUTAZES,RUA PEDRO NOBRE - 702 - SÃO JOSÉ - ZONA URBANA,PURO_SWING,#F4D03F,-3.58272,-60.59055,6,0.074,-0.036,0.58,272,57.7,177,37.6,130,28.3,PURO_SWING,0.038,positiva,54.9,39.5,27.8
17,AUTAZES,RUA PEDRO NOBRE - 702 - SÃO JOSÉ - ZONA URBANA,PURO_SWING,#F4D03F,-3.56918,-60.55744,6,0.116,-0.03,0.62,283,61.9,161,35.2,126,28.9,PURO_SWING,0.086,positiva,58.8,37.0,28.3
18,AUTAZES,RUA PEDRO NOBRE - 702 - SÃO JOSÉ - ZONA URBANA,LULA+EB,#27AE60,-3.59492,-60.568,6,0.177,-0.003,0.68,319,68.0,135,28.8,144,31.6,LULA+EB,0.174,positiva,64.6,30.2,31.0
19,AUTAZES,COM. BOM JESUS - RIO MADEIRINHA - ZONA RURAL,DIFÍCIL,#E74C3C,-3.56226,-60.61327,6,0.237,-0.069,0,317,74.1,100,23.4,103,25.1,DIFÍCIL,0.169,positiva,70.4,24.5,24.6
21,AUTAZES,COM. SÃO JOSÉ E SANTA ANA - LAGO DO SOARES,LULA+EB,#27AE60,-3.61137,-60.60698,6,0.33,0.031,0.83,330,83.3,53,13.4,132,35.0,LULA+EB,0.361,positiva,79.2,14.1,34.3
22,AUTAZES,VILA DE URUCURITUBA - RIO MADEIRA - ZONA RURAL,PURO_SWING,#F4D03F,-3.61597,-60.57144,6,0.151,-0.034,0.65,462,65.4,234,33.1,198,28.5,PURO_SWING,0.117,positiva,62.2,34.8,28.0
23,AUTAZES,VILA DO NOVO CÉU - ZONA RURAL,DIFÍCIL,#E74C3C,-3.60205,-60.55462,6,0.114,-0.064,0.62,482,61.7,282,36.1,193,25.5,DIFÍCIL,0.05,positiva,58.6,37.9,25.0
24,AUTAZES,VILA DO NOVO CÉU - ZONA RURAL,DIFÍCIL,#E74C3C,-3.5877,-60.59044,6,0.09,-0.108,0.59,442,59.3,282,37.9,152,21.1,DIFÍCIL,-0.018,positiva,56.4,39.7,20.7
25,AUTAZES,ALDEIA SÃO FÉLIX - POSTO BARBOSA RODRIGUES - ZONA RURAL INDÍGENA,DIFÍCIL,#E74C3C,-3.61334,-60.56123,6,0.288,-0.103,0.79,533,79.1,132,19.6,139,21.7,DIFÍCIL,0.185,positiva,75.1,20.6,21.2
26,AUTAZES,RUA JEFERSON BRAGA - 613 - WALDOMIRO SAMPAIO - ZONA URBANA,PURO_SWING,#F4D03F,-3.54056,-60.61382,6,0.087,-0.034,0.59,298,59.0,199,39.4,135,28.5,PURO_SWING,0.052,positiva,56.1,41.4,27.9
28,AUTAZES,RUA PEDRO NOBRE - 702 - SÃO JOSÉ - ZONA URBANA,PURO_SWING,#F4D03F,-3.56124,-60.58694,6,0.125,-0.021,0.63,312,62.8,173,34.8,141,29.8,PURO_SWING,0.103,positiva,59.6,36.5,29.2
30,AUTAZES,RUA JOAQUIM AUGUSTO DE QUEIROZ - 421 - SANTA LUZIA - ZONA URBANA,DIFÍCIL,#E74C3C,-3.58771,-60.58865,6,0.12,-0.059,0.62,322,62.3,187,36.2,128,26.0,DIFÍCIL,0.06,positiva,59.2,38.0,25.5
31,AUTAZES,RUA JOAQUIM AUGUSTO DE QUEIROZ - 421 - SANTA LUZIA - ZONA URBANA,DIFÍCIL,#E74C3C,-3.58589,-60.58889,6,0.107,-0.064,0.61,302,61.0,179,36.2,123,25.5,DIFÍCIL,0.043,positiva,58.0,38.0,25.0
32,AUTAZES,RUA JOAQUIM AUGUSTO DE QUEIROZ - 421 - SANTA LUZIA - ZONA URBANA,DIFÍCIL,#E74C3C,-3.5903,-60.59711,6,0.064,-0.059,0.57,282,56.7,207,41.6,125,26.0,DIFÍCIL,0.005,positiva,53.9,43.7,25.5
33,AUTAZES,COM. SÃO FRANCISCO - LAGO DO MASTRO - RIO AUTAZ-MIRIM - ZONA RURAL,PURO_SWING,#F4D03F,-3.5349,-60.60605,6,0.277,-0.05,0,280,78.0,74,20.6,96,27.0,PURO_SWING,0.227,positiva,74.1,21.6,26.4
34,AUTAZES,RUA JOAQUIM AUGUSTO DE QUEIROZ - 421 - SANTA LUZIA - ZONA URBANA,PURO_SWING,#F4D03F,-3.62032,-60.58573,6,0.081,-0.028,0.58,288,58.4,193,39.1,140,29.1,PURO_SWING,0.053,positiva,55.5,41.1,28.5
35,AUTAZES,RUA JEFERSON BRAGA - 613 - WALDOMIRO SAMPAIO - ZONA URBANA,LULA+EB,#27AE60,-3.58977,-60.56129,6,0.128,-0.01,0.63,307,63.2,170,35.0,144,30.9,LULA+EB,0.118,positiva,60.0,36.7,30.3
36,AUTAZES,RUA CORONEL SOARES - S/N - OLINDA - ZONA URBANA,DIFÍCIL,#E74C3C,-3.5517,-60.59524,6,0.068,-0.089,0.57,279,57.2,200,41.0,108,23.1,DIFÍCIL,-0.02,positiva,54.3,43.0,22.6
38,AUTAZES,RUA PEDRO NOBRE - 702 - SÃO JOSÉ - ZONA URBANA,PURO_SWING,#F4D03F,-3.59252,-60.59709,6,0.171,-0.029,0.67,317,67.4,139,29.6,132,29.0,PURO_SWING,0.142,positiva,64.1,31.1,28.4
39,AUTAZES,VILA DE URUCURITUBA - RIO MADEIRA - ZONA RURAL,DIFÍCIL,#E74C3C,-3.58374,-60.60177,6,0.189,-0.052,0.69,250,69.3,106,29.4,94,26.7,DIFÍCIL,0.137,positiva,65.8,30.8,26.2
40,AUTAZES,COM. SÃO DOMINGOS SÁVIO - FURO DO BOMFIM - RIO MADEIRA - ZONA RURAL,LULA+EB,#27AE60,-3.56183,-60.60559,6,0.258,0.09,0.76,121,76.1,35,22.0,63,40.9,LULA+EB,0.348,positiva,72.3,23.1,40.1
43,AUTAZES,RUA JOAQUIM AUGUSTO DE QUEIROZ - 421 - SANTA LUZIA - ZONA URBANA,DIFÍCIL,#E74C3C,-3.57042,-60.56923,6,0.057,-0.076,0.56,289,56.0,218,42.2,119,24.3,DIFÍCIL,-0.02,positiva,53.2,44.4,23.8
44,AUTAZES,COM. NOVA UNIÃO - LAGO DO SAMPAIO - RIO MADEIRA,LULA+EB,#27AE60,-3.60706,-60.5841,6,0.215,-0.014,0.72,337,71.9,117,24.9,138,30.5,LULA+EB,0.201,positiva,68.3,26.2,29.9
45,AUTAZES,COM. SÃO JOSÉ E SANTA ANA - LAGO DO SOARES,LULA+EB,#27AE60,-3.56719,-60.57482,6,0.343,0.024,0.85,313,84.6,49,13.2,126,34.3,LULA+EB,0.367,positiva,80.4,13.9,33.6
46,AUTAZES,RUA PEDRO NOBRE - 702 - SÃO JOSÉ - ZONA URBANA,DIFÍCIL,#E74C3C,-3.56954,-60.55482,6,0.108,-0.06,0.61,306,61.1,187,37.3,122,26.0,DIFÍCIL,0.048,positiva,58.0,39.2,25.4
47,AUTAZES,COM. MONTE SINAI - AM 254 - KM 53 - LADO ESQUERDO MAO/ATZ - ZONA RURAL,DIFÍCIL,#E74C3C,-3.58933,-60.61418,6,0.12,-0.147,0.62,299,62.3,171,35.6,79,17.2,DIFÍCIL,-0.027,positiva,59.2,37.4,16.9
48,AUTAZES,COM. BOA ESPERANÇA - LAGO DO ACARA GRANDE - ZONA RURAL,LULA+EB,#27AE60,-3.56498,-60.59619,6,0.273,-0.01,0.78,412,77.6,104,19.6,156,31.0,LULA+EB,0.263,positiva,73.7,20.6,30.3
49,AUTAZES,COM. AÇUPURANGA - AM 254 - KM 39 - LADO DIREITO - MAO/ATZ - ZONA RURAL,DIFÍCIL,#E74C3C,-3.58422,-60.58413,6,0.072,-0.124,0.58,388,57.6,261,38.7,127,19.5,DIFÍCIL,-0.052,positiva,54.7,40.7,19.1
51,AUTAZES,COM. SANTA MARIA - RIO MUTUCA - ZONA RURAL,DIFÍCIL,#E74C3C,-3.57225,-60.57891,6,0.135,-0.208,0.64,229,63.8,125,34.8,37,11.1,DIFÍCIL,-0.073,positiva,60.6,36.6,10.9
52,AUTAZES,RUA JOAQUIM AUGUSTO DE QUEIROZ - 421 - SANTA LUZIA - ZONA URBANA,DIFÍCIL,#E74C3C,-3.60692,-60.55052,6,0.087,-0.092,0.59,294,59.0,194,39.0,111,22.7,DIFÍCIL,-0.005,positiva,56.1,40.9,22.2
53,AUTAZES,RUA CORONEL SOARES - S/N - OLINDA - ZONA URBANA,DIFÍCIL,#E74C3C,-3.57813,-60.58513,6,0.11,-0.078,0.61,296,61.3,181,37.5,112,24.1,DIFÍCIL,0.032,positiva,58.2,39.3,23.7
54,AUTAZES,RUA JOAQUIM AUGUSTO DE QUEIROZ - 421 - SANTA LUZIA - ZONA URBANA,DIFÍCIL,#E74C3C,-3.56223,-60.57424,6,0.052,-0.086,0.56,267,55.5,202,42.0,106,23.3,DIFÍCIL,-0.034,positiva,52.7,44.1,22.9
56,AUTAZES,COM. URUÁ - LAGO DO ACARÁ MIRIM - RIO MAMORI - ZONA RURAL,DIFÍCIL,#E74C3C,-3.5578,-60.55487,6,0.071,-0.173,0.57,365,57.4,253,39.8,90,14.6,DIFÍCIL,-0.103,positiva,54.5,41.8,14.3
57,AUTAZES,RUA JOAQUIM AUGUSTO DE QUEIROZ - 421 - SANTA LUZIA - ZONA URBANA,DIFÍCIL,#E74C3C,-3.58337,-60.60202,6,0.056,-0.074,0.56,270,55.9,200,41.4,113,24.5,DIFÍCIL,-0.018,positiva,53.1,43.5,24.0
58,AUTAZES,RUA JEFERSON BRAGA - 613 - WALDOMIRO SAMPAIO - ZONA URBANA,PURO_SWING,#F4D03F,-3.57855,-60.59832,6,0.085,-0.022,0.59,281,58.8,185,38.7,136,29.7,PURO_SWING,0.062,positiva,55.8,40.6,29.1
59,AUTAZES,RUA CORONEL SOARES - S/N - OLINDA - ZONA URBANA,PURO_SWING,#F4D03F,-3.59755,-60.57921,6,0.091,-0.041,0.59,268,59.4,170,37.7,122,27.9,PURO_SWING,0.05,positiva,56.5,39.6,27.3
61,AUTAZES,COM. NOVA UNIÃO - LAGO DO SAMPAIO - RIO MADEIRA,PURO_SWING,#F4D03F,-3.58664,-60.56708,6,0.202,-0.021,0.71,316,70.5,127,28.3,127,29.8,PURO_SWING,0.181,positiva,67.0,29.8,29.2
62,AUTAZES,RUA JEFERSON BRAGA - 613 - WALDOMIRO SAMPAIO - ZONA URBANA,PURO_SWING,#F4D03F,-3.56677,-60.60998,6,0.1,-0.05,0.6,283,60.3,182,38.8,121,26.9,PURO_SWING,0.05,positiva,57.3,40.7,26.4
63,AUTAZES,RUA CORONEL SOARES - S/N - OLINDA - ZONA URBANA,PURO_SWING,#F4D03F,-3.58698,-60.59241,6,0.116,-0.032,0.62,304,61.9,177,36.0,134,28.8,PURO_SWING,0.084,positiva,58.8,37.9,28.2
64,AUTAZES,RUA JOAQUIM AUGUSTO DE QUEIROZ - 421 - SANTA LUZIA - ZONA URBANA,DIFÍCIL,#E74C3C,-3.58802,-60.56374,6,0.012,-0.08,0.52,250,51.5,219,45.2,111,24.0,DIFÍCIL,-0.067,positiva,49.0,47.4,23.5
66,AUTAZES,COM. MONTE SINAI - AM 254 - KM 53 - LADO ESQUERDO MAO/ATZ - ZONA RURAL,DIFÍCIL,#E74C3C,-3.62926,-60.57602,6,0.076,-0.123,0.58,246,57.9,170,40.0,80,19.6,DIFÍCIL,-0.048,positiva,55.0,42.0,19.2
67,AUTAZES,RUA PEDRO NOBRE - 702 - SÃO JOSÉ - ZONA URBANA,DIFÍCIL,#E74C3C,-3.55498,-60.59412,6,0.094,-0.061,0.6,279,59.7,179,38.3,113,25.9,DIFÍCIL,0.033,positiva,56.8,40.2,25.3
69,AUTAZES,RUA JEFERSON BRAGA - 613 - WALDOMIRO SAMPAIO - ZONA URBANA,LULA+EB,#27AE60,-3.56669,-60.61174,6,0.083,-0.002,0.59,268,58.6,183,40.0,141,31.7,LULA+EB,0.081,positiva,55.7,42.0,31.1
70,AUTAZES,AV. 20 DE DEZEMBRO - 1398 - ENGENHO - ZONA URBANA,PURO_SWING,#F4D03F,-3.55194,-60.6187,6,0.026,-0.048,0.53,218,52.9,189,45.9,104,27.1,PURO_SWING,-0.023,positiva,50.3,48.2,26.5
71,AUTAZES,RUA JOAQUIM AUGUSTO DE QUEIROZ - 421 - SANTA LUZIA - ZONA URBANA,DIFÍCIL,#E74C3C,-3.58281,-60.5842,6,0.028,-0.085,0.53,235,53.2,194,43.9,99,23.4,DIFÍCIL,-0.057,positiva,50.5,46.1,22.9
72,AUTAZES,RUA JEFERSON BRAGA - 613 - WALDOMIRO SAMPAIO - ZONA URBANA,DIFÍCIL,#E74C3C,-3.63117,-60.56466,6,0.116,-0.058,0.62,290,62.0,169,36.1,117,26.1,DIFÍCIL,0.058,positiva,58.9,37.9,25.6
74,AUTAZES,RUA PEDRO NOBRE - 702 - SÃO JOSÉ - ZONA URBANA,LULA+EB,#27AE60,-3.58543,-60.59012,6,0.127,-0.009,0.63,298,63.0,165,34.9,137,31.0,LULA+EB,0.117,positiva,59.9,36.6,30.4
75,AUTAZES,RUA JOAQUIM AUGUSTO DE QUEIROZ - 421 - SANTA LUZIA - ZONA URBANA,DIFÍCIL,#E74C3C,-3.53432,-60.58417,6,0.043,-0.093,0.55,260,54.6,202,42.4,104,22.7,DIFÍCIL,-0.05,positiva,51.9,44.6,22.2
76,AUTAZES,COM. NOVA CRIATURA - RIO JUMA - ZONA RURAL,EB_PURO,#8E44AD,-3.55883,-60.59768,6,-0.03,0.081,0.47,70,47.3,74,50.0,54,40.0,EB_PURO,0.05,estável,44.9,52.5,39.2
77,AUTAZES,COM. MONTE SINAI - AM 254 - KM 53 - LADO ESQUERDO MAO/ATZ - ZONA RURAL,DIFÍCIL,#E74C3C,-3.60093,-60.60481,6,0.024,-0.104,0.53,216,52.7,186,45.4,85,21.5,DIFÍCIL,-0.08,positiva,50.0,47.6,21.1
78,AUTAZES,RUA JEFERSON BRAGA - 613 - WALDOMIRO SAMPAIO - ZONA URBANA,PURO_SWING,#F4D03F,-3.58457,-60.58885,6,0.098,-0.032,0.6,276,60.1,165,35.9,126,28.7,PURO_SWING,0.066,positiva,57.1,37.7,28.1
79,AUTAZES,COM. SÃO JUDAS TADEU - LAGO DO IAUASSÚ - ZONA RURAL,PURO_SWING,#F4D03F,-3.56178,-60.55723,6,0.214,-0.032,0.72,368,71.7,140,27.3,140,28.7,PURO_SWING,0.182,positiva,68.1,28.7,28.2
80,AUTAZES,COM. MENINO JESUS - LAGO DO ITAÚBA - RIO MAMORI - ZONA RURAL,PURO_SWING,#F4D03F,-3.53946,-60.57973,6,0.128,-0.038,0.63,164,63.1,92,35.4,70,28.1,PURO_SWING,0.089,positiva,59.9,37.2,27.6
81,AUTAZES,ALDEIA TRINCHEIRA - RIO PRETO DO PANTALEÃO - ZONA RURAL INDÍGENA,LULA+EB,#27AE60,-3.62882,-60.56824,6,0.351,0.027,0.85,370,85.5,41,9.5,139,34.7,LULA+EB,0.379,positiva,81.2,9.9,34.0
82,AUTAZES,RUA JEFERSON BRAGA - 613 - WALDOMIRO SAMPAIO - ZONA URBANA,LULA+EB,#27AE60,-3.60358,-60.63507,6,0.134,-0.011,0.64,277,63.7,143,32.9,130,30.8,LULA+EB,0.122,positiva,60.5,34.5,30.2
83,AUTAZES,COM. NOVA UNIÃO - LAGO DO SAMPAIO - RIO MADEIRA,PURO_SWING,#F4D03F,-3.59751,-60.58598,6,0.178,-0.027,0.68,265,68.1,117,30.1,106,29.2,PURO_SWING,0.151,positiva,64.7,31.6,28.6
85,AUTAZES,AV. 20 DE DEZEMBRO - 1398 - ENGENHO - ZONA URBANA,DIFÍCIL,#E74C3C,-3.61164,-60.60157,6,0.024,-0.104,0.53,220,52.8,191,45.8,87,21.5,DIFÍCIL,-0.08,positiva,50.1,48.1,21.1
88,AUTAZES,AV. 20 DE DEZEMBRO - 1398 - ENGENHO - ZONA URBANA,DIFÍCIL,#E74C3C,-3.57927,-60.622,6,0.113,-0.075,0.62,226,61.6,135,36.8,88,24.4,DIFÍCIL,0.038,positiva,58.5,38.6,24.0
89,AUTAZES,RUA JOAQUIM AUGUSTO DE QUEIROZ - 421 - SANTA LUZIA - ZONA URBANA,LULA+EB,#27AE60,-3.59482,-60.59162,6,0.112,-0.005,0.62,253,61.6,145,35.3,122,31.4,LULA+EB,0.107,positiva,58.5,37.0,30.8
90,AUTAZES,COM. MONTE SINAI - AM 254 - KM 53 - LADO ESQUERDO MAO/ATZ - ZONA RURAL,DIFÍCIL,#E74C3C,-3.58467,-60.58863,6,0.009,-0.116,0.51,170,51.2,149,44.9,65,20.3,DIFÍCIL,-0.107,positiva,48.6,47.1,19.9
91,AUTAZES,AV. 20 DE DEZEMBRO - 1398 - ENGENHO - ZONA URBANA,DIFÍCIL,#E74C3C,-3.58772,-60.60475,6,0.088,-0.072,0.59,200,59.2,128,37.9,80,24.7,DIFÍCIL,0.016,positiva,56.2,39.8,24.2
92,AUTAZES,COM. NOVA ESPERANÇA - ALDEIA DA JOSEFA - ZONA RURAL INDÍGENA,LULA+EB,#27AE60,-3.58711,-60.60511,6,0.304,0.046,0.81,550,80.8,129,18.9,240,36.5,LULA+EB,0.35,positiva,76.7,19.9,35.8
141,AUTAZES,COM. MARECHAL RONDON - LAGO DO CUIA - ZONA RURAL INÍGENA,DIFÍCIL,#E74C3C,-3.5918,-60.61158,6,0.266,-0.255,0.77,406,76.9,109,20.6,33,6.4,DIFÍCIL,0.011,positiva,73.0,21.7,6.3
142,AUTAZES,COM. VILA REAL - ESTRADA DO SAMPAIO - RAMAL AZ3 - ZONA RURAL,DIFÍCIL,#E74C3C,-3.56252,-60.62348,6,0.211,-0.137,0.71,110,71.4,42,27.3,27,18.2,DIFÍCIL,0.074,positiva,67.9,28.6,17.9
145,AUTAZES,COM. MONTE SINAI - AM 254 - KM 53 - LADO ESQUERDO MAO/ATZ - ZONA RURAL,DIFÍCIL,#E74C3C,-3.59613,-60.62216,6,-0.003,-0.16,0,180,50.0,163,45.3,54,16.0,DIFÍCIL,-0.163,estável,47.5,47.5,15.7
148,AUTAZES,COM. NOVA ESPERANÇA - RIO AUTAZ-AÇÚ - ZONA RURAL,LULA+EB,#27AE60,-3.57683,-60.61005,6,0.19,0.006,0,147,69.3,53,25.0,67,32.5,LULA+EB,0.196,positiva,65.9,26.2,31.9
154,AUTAZES,RUA JOSÉ SIQUEIRA - S/N - SANTA LUZIA - ZONA URBANA,PURO_SWING,#F4D03F,-3.60095,-60.5823,6,0.047,0.005,0,237,55.0,181,42.0,138,32.4,PURO_SWING,0.051,positiva,52.2,44.1,31.7
155,AUTAZES,COM. SANTO ANTÔNIO - LAGO DO MURUTINGA - ZONA RURAL INDÍGENA,LULA+EB,#27AE60,-3.60253,-60.5744,6,0.414,0.17,0,635,91.8,47,6.8,327,48.9,LULA+EB,0.584,positiva,87.2,7.1,47.9
158,AUTAZES,RUA JOSÉ SIQUEIRA - S/N - SANTA LUZIA - ZONA URBANA,DIFÍCIL,#E74C3C,-3.58079,-60.58834,6,0.026,-0.073,0,377,52.9,319,44.8,171,24.7,DIFÍCIL,-0.046,positiva,50.3,47.0,24.2
162,AUTAZES,RUA JOSÉ SIQUEIRA - S/N - SANTA LUZIA - ZONA URBANA,DIFÍCIL,#E74C3C,-3.58167,-60.59723,6,0.017,-0.081,0,250,52.0,222,46.2,111,23.8,DIFÍCIL,-0.065,positiva,49.4,48.5,23.3
1,BARCELOS,RUA DORVAL PORTO,LULA+EB,#27AE60,1.02917,-62.91162,6,0.187,0.209,0.69,287,69.0,114,27.4,217,52.8,LULA+EB,0.395,positiva,65.5,28.8,51.7
2,BARCELOS,"AV. MARIUÁ, N. 12",LULA+EB,#27AE60,1.0214,-62.94873,6,0.161,0.184,0.66,376,66.4,175,30.9,279,50.4,LULA+EB,0.345,positiva,63.1,32.5,49.4
3,BARCELOS,VILA DE CARVOEIRO MARGEM DIREITA DO RIO NEGRO,LULA+EB,#27AE60,0.95155,-62.88825,6,0.26,0.039,0.76,74,76.3,20,20.6,34,35.8,LULA+EB,0.298,positiva,72.5,21.6,35.1
4,BARCELOS,"AV. MARIUÁ, N. 12",LULA+EB,#27AE60,1.01218,-62.94411,6,0.144,0.093,0.65,345,64.7,176,33.0,215,41.3,LULA+EB,0.237,positiva,61.5,34.7,40.4
5,BARCELOS,"AV. MARIUÁ, N. 12",LULA+EB,#27AE60,0.96652,-62.92514,6,0.153,0.135,0.66,376,65.6,171,29.8,252,45.4,LULA+EB,0.288,positiva,62.3,31.3,44.5
6,BARCELOS,"AV. MARIUÁ, N. 12",LULA+EB,#27AE60,0.98686,-62.9611,6,0.18,0.167,0.68,356,68.3,154,29.6,246,48.6,LULA+EB,0.347,positiva,64.9,31.0,47.6
7,BARCELOS,"AV DOM BOSCO, 21",LULA+EB,#27AE60,0.9942,-62.93142,6,0.166,0.142,0.67,370,66.9,170,30.7,250,46.1,LULA+EB,0.308,positiva,63.6,32.3,45.2
8,BARCELOS,"AV DOM BOSCO, 21",LULA+EB,#27AE60,0.95577,-62.90891,6,0.13,0.101,0.63,342,63.3,180,33.3,220,42.1,LULA+EB,0.231,positiva,60.2,35.0,41.2
9,BARCELOS,RUA DORVAL PORTO,LULA+EB,#27AE60,0.99511,-62.89392,6,0.104,0.131,0.61,261,60.7,157,36.5,187,45.1,LULA+EB,0.235,positiva,57.7,38.3,44.2
10,BARCELOS,RUA DORVAL PORTO,LULA+EB,#27AE60,0.96604,-62.90382,6,0.174,0.136,0.68,307,67.8,133,29.4,205,45.6,LULA+EB,0.311,positiva,64.4,30.8,44.6
11,BARCELOS,"AV DOM BOSCO, 21",LULA+EB,#27AE60,0.9776,-62.92036,6,0.123,0.121,0.63,337,62.6,183,34.0,232,44.0,LULA+EB,0.244,positiva,59.5,35.7,43.1
12,BARCELOS,MARGEM DIREITA DO RIO NEGRO VILA DE MOURA,LULA+EB,#27AE60,0.97933,-62.97846,6,0.13,0.093,0.63,435,63.3,232,33.8,276,41.2,LULA+EB,0.223,positiva,60.2,35.5,40.4
13,BARCELOS,RUA DORVAL PORTO SN,LULA+EB,#27AE60,0.9914,-62.91051,6,0.05,0.099,0.55,295,55.3,219,41.1,216,41.8,LULA+EB,0.149,positiva,52.6,43.1,40.9
14,BARCELOS,RUA DORVAL PORTO,LULA+EB,#27AE60,0.98127,-62.92845,6,0.144,0.156,0.65,294,64.8,149,32.8,213,47.5,LULA+EB,0.301,positiva,61.5,34.5,46.6
15,BARCELOS,"AV DOM BOSCO, 21",LULA+EB,#27AE60,0.95285,-62.91838,6,0.096,0.122,0.6,358,60.0,216,36.2,254,44.1,LULA+EB,0.218,positiva,57.0,38.0,43.2
16,BARCELOS,ESTRADA DO PENSADOR 602,LULA+EB,#27AE60,0.9374,-62.9378,6,0.106,0.141,0.61,344,60.9,206,36.5,255,46.0,LULA+EB,0.247,positiva,57.8,38.3,45.1
17,BARCELOS,ESTRADA DO PENSADOR 602,LULA+EB,#27AE60,0.99581,-62.92315,6,0.14,0.18,0.64,366,64.3,184,32.3,274,49.9,LULA+EB,0.32,positiva,61.1,34.0,48.9
18,BARCELOS,ESTRADA DO PENSADOR 602,LULA+EB,#27AE60,0.99077,-62.93649,6,0.144,0.171,0.65,371,64.7,182,31.8,276,49.0,LULA+EB,0.315,positiva,61.5,33.4,48.0
19,BARCELOS,RUA DORVAL PORTO,LULA+EB,#27AE60,0.95654,-62.9452,6,0.119,0.135,0.62,272,62.2,156,35.7,196,45.5,LULA+EB,0.255,positiva,59.1,37.5,44.6
20,BARCELOS,ESTRADA DO PENSADOR 602,LULA+EB,#27AE60,1.02419,-62.90568,6,0.162,0.13,0.67,392,66.6,189,32.1,254,45.0,LULA+EB,0.293,positiva,63.2,33.7,44.1
21,BARCELOS,ESTRADA DO PENSADOR 602,LULA+EB,#27AE60,0.97646,-62.95302,6,0.167,0.147,0.67,374,67.0,167,29.9,252,46.6,LULA+EB,0.314,positiva,63.7,31.4,45.6
22,BARCELOS,RUA DORVAL PORTO SN,LULA+EB,#27AE60,0.93947,-62.9282,6,0.117,0.143,0.62,318,62.0,185,36.1,236,46.2,LULA+EB,0.259,positiva,58.9,37.9,45.3
23,BARCELOS,COMUNIDADE DE TAPIIRA RIO UNINI,LULA+EB,#27AE60,0.96852,-62.88844,6,0.225,0.252,0.73,153,72.9,50,23.8,112,57.1,LULA+EB,0.477,positiva,69.2,25.0,56.0
24,BARCELOS,RUA DORVAL PORTO SN,LULA+EB,#27AE60,0.98389,-62.93652,6,0.132,0.149,0.64,326,63.5,173,33.7,231,46.9,LULA+EB,0.282,positiva,60.4,35.4,45.9
25,BARCELOS,COMUNIDADE CUMARU MARGEM DIREITA DO RIO NEGRO,LULA+EB,#27AE60,0.99332,-62.94186,6,0.332,0.327,0.84,137,83.5,24,14.6,104,64.6,LULA+EB,0.659,positiva,79.4,15.4,63.3
27,BARCELOS,"AV DOM BOSCO, 21",LULA+EB,#27AE60,0.9686,-62.92227,6,0.127,0.182,0.63,344,63.0,186,34.1,267,50.1,LULA+EB,0.308,positiva,59.9,35.8,49.1
28,BARCELOS,RUA NILO CHAGAS N. 01,LULA+EB,#27AE60,0.98447,-62.93594,6,0.132,0.159,0.63,306,63.5,165,34.2,229,47.8,LULA+EB,0.29,positiva,60.3,35.9,46.9
29,BARCELOS,RUA NILO CHAGAS N. 01,LULA+EB,#27AE60,0.98341,-62.92629,6,0.12,0.189,0.62,300,62.4,169,35.1,240,50.8,LULA+EB,0.31,positiva,59.3,36.9,49.8
30,BARCELOS,RUA NILO CHAGAS N. 01,LULA+EB,#27AE60,0.9934,-62.93608,6,0.115,0.135,0.62,257,61.8,145,34.9,190,45.5,LULA+EB,0.25,positiva,58.7,36.6,44.5
32,BARCELOS,RUA NILO CHAGAS N. 01,LULA+EB,#27AE60,1.01152,-62.94625,6,0.07,0.186,0.57,218,57.4,152,40.0,180,50.6,LULA+EB,0.257,positiva,54.5,42.0,49.6
1,BARREIRINHA,"RUA TERRA PRETA DO CASTANHAL, S/N",LULA+EB,#27AE60,-2.41282,-58.82891,6,0.389,0.084,0.89,544,89.2,60,9.8,238,40.3,LULA+EB,0.473,positiva,84.7,10.3,39.5
2,BARREIRINHA,"RUA TERRA PRETA DO CASTANHAL, S/N",LULA+EB,#27AE60,-2.34298,-58.87297,6,0.36,0.06,0.86,512,86.3,68,11.5,219,37.9,LULA+EB,0.42,positiva,82.0,12.0,37.1
3,BARREIRINHA,"RUA TERRA PRETA DO CASTANHAL, S/N",LULA+EB,#27AE60,-2.42662,-58.84098,6,0.388,0.072,0.89,539,89.1,55,9.1,231,39.1,LULA+EB,0.459,positiva,84.6,9.5,38.3
4,BARREIRINHA,"RUA TERRA PRETA DO CASTANHAL, S/N",LULA+EB,#27AE60,-2.43218,-58.84979,6,0.383,0.093,0.89,560,88.6,56,8.9,257,41.3,LULA+EB,0.476,positiva,84.2,9.3,40.4
5,BARREIRINHA,"RODOVIA BH1 NILO PEREIRA, S/N",LULA+EB,#27AE60,-2.38617,-58.86829,6,0.365,0.089,0.87,489,86.9,62,11.0,223,40.8,LULA+EB,0.454,positiva,82.5,11.6,40.0
6,BARREIRINHA,"RODOVIA BH1 NILO PEREIRA, S/N",LULA+EB,#27AE60,-2.35051,-58.83134,6,0.358,0.067,0.86,503,86.1,68,11.6,218,38.6,LULA+EB,0.425,positiva,81.8,12.2,37.8
7,BARREIRINHA,"RUA TERRA PRETA DO CASTANHAL, S/N",LULA+EB,#27AE60,-2.36392,-58.86369,6,0.381,0.034,0.88,536,88.4,62,10.2,209,35.4,LULA+EB,0.416,positiva,84.0,10.7,34.7
8,BARREIRINHA,"DISTRITO DE PEDRAS, RIO PARANÁ DO RAMOS, MARGEM ESQUERDA",LULA+EB,#27AE60,-2.37194,-58.86635,6,0.412,0.22,0.92,433,91.5,33,7.0,240,53.9,LULA+EB,0.632,positiva,87.0,7.3,52.9
9,BARREIRINHA,"DISTRITO DE PEDRAS, RIO PARANÁ DO RAMOS, MARGEM ESQUERDA",LULA+EB,#27AE60,-2.38634,-58.88067,6,0.398,0.245,0.9,427,90.1,39,8.2,254,56.4,LULA+EB,0.643,positiva,85.6,8.6,55.3
10,BARREIRINHA,"DISTRITO DE PEDRAS, RIO PARANÁ DO RAMOS, MARGEM ESQUERDA",LULA+EB,#27AE60,-2.36763,-58.89203,6,0.376,0.221,0.88,415,87.9,49,10.4,248,54.0,LULA+EB,0.597,positiva,83.5,10.9,52.9
11,BARREIRINHA,"DISTRITO DE PEDRAS, RIO PARANÁ DO RAMOS, MARGEM ESQUERDA",LULA+EB,#27AE60,-2.37382,-58.83088,6,0.353,0.191,0.86,398,85.6,60,12.9,228,51.0,LULA+EB,0.543,positiva,81.3,13.5,50.0
12,BARREIRINHA,"DISTRITO DE FREGUESIA DO ANDIRA, RIO ANDIRÁ, MARGEM DIREITA",LULA+EB,#27AE60,-2.41246,-58.89083,6,0.425,0.121,0.93,515,92.8,32,5.8,235,44.0,LULA+EB,0.545,positiva,88.2,6.1,43.1
13,BARREIRINHA,"DISTRITO DE FREGUESIA DO ANDIRA, RIO ANDIRÁ, MARGEM DIREITA",LULA+EB,#27AE60,-2.37878,-58.82117,6,0.421,0.084,0.92,486,92.4,31,5.9,208,40.3,LULA+EB,0.505,positiva,87.8,6.2,39.5
14,BARREIRINHA,"COM INDÍGENA PONTA ALEGRE, RIO ANDIRÁ, MARGEM DIREITA",LULA+EB,#27AE60,-2.39103,-58.86892,6,0.445,0.152,0.95,402,94.8,14,3.3,191,47.2,LULA+EB,0.597,positiva,90.1,3.5,46.2
15,BARREIRINHA,"COM INDÍGENA PONTA ALEGRE, RIO ANDIRÁ, MARGEM DIREITA",LULA+EB,#27AE60,-2.39315,-58.84368,6,0.46,0.194,0.96,391,96.3,8,2.0,198,51.3,LULA+EB,0.653,positiva,91.5,2.1,50.3
16,BARREIRINHA,"DISTRITO DO ARIAÚ, RIO ARIAÚ",LULA+EB,#27AE60,-2.41395,-58.90056,6,0.415,0.072,0.92,350,91.9,25,6.6,145,39.1,LULA+EB,0.487,positiva,87.3,6.9,38.3
17,BARREIRINHA,"DISTRITO DE CAMETÁ DO RAMOS, RIO PARANÁ DO RAMOS, MARGEM ESQUERDA",LULA+EB,#27AE60,-2.36079,-58.89283,6,0.393,-0.0,0.9,382,89.7,40,9.4,135,31.9,LULA+EB,0.393,positiva,85.2,9.9,31.3
18,BARREIRINHA,"DISTRITO DE CAMETÁ DO RAMOS, RIO PARANÁ DO RAMOS, MARGEM ESQUERDA",LULA+EB,#27AE60,-2.3855,-58.86147,6,0.421,0.061,0.92,416,92.4,30,6.7,166,38.1,LULA+EB,0.483,positiva,87.8,7.0,37.3
19,BARREIRINHA,"DISTRITO DE FREGUESIA DO ANDIRA, RIO ANDIRÁ, MARGEM DIREITA",LULA+EB,#27AE60,-2.38328,-58.86293,6,0.42,0.112,0.92,490,92.3,34,6.4,225,43.1,LULA+EB,0.531,positiva,87.7,6.7,42.2
20,BARREIRINHA,"DISTRITO DE BARREIRA DO ANDIRÁ, RIO PARANÁ DO RAMOS, MARGEM DIREITA",LULA+EB,#27AE60,-2.37489,-58.90643,6,0.43,0.116,0.93,445,93.3,29,6.1,202,43.5,LULA+EB,0.546,positiva,88.6,6.4,42.7
21,BARREIRINHA,"RODOVIA BH1 NILO PEREIRA, S/N",LULA+EB,#27AE60,-2.3707,-58.85956,6,0.351,0.04,0.85,516,85.4,75,12.4,212,35.9,LULA+EB,0.391,positiva,81.2,13.0,35.2
22,BARREIRINHA,"RODOVIA BH1 NILO PEREIRA, S/N",LULA+EB,#27AE60,-2.35215,-58.90416,6,0.331,0.026,0.83,504,83.4,81,13.4,201,34.5,LULA+EB,0.357,positiva,79.3,14.1,33.8
23,BARREIRINHA,"VILA DO LAGO PRETO DO RAMOS, LAGO PRETO DO RAMOS",LULA+EB,#27AE60,-2.40996,-58.87173,6,0.462,0.03,0.96,412,96.5,12,2.8,145,34.9,LULA+EB,0.492,positiva,91.7,3.0,34.2
24,BARREIRINHA,"VILA DE SANTA TEREZA DO MATUPIRY, RIO MATUPIRY, MARGEM ESQUERDA",LULA+EB,#27AE60,-2.38816,-58.86607,6,0.472,0.33,0.97,463,97.5,6,1.3,296,64.9,LULA+EB,0.801,positiva,92.6,1.3,63.6
25,BARREIRINHA,"VILA SAO JOAO DO MASSAUARY, RIO MASSAUARY, MARGEM DIREITA",LULA+EB,#27AE60,-2.37179,-58.86316,6,0.382,0.061,0.88,400,88.5,47,10.4,167,38.0,LULA+EB,0.443,positiva,84.1,10.9,37.3
26,BARREIRINHA,"DISTRITO DE TERRA PRETA DO LIMÃO, RIO PARANÁ DO RAMOS, MARGEM ESQUERDA",LULA+EB,#27AE60,-2.40196,-58.85085,6,0.38,0.089,0.88,440,88.4,51,10.2,197,40.8,LULA+EB,0.469,positiva,83.9,10.8,40.0
27,BARREIRINHA,"RUA SAO GERALDO, SN",LULA+EB,#27AE60,-2.3896,-58.89189,6,0.339,0.13,0.84,580,84.2,94,13.6,298,44.9,LULA+EB,0.468,positiva,80.0,14.3,44.0
28,BARREIRINHA,"RUA SAO GERALDO, SN",LULA+EB,#27AE60,-2.39086,-58.8603,6,0.375,0.113,0.88,571,87.8,60,9.2,276,43.2,LULA+EB,0.488,positiva,83.5,9.7,42.3
29,BARREIRINHA,"DISTRITO DE BARREIRA DO ANDIRÁ, RIO PARANÁ DO RAMOS, MARGEM DIREITA",LULA+EB,#27AE60,-2.38445,-58.83684,6,0.45,0.154,0.95,451,95.3,18,3.8,218,47.3,LULA+EB,0.604,positiva,90.6,4.0,46.3
31,BARREIRINHA,"VILA CANDIDA, RIO PARANÁ DO RAMOS, MARGEM ESQUERDA",LULA+EB,#27AE60,-2.41397,-58.82746,6,0.437,0.055,0.94,410,94.0,23,5.3,161,37.4,LULA+EB,0.492,positiva,89.3,5.5,36.7
32,BARREIRINHA,"VILA DO CRISTO REDENTOR, RIO PARANÁ DO RAMOS, MARGEM DIREITA",LULA+EB,#27AE60,-2.38765,-58.8649,6,0.466,0.142,0.97,535,96.9,7,1.3,247,46.1,LULA+EB,0.608,positiva,92.1,1.3,45.2
33,BARREIRINHA,"DISTRITO DO PIRAI, RIO ANDIRÁ, MARGEM ESQUERDA, ZONA RURAL",LULA+EB,#27AE60,-2.3927,-58.87489,6,0.409,0.156,0.91,661,91.2,60,8.3,341,47.5,LULA+EB,0.564,positiva,86.6,8.7,46.5
34,BARREIRINHA,"VILA DE SANTA VITORIA DO CUATA, RIO ANDIRÁ, MARGEM ESQUERDA",LULA+EB,#27AE60,-2.38781,-58.86783,6,0.46,0.21,0.96,344,96.4,9,2.5,180,52.9,LULA+EB,0.67,positiva,91.5,2.6,51.9
35,BARREIRINHA,"VILA BRASILIA, LAGO DO ESTÁCIO, MARGEM DIREITA",LULA+EB,#27AE60,-2.3767,-58.88923,6,0.415,0.166,0.92,413,91.8,27,6.0,211,48.5,LULA+EB,0.58,positiva,87.2,6.3,47.5
36,BARREIRINHA,"RUA SAO GERALDO, SN",LULA+EB,#27AE60,-2.34671,-58.8565,6,0.389,0.07,0.89,588,89.2,63,9.6,248,38.9,LULA+EB,0.459,positiva,84.8,10.0,38.2
37,BARREIRINHA,"DISTRITO DE PEDRAS, RIO PARANÁ DO RAMOS, MARGEM ESQUERDA",LULA+EB,#27AE60,-2.39673,-58.8666,6,0.382,0.215,0.89,403,88.6,45,9.9,234,53.4,LULA+EB,0.597,positiva,84.1,10.4,52.4
38,BARREIRINHA,"RODOVIA BH1 NILO PEREIRA, S/N",LULA+EB,#27AE60,-2.37935,-58.85359,6,0.385,0.097,0.89,542,88.9,52,8.5,247,41.7,LULA+EB,0.483,positiva,84.4,9.0,40.8
39,BARREIRINHA,"RODOVIA BH1 NILO PEREIRA, S/N",LULA+EB,#27AE60,-2.39078,-58.88394,6,0.349,0.036,0.85,520,85.2,71,11.6,210,35.5,LULA+EB,0.385,positiva,81.0,12.2,34.8
40,BARREIRINHA,"RUA SAO GERALDO, SN",LULA+EB,#27AE60,-2.38618,-58.86358,6,0.365,0.101,0.87,586,86.8,73,10.8,277,42.0,LULA+EB,0.466,positiva,82.5,11.4,41.2
41,BARREIRINHA,"DISTRITO DE TERRA PRETA DO LIMÃO, RIO PARANÁ DO RAMOS, MARGEM ESQUERDA",LULA+EB,#27AE60,-2.41321,-58.90221,6,0.392,0.112,0.9,429,89.6,40,8.4,202,43.2,LULA+EB,0.505,positiva,85.1,8.8,42.3
42,BARREIRINHA,"RUA SAO GERALDO, SN",LULA+EB,#27AE60,-2.41016,-58.87699,6,0.405,0.128,0.91,620,90.8,49,7.2,299,44.7,LULA+EB,0.532,positiva,86.2,7.5,43.8
43,BARREIRINHA,"COM INDÍGENA PONTA ALEGRE, RIO ANDIRÁ, MARGEM DIREITA",LULA+EB,#27AE60,-2.35972,-58.88645,6,0.441,0.166,0.94,376,94.5,14,3.5,183,48.5,LULA+EB,0.608,positiva,89.7,3.7,47.6
44,BARREIRINHA,"RODOVIA BH1 NILO PEREIRA, S/N",LULA+EB,#27AE60,-2.38678,-58.85445,6,0.354,-0.001,0.86,504,85.7,68,11.6,182,31.8,LULA+EB,0.353,positiva,81.4,12.1,31.2
45,BARREIRINHA,"RUA SAO GERALDO, SN",LULA+EB,#27AE60,-2.35826,-58.85906,6,0.414,0.124,0.92,600,91.7,42,6.4,282,44.3,LULA+EB,0.538,positiva,87.2,6.7,43.5
46,BARREIRINHA,"COM INDÍGENA PONTA ALEGRE, RIO ANDIRÁ, MARGEM DIREITA",LULA+EB,#27AE60,-2.39785,-58.84866,6,0.459,0.153,0.96,379,96.2,11,2.8,178,47.2,LULA+EB,0.612,positiva,91.4,2.9,46.3
47,BARREIRINHA,"RODOVIA BH1 NILO PEREIRA, S/N",LULA+EB,#27AE60,-2.41344,-58.86828,6,0.364,0.098,0.87,514,86.7,69,11.6,238,41.7,LULA+EB,0.461,positiva,82.3,12.2,40.8
49,BARREIRINHA,"DISTRITO DE CAMETÁ DO RAMOS, RIO PARANÁ DO RAMOS, MARGEM ESQUERDA",PURO_SWING,#F4D03F,-2.37153,-58.86493,6,0.363,-0.023,0.87,330,86.6,49,12.9,109,29.6,PURO_SWING,0.34,positiva,82.3,13.5,29.0
50,BARREIRINHA,"COM INDÍGENA PONTA ALEGRE, RIO ANDIRÁ, MARGEM DIREITA",LULA+EB,#27AE60,-2.41571,-58.85125,6,0.442,0.143,0.95,447,94.5,19,4.0,210,46.3,LULA+EB,0.585,positiva,89.8,4.2,45.3
51,BARREIRINHA,"VILA DO LAGO PRETO DO RAMOS, LAGO PRETO DO RAMOS",LULA+EB,#27AE60,-2.38434,-58.85748,6,0.436,0.073,0.94,374,94.0,21,5.3,153,39.2,LULA+EB,0.509,positiva,89.3,5.5,38.4
52,BARREIRINHA,"RODOVIA BH1 NILO PEREIRA, S/N",LULA+EB,#27AE60,-2.35914,-58.88709,6,0.373,0.07,0.88,530,87.6,58,9.6,232,38.9,LULA+EB,0.443,positiva,83.2,10.1,38.1
53,BARREIRINHA,"DISTRITO DO ARIAÚ, RIO ARIAÚ",LULA+EB,#27AE60,-2.40857,-58.85731,6,0.351,0.111,0.85,304,85.4,49,13.8,148,43.0,LULA+EB,0.462,positiva,81.1,14.5,42.2
54,BARREIRINHA,"RODOVIA BH1 NILO PEREIRA, S/N",LULA+EB,#27AE60,-2.39524,-58.8384,6,0.401,0.084,0.9,529,90.4,47,8.0,226,40.3,LULA+EB,0.485,positiva,85.9,8.4,39.5
55,BARREIRINHA,"RUA SAO GERALDO, SN",LULA+EB,#27AE60,-2.38799,-58.83155,6,0.369,0.125,0.87,544,87.2,62,9.9,273,44.5,LULA+EB,0.494,positiva,82.8,10.4,43.6
56,BARREIRINHA,"RUA TERRA PRETA DO CASTANHAL, S/N",LULA+EB,#27AE60,-2.38557,-58.89755,6,0.348,0.127,0.85,479,85.1,65,11.5,243,44.6,LULA+EB,0.474,positiva,80.8,12.1,43.7
57,BARREIRINHA,"COM INDÍGENA PONTA ALEGRE, RIO ANDIRÁ, MARGEM DIREITA",LULA+EB,#27AE60,-2.40317,-58.84803,6,0.436,0.142,0.94,446,93.9,19,4.0,211,46.2,LULA+EB,0.578,positiva,89.2,4.2,45.2
58,BARREIRINHA,"VILA DE SANTA TEREZA DO MATUPIRY, RIO MATUPIRY, MARGEM ESQUERDA",LULA+EB,#27AE60,-2.36206,-58.88566,6,0.48,0.233,0.98,414,98.3,4,1.0,227,55.2,LULA+EB,0.713,positiva,93.4,1.0,54.1
59,BARREIRINHA,"DISTRITO DE TERRA PRETA DO LIMÃO, RIO PARANÁ DO RAMOS, MARGEM ESQUERDA",LULA+EB,#27AE60,-2.40956,-58.8434,6,0.407,0.18,0.91,405,91.0,33,7.4,216,49.9,LULA+EB,0.586,positiva,86.5,7.8,48.9
60,BARREIRINHA,"RUA SAO GERALDO, SN",LULA+EB,#27AE60,-2.38931,-58.86298,6,0.357,0.11,0.86,550,86.1,73,11.4,263,43.0,LULA+EB,0.468,positiva,81.8,12.0,42.1
61,BARREIRINHA,"VILA BRASILIA, LAGO DO ESTÁCIO, MARGEM DIREITA",LULA+EB,#27AE60,-2.42008,-58.86203,6,0.433,0.141,0,321,93.6,11,3.2,152,46.1,LULA+EB,0.574,positiva,88.9,3.4,45.1
62,BARREIRINHA,"COM. SIMÃO, RIO ANDIRÁ, MARGEM ESQUERDA",LULA+EB,#27AE60,-2.40594,-58.90718,6,0.477,0.233,0,609,98.1,1,0.2,329,55.2,LULA+EB,0.71,positiva,93.2,0.2,54.1
63,BARREIRINHA,"COM. SIMÃO, RIO ANDIRÁ, MARGEM ESQUERDA",LULA+EB,#27AE60,-2.39615,-58.91695,6,0.475,0.222,0,494,97.8,1,0.2,263,54.1,LULA+EB,0.697,positiva,92.9,0.2,53.0
8,BENJAMIN CONSTANT,RUA MONSENHOR TOMAS,LULA+EB,#27AE60,-4.37428,-70.56404,6,0.271,0.15,0.77,407,77.4,98,18.6,243,46.9,LULA+EB,0.42,positiva,73.5,19.6,46.0
9,BENJAMIN CONSTANT,RUA MONSENHOR TOMAS,LULA+EB,#27AE60,-4.37923,-70.55563,6,0.219,0.162,0.72,379,72.2,135,25.7,248,48.2,LULA+EB,0.381,positiva,68.6,27.0,47.2
10,BENJAMIN CONSTANT,RUA MONSENHOR TOMAS,LULA+EB,#27AE60,-4.37301,-70.52512,6,0.261,0.111,0.76,403,76.5,107,20.3,221,43.0,LULA+EB,0.372,positiva,72.6,21.3,42.1
11,BENJAMIN CONSTANT,RUA MONSENHOR TOMAS,LULA+EB,#27AE60,-4.38378,-70.56221,6,0.192,0.087,0.7,372,69.5,133,24.9,211,40.7,LULA+EB,0.279,positiva,66.1,26.1,39.8
12,BENJAMIN CONSTANT,ESTRADA PRIMEIRO DE MAIO SN,LULA+EB,#27AE60,-4.37485,-70.55854,6,0.248,0.149,0.75,447,75.1,131,22.0,272,46.8,LULA+EB,0.397,positiva,71.4,23.1,45.9
13,BENJAMIN CONSTANT,ESTRADA PRIMEIRO DE MAIO SN,LULA+EB,#27AE60,-4.36814,-70.53621,6,0.273,0.182,0.78,257,77.6,63,19.0,162,50.2,LULA+EB,0.455,positiva,73.8,20.0,49.2
14,BENJAMIN CONSTANT,ESTRADA PRIMEIRO DE MAIO SN,LULA+EB,#27AE60,-4.37667,-70.58263,6,0.256,0.099,0.76,441,75.9,125,21.5,234,41.8,LULA+EB,0.354,positiva,72.1,22.6,40.9
15,BENJAMIN CONSTANT,RUA PORTUGAL,LULA+EB,#27AE60,-4.38606,-70.55491,6,0.225,0.17,0.73,439,72.8,146,24.2,285,48.9,LULA+EB,0.394,positiva,69.2,25.4,47.9
16,BENJAMIN CONSTANT,RUA SAO FRANCISCO 18,LULA+EB,#27AE60,-4.37028,-70.50724,6,0.318,0.07,0.82,400,82.1,79,16.2,185,38.9,LULA+EB,0.388,positiva,78.0,17.0,38.2
17,BENJAMIN CONSTANT,RUA SAO FRANCISCO 18,LULA+EB,#27AE60,-4.39337,-70.54504,6,0.319,0.117,0.82,403,82.2,80,16.3,209,43.6,LULA+EB,0.436,positiva,78.1,17.1,42.8
18,BENJAMIN CONSTANT,ESTRADA PRIMEIRO DE MAIO SN,LULA+EB,#27AE60,-4.38851,-70.54693,6,0.262,0.136,0.76,449,76.5,118,20.1,257,45.5,LULA+EB,0.397,positiva,72.7,21.1,44.6
19,BENJAMIN CONSTANT,"RUA 13 DE MAIO, 813, COIMBRA",LULA+EB,#27AE60,-4.35733,-70.56595,6,0.268,0.147,0.77,417,77.1,108,20.0,245,46.7,LULA+EB,0.415,positiva,73.2,21.0,45.7
20,BENJAMIN CONSTANT,"RUA 13 DE MAIO, 813, COIMBRA",LULA+EB,#27AE60,-4.40228,-70.58267,6,0.25,0.143,0.75,397,75.3,119,22.6,239,46.2,LULA+EB,0.393,positiva,71.6,23.7,45.3
21,BENJAMIN CONSTANT,"RUA 13 DE MAIO, 813, COIMBRA",LULA+EB,#27AE60,-4.37992,-70.5549,6,0.256,0.234,0.76,378,75.9,110,22.1,269,55.3,LULA+EB,0.49,positiva,72.1,23.2,54.2
22,BENJAMIN CONSTANT,COMUNIDADE INDÍGENA FILADÉLFIA,LULA+EB,#27AE60,-4.42275,-70.53269,6,0.389,0.218,0.89,446,89.2,52,10.4,261,53.7,LULA+EB,0.607,positiva,84.7,10.9,52.6
23,BENJAMIN CONSTANT,COMUNIDADE INDÍGENA FILADÉLFIA,LULA+EB,#27AE60,-4.41153,-70.55513,6,0.395,0.169,0.9,452,89.9,51,10.1,236,48.9,LULA+EB,0.565,positiva,85.4,10.6,47.9
24,BENJAMIN CONSTANT,COMUNIDADE NOVO ORIENTE,LULA+EB,#27AE60,-4.35824,-70.58571,6,0.41,0.098,0.91,400,91.3,25,5.7,173,41.7,LULA+EB,0.508,positiva,86.8,6.0,40.9
25,BENJAMIN CONSTANT,COMUNIDADE DE CAPACETE,LULA+EB,#27AE60,-4.39012,-70.57727,6,0.313,0.017,0.82,182,81.6,39,17.5,73,33.6,LULA+EB,0.33,positiva,77.5,18.4,33.0
26,BENJAMIN CONSTANT,COMUNIDADE PROSPERIDADE II,LULA+EB,#27AE60,-4.3571,-70.51777,6,0.371,0.244,0.87,478,87.4,58,10.6,304,56.3,LULA+EB,0.614,positiva,83.0,11.1,55.2
27,BENJAMIN CONSTANT,COMUNIDADE SANTA LUZIA,LULA+EB,#27AE60,-4.39379,-70.57032,6,0.396,0.239,0.9,393,89.9,39,8.9,234,55.8,LULA+EB,0.635,positiva,85.4,9.4,54.7
52,BENJAMIN CONSTANT,COMUNIDADE INDIGENA FEIJOAL,LULA+EB,#27AE60,-4.37757,-70.58232,6,0.48,0.063,0.98,539,98.4,5,0.9,207,38.2,LULA+EB,0.543,positiva,93.4,1.0,37.4
53,BENJAMIN CONSTANT,COMUNIDADE INDIGENA FEIJOAL,LULA+EB,#27AE60,-4.39829,-70.58253,6,0.457,0.099,0.96,535,96.1,18,3.2,228,41.8,LULA+EB,0.556,positiva,91.2,3.4,41.0
54,BENJAMIN CONSTANT,RUA SAO FRANCISCO 18,LULA+EB,#27AE60,-4.33749,-70.53877,6,0.317,0.017,0.82,421,82.1,83,16.2,169,33.6,LULA+EB,0.334,positiva,78.0,17.0,32.9
55,BENJAMIN CONSTANT,"RUA 13 DE MAIO, 813, COIMBRA",LULA+EB,#27AE60,-4.38536,-70.55092,6,0.244,0.13,0.75,403,74.8,120,22.3,237,44.9,LULA+EB,0.374,positiva,71.0,23.4,44.0
56,BENJAMIN CONSTANT,COMUNIDADE NOVO ORIENTE,LULA+EB,#27AE60,-4.37764,-70.57528,6,0.445,0.098,0.95,436,94.8,19,4.1,187,41.7,LULA+EB,0.543,positiva,90.0,4.3,40.9
58,BENJAMIN CONSTANT,COMUNIDADE INDÍGENA FILADÉLFIA,LULA+EB,#27AE60,-4.38004,-70.55869,6,0.416,0.12,0.92,433,91.9,37,7.9,199,43.9,LULA+EB,0.536,positiva,87.3,8.2,43.1
59,BENJAMIN CONSTANT,RUA MONSENHOR TOMAS,LULA+EB,#27AE60,-4.3464,-70.5356,6,0.276,0.099,0.78,421,78.0,106,19.6,223,41.8,LULA+EB,0.376,positiva,74.1,20.6,41.0
62,BENJAMIN CONSTANT,COMUNIDADE INDÍGENA NOVO PORTO LIMA,LULA+EB,#27AE60,-4.40076,-70.54973,6,0.463,0.328,0.97,657,96.6,19,2.8,433,64.7,LULA+EB,0.791,positiva,91.8,2.9,63.4
63,BENJAMIN CONSTANT,RUA PORTUGAL,LULA+EB,#27AE60,-4.38039,-70.5306,6,0.264,0.159,0.77,431,76.7,117,20.8,259,47.8,LULA+EB,0.422,positiva,72.9,21.9,46.8
64,BENJAMIN CONSTANT,"RUA 13 DE MAIO, 813, COIMBRA",LULA+EB,#27AE60,-4.37469,-70.60975,6,0.25,0.131,0.75,406,75.3,117,21.7,239,45.0,LULA+EB,0.381,positiva,71.6,22.8,44.1
65,BENJAMIN CONSTANT,RUA SAO FRANCISCO 18,LULA+EB,#27AE60,-4.39832,-70.55305,6,0.309,0.05,0.81,410,81.2,85,16.8,180,37.0,LULA+EB,0.359,positiva,77.1,17.7,36.2
66,BENJAMIN CONSTANT,ESTRADA DE BOM JARDIM SN,LULA+EB,#27AE60,-4.40116,-70.56492,6,0.338,0.14,0.84,418,84.1,73,14.7,218,45.9,LULA+EB,0.477,positiva,79.9,15.4,45.0
67,BENJAMIN CONSTANT,COMUNIDADE INDIGENA FEIJOAL,LULA+EB,#27AE60,-4.36063,-70.55141,6,0.474,0.051,0.98,560,97.7,5,0.9,206,37.1,LULA+EB,0.525,positiva,92.8,0.9,36.3
68,BENJAMIN CONSTANT,COMUNIDADE INDIGENA FEIJOAL,LULA+EB,#27AE60,-4.34536,-70.59051,6,0.483,0.043,0.99,558,98.6,6,1.1,199,36.2,LULA+EB,0.526,positiva,93.7,1.1,35.5
69,BENJAMIN CONSTANT,COMUNIDADE INDÍGENA DE PORTO CORDEIRINHO,LULA+EB,#27AE60,-4.36308,-70.55471,6,0.436,0.157,0,355,93.9,22,5.8,174,47.7,LULA+EB,0.593,positiva,89.2,6.1,46.7
70,BENJAMIN CONSTANT,RUA PORTUGAL,LULA+EB,#27AE60,-4.40261,-70.60127,6,0.271,0.139,0.77,471,77.5,125,20.6,272,45.9,LULA+EB,0.411,positiva,73.6,21.6,45.0
72,BENJAMIN CONSTANT,RUA MONSENHOR TOMAS,LULA+EB,#27AE60,-4.4227,-70.56264,6,0.217,0.112,0.72,397,72.1,143,26.0,231,43.2,LULA+EB,0.33,positiva,68.4,27.3,42.3
75,BENJAMIN CONSTANT,RUA SAO FRANCISCO 18,LULA+EB,#27AE60,-4.3602,-70.54648,6,0.327,0.078,0.83,429,83.0,78,15.1,196,39.8,LULA+EB,0.405,positiva,78.8,15.8,39.0
76,BENJAMIN CONSTANT,"RUA 13 DE MAIO, 813, COIMBRA",LULA+EB,#27AE60,-4.39122,-70.51312,6,0.275,0.14,0.78,411,77.8,104,19.7,237,45.9,LULA+EB,0.415,positiva,73.9,20.7,45.0
77,BENJAMIN CONSTANT,RUA MONSENHOR TOMAS,LULA+EB,#27AE60,-4.39613,-70.61025,6,0.214,0.122,0.72,381,71.8,136,25.6,231,44.2,LULA+EB,0.337,positiva,68.2,26.9,43.3
79,BENJAMIN CONSTANT,COMUNIDADE INDÍGENA DE PORTO CORDEIRINHO,LULA+EB,#27AE60,-4.39264,-70.54134,6,0.439,0.109,0.94,359,94.2,19,5.0,158,42.8,LULA+EB,0.548,positiva,89.5,5.2,42.0
81,BENJAMIN CONSTANT,ESTRADA DE BOM JARDIM SN,LULA+EB,#27AE60,-4.34143,-70.53057,6,0.324,0.064,0.83,435,82.7,84,16.0,198,38.3,LULA+EB,0.387,positiva,78.6,16.8,37.5
82,BENJAMIN CONSTANT,COMUNIDADE INDÍGENA FILADÉLFIA,LULA+EB,#27AE60,-4.33432,-70.55498,6,0.361,0.251,0.86,413,86.4,58,12.1,267,57.1,LULA+EB,0.612,positiva,82.1,12.7,55.9
83,BENJAMIN CONSTANT,COMUNIDADE INDÍGENA DE PORTO CORDEIRINHO,LULA+EB,#27AE60,-4.34676,-70.55237,6,0.462,0.127,0.96,358,96.5,13,3.5,163,44.7,LULA+EB,0.589,positiva,91.7,3.7,43.8
85,BENJAMIN CONSTANT,AV CASTELO BRANCO,LULA+EB,#27AE60,-4.39835,-70.52957,6,0.291,0.293,0.79,266,79.4,60,17.9,196,61.3,LULA+EB,0.584,positiva,75.4,18.8,60.0
86,BENJAMIN CONSTANT,RUA PORTUGAL,LULA+EB,#27AE60,-4.37919,-70.55519,6,0.205,0.149,0.71,423,70.9,156,26.1,276,46.9,LULA+EB,0.355,positiva,67.3,27.4,45.9
87,BENJAMIN CONSTANT,COMUNIDADE INDÍGENA GUANABARA II,LULA+EB,#27AE60,-4.3672,-70.54748,6,0.458,0.185,0.96,394,96.1,12,2.9,199,50.4,LULA+EB,0.642,positiva,91.3,3.1,49.4
88,BENJAMIN CONSTANT,COMUNIDADE INDÍGENA BOM CAMINHO,LULA+EB,#27AE60,-4.43213,-70.55094,6,0.48,0.219,0.98,759,98.3,10,1.3,402,53.8,LULA+EB,0.699,positiva,93.4,1.4,52.7
89,BENJAMIN CONSTANT,COMUNIDADE INDIGENA PORTO ESPIRITUAL,LULA+EB,#27AE60,-4.39648,-70.52459,6,0.473,0.358,0.98,525,97.6,10,1.9,357,67.7,LULA+EB,0.831,positiva,92.7,2.0,66.4
90,BENJAMIN CONSTANT,COMUNIDADE RURAL SÃO JOSÉ,LULA+EB,#27AE60,-4.37508,-70.56454,6,0.338,0.227,0.84,122,84.1,16,11.0,76,54.7,LULA+EB,0.566,positiva,79.9,11.6,53.6
91,BENJAMIN CONSTANT,RUA PRIMEIRO DE MAIO S/N,LULA+EB,#27AE60,-4.36339,-70.57218,6,0.151,0.158,0.65,364,65.5,173,31.1,259,47.7,LULA+EB,0.309,positiva,62.2,32.7,46.7
92,BENJAMIN CONSTANT,"RUA ELIZIO ATAIDE, 441",LULA+EB,#27AE60,-4.34918,-70.54752,6,0.204,0.168,0.71,334,70.8,123,26.1,224,48.7,LULA+EB,0.372,positiva,67.2,27.4,47.7
93,BENJAMIN CONSTANT,AV 21 DE ABRIL 110,LULA+EB,#27AE60,-4.37944,-70.55876,6,0.318,0.083,0.82,381,82.1,76,16.4,179,40.2,LULA+EB,0.401,positiva,78.0,17.2,39.4
94,BENJAMIN CONSTANT,COMUNIDADE BOM PASTOR II,LULA+EB,#27AE60,-4.39659,-70.52793,6,0.167,0.188,0.67,185,67.0,90,32.6,137,50.7,LULA+EB,0.355,positiva,63.7,34.2,49.7
95,BENJAMIN CONSTANT,COMUNIDADE INDIGENA FEIJOAL,LULA+EB,#27AE60,-4.36513,-70.54239,6,0.476,0.097,0.98,559,97.9,10,1.8,230,41.6,LULA+EB,0.572,positiva,93.0,1.8,40.8
96,BENJAMIN CONSTANT,COMUNIDADE INDIGENA PORTO ALEGRE,LULA+EB,#27AE60,-4.37428,-70.52996,6,0.485,0.464,0.99,339,98.8,3,0.9,264,78.3,LULA+EB,0.949,positiva,93.9,0.9,76.8
97,BENJAMIN CONSTANT,"RUA ELIZIO ATAIDE, 441",LULA+EB,#27AE60,-4.33428,-70.57167,6,0.229,0.161,0.73,334,73.2,108,23.7,212,48.1,LULA+EB,0.391,positiva,69.6,24.9,47.1
98,BENJAMIN CONSTANT,RUA PORTUGAL,LULA+EB,#27AE60,-4.36744,-70.5472,6,0.216,0.152,0.72,440,71.9,155,25.3,279,47.1,LULA+EB,0.368,positiva,68.3,26.6,46.2
99,BENJAMIN CONSTANT,COMUNIDADE INDÍGENA GUANABARA II,LULA+EB,#27AE60,-4.39015,-70.57625,6,0.429,0.258,0.93,374,93.3,24,6.0,229,57.7,LULA+EB,0.687,positiva,88.6,6.3,56.5
100,BENJAMIN CONSTANT,AV 21 DE ABRIL 110,LULA+EB,#27AE60,-4.32886,-70.56721,6,0.28,0.069,0.78,379,78.3,96,19.8,182,38.8,LULA+EB,0.349,positiva,74.4,20.8,38.0
101,BENJAMIN CONSTANT,ESTRADA DE BOM JARDIM SN,LULA+EB,#27AE60,-4.38471,-70.50656,6,0.349,0.106,0.85,437,85.2,67,13.1,210,42.5,LULA+EB,0.454,positiva,80.9,13.7,41.7
102,BENJAMIN CONSTANT,AV CASTELO BRANCO,LULA+EB,#27AE60,-4.40065,-70.5797,6,0.266,0.21,0.77,324,77.0,85,20.2,218,52.9,LULA+EB,0.476,positiva,73.1,21.2,51.9
103,BENJAMIN CONSTANT,RUA PORTUGAL,LULA+EB,#27AE60,-4.37652,-70.55205,6,0.217,0.125,0.72,436,72.1,152,25.1,258,44.4,LULA+EB,0.342,positiva,68.5,26.4,43.5
104,BENJAMIN CONSTANT,"RUA ELIZIO ATAIDE, 441",LULA+EB,#27AE60,-4.37502,-70.56543,6,0.255,0.196,0,226,75.8,67,22.5,151,51.5,LULA+EB,0.451,positiva,72.0,23.6,50.5
105,BENJAMIN CONSTANT,AV 21 DE ABRIL 110,LULA+EB,#27AE60,-4.36751,-70.58895,6,0.289,0.052,0,365,79.2,90,19.5,168,37.2,LULA+EB,0.341,positiva,75.2,20.5,36.4
107,BENJAMIN CONSTANT,COM. INDÍGENA SÃO LEOPOLDO,LULA+EB,#27AE60,-4.37426,-70.55573,6,0.481,0.208,0,492,98.4,4,0.8,250,52.7,LULA+EB,0.689,positiva,93.5,0.8,51.7
1,BERURI,RUA VICENTE GOMES N 104,DIFÍCIL,#E74C3C,-3.89476,-61.2709,6,0.11,-0.158,0.61,314,61.3,181,35.4,79,16.1,DIFÍCIL,-0.048,positiva,58.3,37.1,15.8
2,BERURI,RUA VICENTE GOMES N 104,DIFÍCIL,#E74C3C,-3.8764,-61.27231,6,0.173,-0.131,0.68,365,67.6,167,30.9,99,18.8,DIFÍCIL,0.041,positiva,64.2,32.5,18.4
3,BERURI,RUA VICENTE GOMES N 104,DIFÍCIL,#E74C3C,-3.88695,-61.2559,6,0.13,-0.142,0.63,326,63.3,173,33.6,90,17.8,DIFÍCIL,-0.012,positiva,60.1,35.3,17.4
4,BERURI,RUA VICENTE GOMES N 104,DIFÍCIL,#E74C3C,-3.87569,-61.28145,6,0.164,-0.143,0.67,361,66.7,169,31.2,92,17.6,DIFÍCIL,0.021,positiva,63.4,32.8,17.2
5,BERURI,R COSTA E SILVA 241,DIFÍCIL,#E74C3C,-3.85074,-61.31965,6,0.138,-0.117,0.64,343,64.1,181,33.8,104,20.2,DIFÍCIL,0.021,positiva,60.9,35.5,19.8
6,BERURI,R COSTA E SILVA 241,DIFÍCIL,#E74C3C,-3.90455,-61.30374,6,0.112,-0.076,0.62,349,61.6,209,36.9,133,24.3,DIFÍCIL,0.036,positiva,58.5,38.7,23.8
7,BERURI,AVENIDA CASTELO BRANCO S/N,DIFÍCIL,#E74C3C,-3.84953,-61.2537,6,0.059,-0.174,0.56,291,56.2,219,42.3,74,14.5,DIFÍCIL,-0.116,positiva,53.4,44.4,14.2
8,BERURI,AVENIDA CASTELO BRANCO S/N,DIFÍCIL,#E74C3C,-3.83261,-61.29538,6,0.033,-0.153,0.54,261,53.6,212,43.5,78,16.6,DIFÍCIL,-0.12,positiva,50.9,45.7,16.3
9,BERURI,VILA DE ARUMA,DIFÍCIL,#E74C3C,-3.87211,-61.29156,6,0.277,-0.212,0.78,365,78.0,93,19.9,48,10.8,DIFÍCIL,0.065,positiva,74.1,20.9,10.5
10,BERURI,VILA DE ARUMA,DIFÍCIL,#E74C3C,-3.85482,-61.2408,6,0.231,-0.218,0.73,378,73.4,123,23.9,49,10.1,DIFÍCIL,0.012,positiva,69.7,25.1,9.9
11,BERURI,VILA DE ITAPURU,LULA+EB,#27AE60,-3.8856,-61.25237,6,0.278,0.05,0.78,325,78.1,84,20.2,151,36.9,LULA+EB,0.328,positiva,74.2,21.2,36.2
12,BERURI,VILA DE PARICATUBA,DIFÍCIL,#E74C3C,-3.86618,-61.29696,6,0.056,-0.214,0.56,170,55.9,126,41.4,30,10.6,DIFÍCIL,-0.158,positiva,53.1,43.5,10.4
13,BERURI,VILA DE PARICATUBA,DIFÍCIL,#E74C3C,-3.86727,-61.28024,6,0.044,-0.196,0.55,179,54.7,141,43.1,38,12.3,DIFÍCIL,-0.152,positiva,52.0,45.3,12.1
14,BERURI,"RUA JERICÓ, S/N",DIFÍCIL,#E74C3C,-3.9191,-61.26459,6,0.088,-0.142,0.59,350,59.1,229,38.7,103,17.7,DIFÍCIL,-0.054,positiva,56.2,40.6,17.4
15,BERURI,"RUA JERICÓ, S/N",DIFÍCIL,#E74C3C,-3.84409,-61.26953,6,0.062,-0.139,0.57,332,56.6,236,40.2,102,18.1,DIFÍCIL,-0.076,positiva,53.7,42.2,17.7
16,BERURI,VILA DE ITAPURU,PURO_SWING,#F4D03F,-3.85944,-61.30455,6,0.272,-0.028,0.78,314,77.5,83,20.5,115,29.1,PURO_SWING,0.244,positiva,73.7,21.5,28.5
17,BERURI,"RUA JERICÓ, S/N",DIFÍCIL,#E74C3C,-3.8633,-61.26181,6,0.124,-0.175,0.63,370,62.7,211,35.8,81,14.4,DIFÍCIL,-0.051,positiva,59.6,37.6,14.1
18,BERURI,"RUA JERICÓ, S/N",DIFÍCIL,#E74C3C,-3.82781,-61.2748,6,0.137,-0.141,0.64,374,64.0,195,33.4,100,17.8,DIFÍCIL,-0.004,positiva,60.8,35.1,17.5
19,BERURI,"RUA JERICÓ, S/N",DIFÍCIL,#E74C3C,-3.91485,-61.29214,6,0.083,-0.146,0.59,345,58.6,228,38.7,100,17.4,DIFÍCIL,-0.063,positiva,55.6,40.6,17.0
20,BERURI,VILA DE ARUMA,DIFÍCIL,#E74C3C,-3.87241,-61.29116,6,0.218,-0.19,0.72,347,72.1,126,26.2,61,13.0,DIFÍCIL,0.028,positiva,68.5,27.5,12.7
21,BERURI,VILA DE PARICATUBA,DIFÍCIL,#E74C3C,-3.90545,-61.294,6,0.085,-0.218,0.59,184,58.8,119,38.0,30,10.1,DIFÍCIL,-0.133,positiva,55.8,39.9,9.9
22,BERURI,"RUA JERICÓ, S/N",DIFÍCIL,#E74C3C,-3.92277,-61.2751,6,0.099,-0.139,0.6,372,60.2,229,37.1,108,18.1,DIFÍCIL,-0.04,positiva,57.2,38.9,17.7
23,BERURI,"RUA JERICÓ, S/N",DIFÍCIL,#E74C3C,-3.87284,-61.2905,6,0.1,-0.135,0.6,362,60.3,222,37.0,106,18.5,DIFÍCIL,-0.035,positiva,57.3,38.8,18.1
24,BERURI,"RUA JERICÓ, S/N",DIFÍCIL,#E74C3C,-3.89161,-61.2427,6,0.139,-0.124,0.64,387,64.2,198,32.8,116,19.5,DIFÍCIL,0.015,positiva,61.0,34.5,19.1
25,BERURI,RUA VICENTE GOMES N 104,DIFÍCIL,#E74C3C,-3.86052,-61.29374,6,0.13,-0.165,0.63,335,63.3,180,34.0,80,15.5,DIFÍCIL,-0.035,positiva,60.2,35.7,15.2
27,BERURI,RUA VICENTE GOMES N 104,DIFÍCIL,#E74C3C,-3.82839,-61.30484,6,0.087,-0.171,0.59,316,59.1,212,39.6,76,14.8,DIFÍCIL,-0.084,positiva,56.1,41.6,14.5
28,BERURI,AVENIDA CASTELO BRANCO S/N,DIFÍCIL,#E74C3C,-3.90602,-61.29048,6,0.067,-0.141,0.57,253,57.0,181,40.8,76,17.8,DIFÍCIL,-0.074,positiva,54.1,42.8,17.5
29,BERURI,"RUA JERICÓ, S/N",DIFÍCIL,#E74C3C,-3.8484,-61.29175,6,0.066,-0.116,0.57,332,56.9,242,41.5,116,20.4,DIFÍCIL,-0.05,positiva,54.1,43.6,19.9
30,BERURI,R COSTA E SILVA 241,DIFÍCIL,#E74C3C,-3.84793,-61.25172,6,0.135,-0.14,0.64,350,63.9,182,33.2,95,17.9,DIFÍCIL,-0.005,positiva,60.7,34.9,17.6
31,BERURI,RUA VICENTE GOMES N 104,DIFÍCIL,#E74C3C,-3.84762,-61.27089,6,0.077,-0.131,0.58,299,58.1,208,40.4,94,18.8,DIFÍCIL,-0.054,positiva,55.2,42.4,18.5
32,BERURI,RUA VICENTE GOMES N 104,DIFÍCIL,#E74C3C,-3.86962,-61.2577,6,0.062,-0.163,0.57,294,56.5,220,42.3,80,15.6,DIFÍCIL,-0.101,positiva,53.7,44.4,15.3
33,BERURI,COMUNIDADE BELA VISTA,DIFÍCIL,#E74C3C,-3.90978,-61.2926,6,0.173,-0.174,0.68,370,67.6,167,30.5,77,14.5,DIFÍCIL,-0.001,positiva,64.3,32.1,14.2
34,BERURI,COMUNIDADE BELA VISTA,DIFÍCIL,#E74C3C,-3.85757,-61.25811,6,0.158,-0.186,0.66,312,66.1,155,32.8,61,13.3,DIFÍCIL,-0.028,positiva,62.8,34.5,13.1
35,BERURI,R COSTA E SILVA 241,DIFÍCIL,#E74C3C,-3.85966,-61.34267,6,0.085,-0.129,0.59,322,58.9,216,39.5,99,19.0,DIFÍCIL,-0.044,positiva,55.9,41.5,18.6
36,BERURI,RUA VICENTE GOMES N 104,DIFÍCIL,#E74C3C,-3.91457,-61.27614,6,0.124,-0.124,0,263,62.8,152,36.3,79,19.5,DIFÍCIL,0.0,positiva,59.6,38.1,19.1
37,BERURI,R COSTA E SILVA 241,DIFÍCIL,#E74C3C,-3.88998,-61.30455,6,0.154,-0.123,0,270,65.7,129,31.4,78,19.6,DIFÍCIL,0.031,positiva,62.4,33.0,19.3
38,BERURI,AVENIDA CASTELO BRANCO S/N,DIFÍCIL,#E74C3C,-3.85848,-61.31304,6,0.148,-0.129,0,267,65.1,130,31.7,74,19.1,DIFÍCIL,0.019,positiva,61.9,33.3,18.7
39,BERURI,"RUA JERICÓ, S/N",DIFÍCIL,#E74C3C,-3.88909,-61.29527,6,-0.016,-0.107,0,57,48.7,57,48.7,24,21.2,DIFÍCIL,-0.123,estável,46.3,51.2,20.8
121,BOA VISTA DO RAMOS,COMUNIDADE DO SANTO ANTONIO DO LAGO PRETO DO RAMOS,LULA+EB,#27AE60,-2.84622,-59.79721,6,0.426,0.007,0.93,340,92.9,22,6.0,116,32.7,LULA+EB,0.433,positiva,88.3,6.3,32.0
124,BOA VISTA DO RAMOS,COMUNIDADE SAO RAIMUNDO DO TARACUA,LULA+EB,#27AE60,-2.81007,-59.75827,6,0.453,0.139,0.96,713,95.6,26,3.5,336,45.8,LULA+EB,0.592,positiva,90.8,3.7,44.9
125,BOA VISTA DO RAMOS,COMUNIDADE MENINO DEUS DO CURUCA,LULA+EB,#27AE60,-2.78051,-59.7827,6,0.436,0.018,0.94,383,93.9,18,4.4,135,33.8,LULA+EB,0.454,positiva,89.2,4.6,33.1
126,BOA VISTA DO RAMOS,COMUNIDADE MENINO DEUS DO CURUCA,LULA+EB,#27AE60,-2.83768,-59.73376,6,0.441,-0.001,0.94,392,94.5,21,5.1,131,31.9,LULA+EB,0.441,positiva,89.7,5.3,31.2
127,BOA VISTA DO RAMOS,COMUNIDADE UNIAO DO RIO URUBU,DIFÍCIL,#E74C3C,-2.81488,-59.75157,6,0.449,-0.09,0.95,561,95.2,24,4.1,132,23.0,DIFÍCIL,0.36,positiva,90.5,4.3,22.5
128,BOA VISTA DO RAMOS,COMUNIDADE DE VILA FATIMA DO IGARAPE ACU,LULA+EB,#27AE60,-2.794,-59.74136,6,0.436,0.054,0.94,249,94.0,12,4.5,96,37.4,LULA+EB,0.491,positiva,89.3,4.8,36.6
129,BOA VISTA DO RAMOS,COMUNIDADE CRISTO BOM PASTOR DO PARI,LULA+EB,#27AE60,-2.80837,-59.76117,6,0.418,0.035,0.92,609,92.1,37,5.6,230,35.4,LULA+EB,0.453,positiva,87.5,5.9,34.7
130,BOA VISTA DO RAMOS,COMUNIDADE REPUBLICA DE SAO BENEDITO,LULA+EB,#27AE60,-2.82337,-59.77431,6,0.416,0.135,0.92,693,91.9,53,7.0,333,45.4,LULA+EB,0.551,positiva,87.3,7.4,44.5
132,BOA VISTA DO RAMOS,COMUNIDADE N. S. DO PERPETUO SOCORRO DA ENSEADA,LULA+EB,#27AE60,-2.80501,-59.73559,6,0.476,0.061,0.98,467,97.9,10,2.1,176,38.0,LULA+EB,0.537,positiva,93.0,2.2,37.3
133,BOA VISTA DO RAMOS,COMUNIDADE SAGRADO CORACAO DE JESUS DO LAGO PRETO,LULA+EB,#27AE60,-2.80673,-59.75447,6,0.383,0.115,0.89,450,88.6,49,9.6,212,43.4,LULA+EB,0.498,positiva,84.2,10.1,42.6
134,BOA VISTA DO RAMOS,COMUNIDADE DE VILA MANAUS,LULA+EB,#27AE60,-2.85942,-59.76404,6,0.454,0.131,0.96,563,95.7,21,3.6,257,45.0,LULA+EB,0.585,positiva,91.0,3.8,44.1
135,BOA VISTA DO RAMOS,RUA PADRE GABRIEL S/N,LULA+EB,#27AE60,-2.81915,-59.71227,6,0.35,0.107,0.85,517,85.3,79,13.0,249,42.6,LULA+EB,0.457,positiva,81.0,13.7,41.8
136,BOA VISTA DO RAMOS,RUA PADRE GABRIEL S/N,LULA+EB,#27AE60,-2.80871,-59.74818,6,0.345,0.101,0.85,518,84.8,80,13.1,244,42.0,LULA+EB,0.445,positiva,80.5,13.7,41.2
137,BOA VISTA DO RAMOS,RUA PADRE GABRIEL S/N,LULA+EB,#27AE60,-2.77805,-59.76222,6,0.338,0.139,0.84,537,84.2,83,13.0,279,45.8,LULA+EB,0.477,positiva,80.0,13.7,44.9
138,BOA VISTA DO RAMOS,RUA PADRE GABRIEL S/N,LULA+EB,#27AE60,-2.80067,-59.76209,6,0.358,0.118,0.86,563,86.1,78,11.9,274,43.7,LULA+EB,0.475,positiva,81.8,12.5,42.8
139,BOA VISTA DO RAMOS,RUA PADRE GABRIEL S/N,LULA+EB,#27AE60,-2.8085,-59.75717,6,0.333,0.076,0.84,507,83.7,89,14.7,233,39.5,LULA+EB,0.409,positiva,79.5,15.4,38.7
140,BOA VISTA DO RAMOS,RUA PADRE GABRIEL S/N,LULA+EB,#27AE60,-2.78814,-59.77124,6,0.336,0.101,0.84,505,83.9,85,14.1,246,42.0,LULA+EB,0.436,positiva,79.7,14.8,41.1
141,BOA VISTA DO RAMOS,RUA PADRE GABRIEL S/N,LULA+EB,#27AE60,-2.81162,-59.75859,6,0.363,0.112,0.87,510,86.6,68,11.5,245,43.1,LULA+EB,0.475,positiva,82.3,12.1,42.3
142,BOA VISTA DO RAMOS,RUA PADRE GABRIEL S/N,LULA+EB,#27AE60,-2.78381,-59.73948,6,0.372,0.137,0.88,507,87.6,60,10.4,258,45.6,LULA+EB,0.509,positiva,83.2,10.9,44.7
143,BOA VISTA DO RAMOS,RUA PADRE GABRIEL S/N,LULA+EB,#27AE60,-2.80754,-59.74441,6,0.341,0.13,0.84,519,84.4,83,13.5,268,45.0,LULA+EB,0.471,positiva,80.2,14.2,44.1
144,BOA VISTA DO RAMOS,RUA DA INSTALAÇÃO,LULA+EB,#27AE60,-2.81414,-59.7547,6,0.314,0.127,0.82,483,81.7,93,15.7,253,44.6,LULA+EB,0.441,positiva,77.6,16.5,43.7
145,BOA VISTA DO RAMOS,RUA DA INSTALAÇÃO,LULA+EB,#27AE60,-2.7677,-59.7332,6,0.331,0.08,0.83,508,83.4,94,15.4,233,40.0,LULA+EB,0.411,positiva,79.2,16.2,39.2
146,BOA VISTA DO RAMOS,RUA DA INSTALAÇÃO,LULA+EB,#27AE60,-2.81873,-59.76451,6,0.386,0.126,0.89,539,88.9,55,9.1,260,44.5,LULA+EB,0.512,positiva,84.5,9.5,43.6
147,BOA VISTA DO RAMOS,RUA DA INSTALAÇÃO,LULA+EB,#27AE60,-2.80663,-59.76404,6,0.351,0.139,0.85,511,85.5,74,12.4,267,45.8,LULA+EB,0.49,positiva,81.2,13.0,44.9
148,BOA VISTA DO RAMOS,RUA DA INSTALAÇÃO,LULA+EB,#27AE60,-2.7739,-59.72767,6,0.302,0.076,0.8,487,80.5,111,18.3,231,39.6,LULA+EB,0.378,positiva,76.5,19.3,38.8
149,BOA VISTA DO RAMOS,RUA DA INSTALAÇÃO,LULA+EB,#27AE60,-2.83517,-59.75362,6,0.318,0.108,0.82,487,82.1,96,16.2,242,42.8,LULA+EB,0.426,positiva,78.0,17.0,41.9
150,BOA VISTA DO RAMOS,RUA DA INSTALAÇÃO,LULA+EB,#27AE60,-2.8102,-59.75914,6,0.303,0.05,0.81,505,80.7,100,16.0,224,37.0,LULA+EB,0.354,positiva,76.6,16.8,36.2
151,BOA VISTA DO RAMOS,RUA DA INSTALAÇÃO,LULA+EB,#27AE60,-2.81545,-59.76574,6,0.325,0.125,0.83,479,82.9,91,15.7,249,44.4,LULA+EB,0.45,positiva,78.7,16.5,43.5
152,BOA VISTA DO RAMOS,RUA DA INSTALAÇÃO,LULA+EB,#27AE60,-2.77065,-59.7343,6,0.307,0.079,0.81,486,81.0,103,17.2,235,39.8,LULA+EB,0.386,positiva,77.0,18.0,39.0
153,BOA VISTA DO RAMOS,RUA DA INSTALAÇÃO,LULA+EB,#27AE60,-2.80282,-59.7519,6,0.328,0.093,0.83,503,83.1,90,14.9,241,41.2,LULA+EB,0.421,positiva,79.0,15.6,40.4
154,BOA VISTA DO RAMOS,RUA DA INSTALAÇÃO,LULA+EB,#27AE60,-2.79265,-59.71528,6,0.354,0.114,0.86,491,85.7,72,12.6,239,43.4,LULA+EB,0.468,positiva,81.4,13.2,42.5
158,BOA VISTA DO RAMOS,RUA PADRE GABRIEL S/N,LULA+EB,#27AE60,-2.83556,-59.80644,6,0.35,0.105,0.85,524,85.3,80,13.0,254,42.5,LULA+EB,0.456,positiva,81.1,13.7,41.6
1,BOCA DO ACRE,"AV AMAZONAS, N. 2589",PURO_SWING,#F4D03F,-8.72695,-67.40029,6,0.049,-0.023,0.55,200,55.2,145,40.1,98,29.6,PURO_SWING,0.026,positiva,52.5,42.1,29.0
2,BOCA DO ACRE,"AV AMAZONAS, N. 2589",DIFÍCIL,#E74C3C,-8.74179,-67.37416,6,-0.065,-0.061,0.44,149,43.8,176,51.8,79,25.8,DIFÍCIL,-0.126,negativa,41.6,54.4,25.3
3,BOCA DO ACRE,"AV AMAZONAS, N. 2589",PURO_SWING,#F4D03F,-8.74254,-67.39456,6,0.05,-0.013,0.55,193,55.3,146,41.8,100,30.7,PURO_SWING,0.037,positiva,52.5,43.9,30.1
4,BOCA DO ACRE,"AV. AMAZONAS, N. 2829",PURO_SWING,#F4D03F,-8.74435,-67.42792,6,0.028,-0.043,0.53,329,53.2,270,43.6,167,27.6,PURO_SWING,-0.015,positiva,50.5,45.8,27.1
5,BOCA DO ACRE,"AV. AMAZONAS, N. 2829",DIFÍCIL,#E74C3C,-8.75969,-67.34563,6,-0.023,-0.056,0.48,289,48.0,299,49.7,150,26.3,DIFÍCIL,-0.079,estável,45.6,52.2,25.8
6,BOCA DO ACRE,"AV. AMAZONAS, N. 2829",DIFÍCIL,#E74C3C,-8.78476,-67.42393,6,-0.071,-0.096,0.43,269,43.2,332,53.3,132,22.3,DIFÍCIL,-0.168,negativa,41.0,56.0,21.9
7,BOCA DO ACRE,"AV. AMAZONAS, N. 2829",DIFÍCIL,#E74C3C,-8.75077,-67.39936,6,-0.05,-0.094,0.45,289,45.4,329,51.6,136,22.5,DIFÍCIL,-0.144,negativa,43.1,54.2,22.0
8,BOCA DO ACRE,"TV. SAO PEDRO, N. 901",PURO_SWING,#F4D03F,-8.78029,-67.38604,6,0.022,-0.048,0.52,244,52.5,214,46.0,118,27.1,PURO_SWING,-0.027,positiva,49.8,48.3,26.6
9,BOCA DO ACRE,"TV. SAO PEDRO, N. 901",PURO_SWING,#F4D03F,-8.7658,-67.39309,6,0.06,-0.047,0.56,277,56.3,208,42.3,126,27.2,PURO_SWING,0.013,positiva,53.5,44.4,26.7
10,BOCA DO ACRE,"AV. AMAZONAS, N. 2715",DIFÍCIL,#E74C3C,-8.77624,-67.42223,6,0.016,-0.081,0.52,213,52.0,176,42.9,93,23.8,DIFÍCIL,-0.065,positiva,49.4,45.1,23.4
11,BOCA DO ACRE,"RUA LAGO NOVO, N. 2115",PURO_SWING,#F4D03F,-8.74286,-67.41276,6,0.022,-0.012,0.53,165,52.5,143,45.5,91,30.7,PURO_SWING,0.01,positiva,49.9,47.8,30.1
12,BOCA DO ACRE,"RUA LAGO NOVO, N. 2115",DIFÍCIL,#E74C3C,-8.74944,-67.38115,6,-0.036,-0.056,0.47,141,46.7,145,48.0,76,26.3,DIFÍCIL,-0.093,estável,44.4,50.4,25.8
13,BOCA DO ACRE,"RUA LAGO NOVO, N. 2115",DIFÍCIL,#E74C3C,-8.76662,-67.3785,6,-0.006,-0.057,0.5,155,49.7,149,47.8,76,26.2,DIFÍCIL,-0.064,estável,47.2,50.1,25.7
14,BOCA DO ACRE,"RUA LAGO NOVO, N. 2115",PURO_SWING,#F4D03F,-8.77164,-67.38903,6,0.025,-0.021,0.53,258,52.9,214,43.9,138,29.8,PURO_SWING,0.004,positiva,50.2,46.0,29.2
15,BOCA DO ACRE,"RUA LAGO NOVO, N. 2115",DIFÍCIL,#E74C3C,-8.73734,-67.38472,6,0.027,-0.063,0.53,239,53.0,201,44.6,108,25.6,DIFÍCIL,-0.037,positiva,50.3,46.8,25.1
16,BOCA DO ACRE,"RUA LAGO NOVO, N. 2115",LULA+EB,#27AE60,-8.75635,-67.42284,6,0.069,-0.001,0.57,265,57.2,184,39.7,137,31.8,LULA+EB,0.068,positiva,54.4,41.7,31.2
17,BOCA DO ACRE,"AV BL 11, S/N",DIFÍCIL,#E74C3C,-8.71712,-67.37976,6,-0.139,-0.089,0.36,177,36.4,302,62.1,105,23.1,DIFÍCIL,-0.228,negativa,34.6,65.2,22.6
18,BOCA DO ACRE,"AV BL 11, S/N",DIFÍCIL,#E74C3C,-8.75091,-67.40334,6,-0.15,-0.129,0.35,176,35.3,310,62.2,90,19.0,DIFÍCIL,-0.279,negativa,33.6,65.4,18.6
19,BOCA DO ACRE,"AV BL 11, S/N",DIFÍCIL,#E74C3C,-8.77254,-67.36143,6,-0.147,-0.11,0.36,173,35.6,293,60.3,95,21.0,DIFÍCIL,-0.257,negativa,33.8,63.3,20.6
20,BOCA DO ACRE,"AV BL 11, S/N",DIFÍCIL,#E74C3C,-8.77162,-67.37964,6,-0.158,-0.085,0.35,177,34.5,322,62.8,112,23.4,DIFÍCIL,-0.244,negativa,32.8,65.9,22.9
21,BOCA DO ACRE,"TV. SAO PEDRO, N. 901",PURO_SWING,#F4D03F,-8.73566,-67.38568,6,0.041,-0.035,0.54,254,54.4,205,43.9,123,28.5,PURO_SWING,0.006,positiva,51.7,46.1,27.9
22,BOCA DO ACRE,"RUA LAGO NOVO, N. 2115",LULA+EB,#27AE60,-8.77894,-67.38877,6,0.118,0.046,0.62,210,62.1,118,34.9,119,36.5,LULA+EB,0.164,positiva,59.0,36.7,35.8
23,BOCA DO ACRE,"AV BL 11, S/N",DIFÍCIL,#E74C3C,-8.72476,-67.40905,6,-0.161,-0.092,0.34,169,34.2,310,62.8,103,22.7,DIFÍCIL,-0.253,negativa,32.5,65.9,22.3
24,BOCA DO ACRE,"AV BL 11, S/N",DIFÍCIL,#E74C3C,-8.75704,-67.43824,6,-0.13,-0.094,0.37,194,37.3,317,61.0,110,22.5,DIFÍCIL,-0.224,negativa,35.4,64.0,22.1
25,BOCA DO ACRE,"AV BL 11, S/N",DIFÍCIL,#E74C3C,-8.77485,-67.37287,6,-0.138,-0.141,0.36,177,36.5,299,61.6,78,17.8,DIFÍCIL,-0.279,negativa,34.7,64.7,17.5
26,BOCA DO ACRE,"TV. SAO PEDRO, N. 901",DIFÍCIL,#E74C3C,-8.73472,-67.43717,6,-0.09,-0.111,0.41,199,41.4,268,55.7,94,20.8,DIFÍCIL,-0.2,negativa,39.3,58.5,20.4
27,BOCA DO ACRE,"AV BL 11, S/N",DIFÍCIL,#E74C3C,-8.7597,-67.39195,6,-0.198,-0.149,0.31,160,30.5,351,67.0,83,17.0,DIFÍCIL,-0.347,negativa,29.0,70.3,16.7
28,BOCA DO ACRE,"TV. SAO PEDRO, N. 901",DIFÍCIL,#E74C3C,-8.74951,-67.39078,6,-0.07,-0.071,0.43,224,43.3,284,54.9,120,24.8,DIFÍCIL,-0.141,negativa,41.2,57.7,24.3
29,BOCA DO ACRE,"TV. SAO PEDRO, N. 901",DIFÍCIL,#E74C3C,-8.73714,-67.38576,6,-0.061,-0.091,0.44,217,44.2,259,52.7,105,22.9,DIFÍCIL,-0.152,negativa,42.0,55.4,22.4
30,BOCA DO ACRE,"AV AMAZONAS, N. 2589",PURO_SWING,#F4D03F,-8.70166,-67.3928,6,0.017,-0.032,0.52,202,52.1,175,45.1,102,28.7,PURO_SWING,-0.015,positiva,49.5,47.4,28.2
31,BOCA DO ACRE,"AV. AMAZONAS, N. 2715",DIFÍCIL,#E74C3C,-8.74258,-67.35779,6,-0.041,-0.073,0.46,191,46.2,211,51.1,98,24.6,DIFÍCIL,-0.114,estável,43.9,53.6,24.1
32,BOCA DO ACRE,LOCALIDADE BOCA DO IACO,DIFÍCIL,#E74C3C,-8.76875,-67.37513,6,-0.002,-0.153,0.5,229,50.1,215,47.0,72,16.7,DIFÍCIL,-0.155,estável,47.6,49.4,16.3
33,BOCA DO ACRE,"RUA TIAO LEITE, N. 169",PURO_SWING,#F4D03F,-8.75504,-67.41614,6,0.044,-0.045,0.55,288,54.8,226,43.0,140,27.4,PURO_SWING,-0.001,positiva,52.0,45.1,26.8
34,BOCA DO ACRE,"AV. AMAZONAS, N. 2715",LULA+EB,#27AE60,-8.7724,-67.35007,6,0.057,-0.019,0.56,245,56.1,181,41.4,124,30.0,LULA+EB,0.038,positiva,53.3,43.5,29.4
35,BOCA DO ACRE,VILA FLORIANO PEIXOTO,DIFÍCIL,#E74C3C,-8.7224,-67.40672,6,-0.161,-0.151,0.34,153,34.2,279,62.4,72,16.9,DIFÍCIL,-0.312,negativa,32.5,65.5,16.5
36,BOCA DO ACRE,"AV. AMAZONAS, N. 2715",PURO_SWING,#F4D03F,-8.70483,-67.37105,6,0.06,-0.03,0.56,240,56.3,165,38.7,119,29.0,PURO_SWING,0.03,positiva,53.5,40.7,28.4
37,BOCA DO ACRE,"RUA LAGO NOVO, N. 2115",PURO_SWING,#F4D03F,-8.79013,-67.3541,6,-0.006,-0.015,0.5,159,49.7,150,46.9,92,30.5,PURO_SWING,-0.021,estável,47.2,49.2,29.9
38,BOCA DO ACRE,"TV. SAO PEDRO, N. 901",DIFÍCIL,#E74C3C,-8.7568,-67.39545,6,-0.132,-0.109,0.37,195,37.1,316,60.2,105,21.0,DIFÍCIL,-0.241,negativa,35.3,63.2,20.6
39,BOCA DO ACRE,"RUA TIAO LEITE, N. 169",DIFÍCIL,#E74C3C,-8.74041,-67.36228,6,-0.004,-0.06,0.5,259,49.9,252,48.6,125,25.9,DIFÍCIL,-0.064,estável,47.4,51.0,25.4
40,BOCA DO ACRE,"RUA TIAO LEITE, N. 169",DIFÍCIL,#E74C3C,-8.77432,-67.36359,6,0.003,-0.058,0.51,265,50.7,243,46.5,132,26.1,DIFÍCIL,-0.054,estável,48.1,48.8,25.6
42,BOCA DO ACRE,"AV. AMAZONAS, N. 2715",DIFÍCIL,#E74C3C,-8.75161,-67.38761,6,-0.034,-0.095,0.47,181,46.9,193,50.0,82,22.4,DIFÍCIL,-0.13,estável,44.5,52.5,22.0
43,BOCA DO ACRE,"RUA TIAO LEITE, N. 169",DIFÍCIL,#E74C3C,-8.72921,-67.3953,6,0.017,-0.077,0.52,279,52.1,245,45.7,123,24.2,DIFÍCIL,-0.06,positiva,49.4,48.0,23.7
45,BOCA DO ACRE,"AV. AMAZONAS, N. 2829",DIFÍCIL,#E74C3C,-8.74331,-67.39495,6,-0.067,-0.106,0.44,268,43.6,334,54.3,125,21.4,DIFÍCIL,-0.173,negativa,41.4,57.0,20.9
47,BOCA DO ACRE,"AV BL 11, S/N",DIFÍCIL,#E74C3C,-8.78591,-67.36116,6,-0.175,-0.056,0.33,166,32.9,328,65.0,125,26.3,DIFÍCIL,-0.231,negativa,31.2,68.2,25.8
48,BOCA DO ACRE,"AV AMAZONAS, N. 2589",PURO_SWING,#F4D03F,-8.77564,-67.42815,6,-0.003,-0.023,0.5,179,50.0,169,47.2,101,29.6,PURO_SWING,-0.026,estável,47.5,49.6,29.0
49,BOCA DO ACRE,"RUA TIAO LEITE, N. 169",DIFÍCIL,#E74C3C,-8.73704,-67.39499,6,0.038,-0.081,0.54,277,54.1,222,43.4,114,23.8,DIFÍCIL,-0.043,positiva,51.4,45.5,23.4
50,BOCA DO ACRE,"RUA LAGO NOVO, N. 2115",DIFÍCIL,#E74C3C,-8.74156,-67.40363,6,-0.067,-0.089,0.44,219,43.6,263,52.4,109,23.0,DIFÍCIL,-0.156,negativa,41.4,55.0,22.5
51,BOCA DO ACRE,"RUA TIAO LEITE, N. 169",DIFÍCIL,#E74C3C,-8.73691,-67.41071,6,0.053,-0.06,0.56,281,55.6,212,42.0,127,26.0,DIFÍCIL,-0.006,positiva,52.9,44.1,25.5
55,BOCA DO ACRE,"RUA TIAO LEITE, N. 169",DIFÍCIL,#E74C3C,-8.73418,-67.41969,6,-0.028,-0.058,0.47,227,47.5,243,50.8,117,26.2,DIFÍCIL,-0.086,estável,45.1,53.4,25.7
56,BOCA DO ACRE,"AV BL 11, S/N",DIFÍCIL,#E74C3C,-8.75276,-67.34463,6,-0.159,-0.13,0.34,178,34.4,327,63.2,94,19.0,DIFÍCIL,-0.289,negativa,32.7,66.4,18.6
57,BOCA DO ACRE,"RUA LAGO NOVO, N. 2115",BOLSO+EB,#E67E22,-8.74807,-67.40958,6,-0.054,-0.033,0.45,237,45.0,272,51.6,145,28.6,BOLSO+EB,-0.087,negativa,42.7,54.2,28.0
58,BOCA DO ACRE,"AV BL 11, S/N",DIFÍCIL,#E74C3C,-8.74606,-67.40733,6,-0.152,-0.097,0.35,187,35.1,335,62.9,113,22.2,DIFÍCIL,-0.249,negativa,33.3,66.0,21.8
60,BOCA DO ACRE,"RUA TIAO LEITE, N. 169",DIFÍCIL,#E74C3C,-8.71258,-67.38196,6,-0.032,-0.083,0.47,252,47.1,271,50.7,122,23.6,DIFÍCIL,-0.116,estável,44.7,53.2,23.1
62,BOCA DO ACRE,"AV BL 11, S/N",DIFÍCIL,#E74C3C,-8.78546,-67.43392,6,-0.182,-0.106,0.32,160,32.1,325,65.3,97,21.4,DIFÍCIL,-0.288,negativa,30.5,68.5,20.9
63,BOCA DO ACRE,"RUA TIAO LEITE, N. 169",DIFÍCIL,#E74C3C,-8.73755,-67.37451,6,0.068,-0.078,0.57,294,57.1,213,41.4,120,24.1,DIFÍCIL,-0.01,positiva,54.2,43.4,23.7
64,BOCA DO ACRE,"RUA LAGO NOVO, N. 2115",DIFÍCIL,#E74C3C,-8.73413,-67.37273,6,-0.067,-0.053,0.44,231,43.6,283,53.4,134,26.6,DIFÍCIL,-0.12,negativa,41.4,56.1,26.1
65,BOCA DO ACRE,"AV BL 11, S/N",DIFÍCIL,#E74C3C,-8.78188,-67.37076,6,-0.129,-0.089,0.37,191,37.4,300,58.7,111,23.0,DIFÍCIL,-0.218,negativa,35.5,61.6,22.6
67,BOCA DO ACRE,"RUA LAGO NOVO, N. 2115",DIFÍCIL,#E74C3C,-8.75456,-67.41343,6,-0.049,-0.063,0.45,239,45.4,276,52.5,129,25.6,DIFÍCIL,-0.112,negativa,43.2,55.1,25.1
68,BOCA DO ACRE,"AV BL 11, S/N",DIFÍCIL,#E74C3C,-8.74415,-67.37619,6,-0.221,-0.135,0.28,145,28.2,359,69.8,85,18.5,DIFÍCIL,-0.356,negativa,26.8,73.3,18.1
69,BOCA DO ACRE,COMUNIDADE SÃO PAULO,DIFÍCIL,#E74C3C,-8.75232,-67.39243,6,-0.02,-0.051,0.48,280,48.3,284,49.0,151,26.9,DIFÍCIL,-0.071,estável,45.9,51.4,26.3
70,BOCA DO ACRE,"AV BL 11, S/N",DIFÍCIL,#E74C3C,-8.73335,-67.36275,6,-0.145,-0.119,0.36,170,35.8,287,60.4,88,20.0,DIFÍCIL,-0.264,negativa,34.0,63.4,19.6
71,BOCA DO ACRE,"RUA TIAO LEITE, N. 169",DIFÍCIL,#E74C3C,-8.75782,-67.38754,6,-0.028,-0.098,0.48,244,47.6,253,49.3,104,22.1,DIFÍCIL,-0.126,estável,45.2,51.8,21.7
72,BOCA DO ACRE,COMUNIDADE SÃO PAULO,DIFÍCIL,#E74C3C,-8.71967,-67.41849,6,-0.001,-0.06,0,137,50.2,127,46.5,67,26.0,DIFÍCIL,-0.061,estável,47.7,48.8,25.4
73,BOCA DO ACRE,"RUA TIAO LEITE, N. 169",DIFÍCIL,#E74C3C,-8.80153,-67.40648,6,0.035,-0.054,0,309,53.8,247,43.0,143,26.5,DIFÍCIL,-0.019,positiva,51.1,45.2,26.0
74,BOCA DO ACRE,"TV. SAO PEDRO, N. 901",DIFÍCIL,#E74C3C,-8.76962,-67.36291,6,-0.08,-0.069,0,152,42.3,196,54.6,85,25.1,DIFÍCIL,-0.148,negativa,40.2,57.3,24.6
75,BOCA DO ACRE,"RUA TIAO LEITE, N. 169",PURO_SWING,#F4D03F,-8.75644,-67.40086,6,-0.016,-0.02,0,193,48.7,193,48.7,112,29.9,PURO_SWING,-0.036,estável,46.3,51.2,29.3
3,BORBA,"AVENIDA GETÚLIO VARGAS, 255, CENTRO",LULA+EB,#27AE60,-4.41172,-59.59024,6,0.292,0.104,0.8,381,79.5,87,18.2,195,42.3,LULA+EB,0.396,positiva,75.6,19.1,41.5
5,BORBA,"TRAVESSA JOSÉ MUNIZ DE CASTRO, S/N, CRISTO REI",LULA+EB,#27AE60,-4.39835,-59.62305,6,0.238,0.045,0.74,367,74.1,119,24.0,176,36.4,LULA+EB,0.283,positiva,70.4,25.2,35.7
6,BORBA,"R MARECHAL DEODORO, S/N, CENTRO",LULA+EB,#27AE60,-4.39546,-59.54822,6,0.245,0.058,0.75,347,74.8,107,23.1,170,37.8,LULA+EB,0.303,positiva,71.0,24.2,37.0
7,BORBA,"RUA LUÍS PEDRO FADOUL, 887, CRISTO REI",LULA+EB,#27AE60,-4.4042,-59.62388,6,0.276,0.022,0.78,385,77.9,99,20.0,164,34.2,LULA+EB,0.299,positiva,74.0,21.0,33.5
8,BORBA,"RUA LUÍS PEDRO FADOUL, 887, CRISTO REI",LULA+EB,#27AE60,-4.36974,-59.6124,6,0.262,0.033,0.77,365,76.5,99,20.8,163,35.2,LULA+EB,0.295,positiva,72.7,21.8,34.5
9,BORBA,"R MARECHAL DEODORO, S/N, CENTRO",LULA+EB,#27AE60,-4.39797,-59.59888,6,0.275,0.049,0.78,464,77.9,125,21.0,209,36.9,LULA+EB,0.325,positiva,74.0,22.0,36.1
10,BORBA,"AVENIDA CÔNEGO BENTO, S/N, RECREIO",LULA+EB,#27AE60,-4.409,-59.61457,6,0.288,0.102,0.79,440,79.1,104,18.7,223,42.2,LULA+EB,0.39,positiva,75.2,19.6,41.3
11,BORBA,"AVENIDA CÔNEGO BENTO, S/N, RECREIO",LULA+EB,#27AE60,-4.38094,-59.59501,6,0.307,0.071,0.81,445,81.1,96,17.5,206,39.0,LULA+EB,0.378,positiva,77.0,18.4,38.2
12,BORBA,"AVENIDA SETE DE SETEMBRO, 429, SÃO SEBASTIÃO",LULA+EB,#27AE60,-4.3932,-59.61821,6,0.312,0.098,0.82,485,81.5,102,17.1,243,41.8,LULA+EB,0.41,positiva,77.4,18.0,40.9
14,BORBA,"DISTRITO DO CANUMÃ, RIO CANUMÃ, MARGEM ESQUERDA, ZONA RURAL",LULA+EB,#27AE60,-4.38919,-59.59579,6,0.261,0.258,0.76,551,76.4,150,20.8,401,57.7,LULA+EB,0.519,positiva,72.6,21.8,56.5
15,BORBA,"DISTRITO DE AXINIM, RIO MADEIRA, MARGEM DIREITA, ZONA RURAL",LULA+EB,#27AE60,-4.40229,-59.57546,6,0.167,0.051,0.67,283,67.1,130,30.8,151,37.0,LULA+EB,0.218,positiva,63.7,32.3,36.3
16,BORBA,"DISTRITO DE AXINIM, RIO MADEIRA, MARGEM DIREITA, ZONA RURAL",LULA+EB,#27AE60,-4.39302,-59.59526,6,0.146,0.082,0.65,355,64.9,185,33.8,209,40.1,LULA+EB,0.228,positiva,61.7,35.5,39.3
17,BORBA,"AVENIDA AMAZONAS, S/N, IPIRANGA",LULA+EB,#27AE60,-4.38591,-59.58922,6,0.222,-0.008,0.73,409,72.5,142,25.2,168,31.1,LULA+EB,0.214,positiva,68.9,26.4,30.5
18,BORBA,"AVENIDA AMAZONAS, S/N, IPIRANGA",LULA+EB,#27AE60,-4.35477,-59.58181,6,0.264,0.031,0.77,469,76.8,130,21.3,208,35.1,LULA+EB,0.296,positiva,72.9,22.3,34.4
19,BORBA,"AVENIDA AMAZONAS, S/N, CRISTO REI",LULA+EB,#27AE60,-4.38576,-59.58566,6,0.293,0.05,0.8,352,79.6,76,17.2,158,36.9,LULA+EB,0.343,positiva,75.7,18.1,36.2
20,BORBA,"AVENIDA AMAZONAS, S/N, CRISTO REI",LULA+EB,#27AE60,-4.38136,-59.58262,6,0.274,0.052,0.78,314,77.7,85,21.0,148,37.1,LULA+EB,0.326,positiva,73.8,22.1,36.4
21,BORBA,"DISTRITO DE AXINIM, RIO MADEIRA, MARGEM DIREITA, ZONA RURAL",LULA+EB,#27AE60,-4.38647,-59.60123,6,0.2,0.072,0.7,306,70.3,124,28.5,163,39.1,LULA+EB,0.272,positiva,66.8,29.9,38.3
22,BORBA,"DISTRITO DE AXINIM, RIO MADEIRA, MARGEM DIREITA, ZONA RURAL",LULA+EB,#27AE60,-4.36938,-59.59284,6,0.111,0.026,0.61,362,61.5,215,36.5,196,34.5,LULA+EB,0.137,positiva,58.4,38.3,33.8
23,BORBA,"AVENIDA AMAZONAS, S/N, CRISTO REI",LULA+EB,#27AE60,-4.36802,-59.58625,6,0.273,0.051,0.78,340,77.6,90,20.5,156,37.1,LULA+EB,0.324,positiva,73.7,21.6,36.3
24,BORBA,"AVENIDA AMAZONAS, S/N, CRISTO REI",LULA+EB,#27AE60,-4.3867,-59.5832,6,0.212,0.02,0.72,307,71.6,114,26.6,143,34.0,LULA+EB,0.233,positiva,68.0,27.9,33.3
27,BORBA,"TRAVESSA JOSÉ MUNIZ DE CASTRO, S/N, CRISTO REI",LULA+EB,#27AE60,-4.39143,-59.60129,6,0.271,0.018,0.77,374,77.4,104,21.5,159,33.7,LULA+EB,0.289,positiva,73.6,22.6,33.0
28,BORBA,"AVENIDA GETÚLIO VARGAS, 255, CENTRO",LULA+EB,#27AE60,-4.34553,-59.60597,6,0.289,0.102,0.79,397,79.2,95,19.0,203,42.1,LULA+EB,0.391,positiva,75.3,19.9,41.3
29,BORBA,"AVENIDA SETE DE SETEMBRO, 429, SÃO SEBASTIÃO",LULA+EB,#27AE60,-4.39253,-59.59409,6,0.322,0.088,0.83,501,82.5,96,15.8,238,40.8,LULA+EB,0.41,positiva,78.4,16.6,39.9
30,BORBA,"DISTRITO DO CANUMÃ, RIO CANUMÃ, MARGEM ESQUERDA, ZONA RURAL",LULA+EB,#27AE60,-4.39359,-59.59892,6,0.292,0.324,0.8,605,79.5,143,18.8,476,64.3,LULA+EB,0.616,positiva,75.5,19.7,63.0
32,BORBA,"R MARECHAL DEODORO, S/N, CENTRO",LULA+EB,#27AE60,-4.34533,-59.597,6,0.258,0.085,0.76,414,76.1,113,20.8,214,40.5,LULA+EB,0.343,positiva,72.3,21.8,39.6
33,BORBA,"AVENIDA CÔNEGO BENTO, S/N, RECREIO",LULA+EB,#27AE60,-4.37413,-59.6444,6,0.272,0.041,0.78,432,77.6,114,20.5,195,36.0,LULA+EB,0.314,positiva,73.7,21.5,35.3
34,BORBA,"TRAVESSA JOSÉ MUNIZ DE CASTRO, S/N, CRISTO REI",LULA+EB,#27AE60,-4.33874,-59.59373,6,0.262,0.041,0.77,385,76.5,110,21.9,176,36.1,LULA+EB,0.304,positiva,72.7,23.0,35.3
36,BORBA,"AVENIDA SETE DE SETEMBRO, SÃO SEBASTIÃO",LULA+EB,#27AE60,-4.39662,-59.61684,6,0.304,0.08,0.81,398,80.7,83,16.8,193,40.0,LULA+EB,0.384,positiva,76.7,17.7,39.2
37,BORBA,"AVENIDA AMAZONAS, S/N, IPIRANGA",LULA+EB,#27AE60,-4.38943,-59.54219,6,0.231,0.024,0.73,423,73.4,138,24.0,191,34.4,LULA+EB,0.255,positiva,69.8,25.2,33.7
38,BORBA,"TRAVESSA JOSÉ MUNIZ DE CASTRO, S/N, CRISTO REI",LULA+EB,#27AE60,-4.36788,-59.62599,6,0.251,0.039,0.75,359,75.4,107,22.5,168,35.8,LULA+EB,0.29,positiva,71.6,23.6,35.1
39,BORBA,"AVENIDA GETÚLIO VARGAS, 255, CENTRO",LULA+EB,#27AE60,-4.34732,-59.6071,6,0.215,0.081,0.72,306,71.8,112,26.3,170,40.0,LULA+EB,0.296,positiva,68.2,27.6,39.2
41,BORBA,"DISTRITO DO CANUMÃ, RIO CANUMÃ, MARGEM ESQUERDA, ZONA RURAL",LULA+EB,#27AE60,-4.38595,-59.56325,6,0.324,0.282,0.83,326,82.7,61,15.5,226,60.1,LULA+EB,0.606,positiva,78.6,16.3,58.9
42,BORBA,"AVENIDA AMAZONAS, S/N, IPIRANGA",LULA+EB,#27AE60,-4.39682,-59.59803,6,0.2,0.025,0.7,418,70.4,161,27.1,196,34.4,LULA+EB,0.226,positiva,66.9,28.5,33.8
43,BORBA,"COM. KWATA, RIO CANUMÃ, MARGEM DIREITA, ZONA RURAL INDÍGENA",LULA+EB,#27AE60,-4.35669,-59.57761,6,0.483,0.157,0.99,845,98.6,8,0.9,398,47.7,LULA+EB,0.64,positiva,93.7,1.0,46.7
44,BORBA,"AVENIDA SETE DE SETEMBRO, 429, SÃO SEBASTIÃO",LULA+EB,#27AE60,-4.40238,-59.59982,6,0.31,0.122,0.81,487,81.3,93,15.5,255,44.1,LULA+EB,0.432,positiva,77.2,16.3,43.2
45,BORBA,"RUA LUÍS PEDRO FADOUL, 887, CRISTO REI",LULA+EB,#27AE60,-4.40329,-59.61954,6,0.251,0.07,0.75,356,75.4,108,22.9,175,39.0,LULA+EB,0.321,positiva,71.7,24.0,38.2
46,BORBA,"TRAVESSA JOSÉ MUNIZ DE CASTRO, S/N, CRISTO REI",LULA+EB,#27AE60,-4.40667,-59.62489,6,0.269,0.025,0.77,386,77.2,108,21.6,168,34.4,LULA+EB,0.294,positiva,73.3,22.7,33.7
47,BORBA,"AVENIDA CÔNEGO BENTO, S/N, RECREIO",LULA+EB,#27AE60,-4.40025,-59.59116,6,0.283,0.055,0.79,438,78.6,107,19.2,202,37.4,LULA+EB,0.338,positiva,74.7,20.2,36.7
48,BORBA,"COM. KWATA, RIO CANUMÃ, MARGEM DIREITA, ZONA RURAL INDÍGENA",LULA+EB,#27AE60,-4.38248,-59.59823,6,0.487,0.082,0.99,506,99.0,3,0.6,200,40.1,LULA+EB,0.569,positiva,94.1,0.6,39.3
49,BORBA,"COM. BARRA MANSA, RIO ABACAXIS, MARGEM DIREITA, ZONA RURAL",LULA+EB,#27AE60,-4.34738,-59.58754,6,0.42,0.211,0.92,658,92.3,49,6.9,369,53.0,LULA+EB,0.631,positiva,87.7,7.2,52.0
50,BORBA,"AVENIDA AMAZONAS, S/N, IPIRANGA",LULA+EB,#27AE60,-4.39237,-59.59488,6,0.204,0.008,0.71,416,70.7,161,27.4,190,32.8,LULA+EB,0.213,positiva,67.2,28.8,32.1
51,BORBA,"AVENIDA AMAZONAS, S/N, CRISTO REI",LULA+EB,#27AE60,-4.40027,-59.54659,6,0.261,0.096,0.76,308,76.4,84,20.8,159,41.5,LULA+EB,0.357,positiva,72.6,21.9,40.7
52,BORBA,"AVENIDA CÔNEGO BENTO, S/N, RECREIO",LULA+EB,#27AE60,-4.4056,-59.57047,6,0.294,0.047,0.8,440,79.7,106,19.2,196,36.6,LULA+EB,0.341,positiva,75.7,20.2,35.9
53,BORBA,"AVENIDA AMAZONAS, S/N, IPIRANGA",LULA+EB,#27AE60,-4.38662,-59.54939,6,0.244,0.006,0.75,432,74.7,134,23.2,184,32.6,LULA+EB,0.251,positiva,71.0,24.3,31.9
54,BORBA,"TRAVESSA JOSÉ MUNIZ DE CASTRO, S/N, CRISTO REI",LULA+EB,#27AE60,-4.40755,-59.57691,6,0.278,0.06,0.78,372,78.2,100,21.0,175,38.0,LULA+EB,0.339,positiva,74.2,22.1,37.2
56,BORBA,"COM. PONTA ALEGRE, RIO MADEIRA, MARGEM ESQUERDA, ZONA RURAL",LULA+EB,#27AE60,-4.42144,-59.55231,6,0.284,0.223,0.79,211,78.7,50,18.7,142,54.2,LULA+EB,0.507,positiva,74.8,19.6,53.1
57,BORBA,"AVENIDA SETE DE SETEMBRO, 429, SÃO SEBASTIÃO",LULA+EB,#27AE60,-4.35136,-59.62643,6,0.291,0.062,0.79,478,79.4,109,18.1,222,38.1,LULA+EB,0.353,positiva,75.4,19.0,37.4
59,BORBA,"R MARECHAL DEODORO, S/N, CENTRO",LULA+EB,#27AE60,-4.38973,-59.63536,6,0.269,0.097,0.77,423,77.2,117,21.4,220,41.7,LULA+EB,0.366,positiva,73.3,22.4,40.8
60,BORBA,"COM. LIMÃO, RIO AUTAZ AÇU, MARGEM ESQUERDA, ZONA RURAL INDÍGENA",LULA+EB,#27AE60,-4.3767,-59.59019,6,0.214,0.013,0.72,284,71.7,104,26.3,129,33.2,LULA+EB,0.227,positiva,68.1,27.6,32.6
61,BORBA,"COM. SEMPRE VIVA SANTANA, RIO MADEIRINHA, MARGEM ESQUERDA, ZONA RURAL",DIFÍCIL,#E74C3C,-4.38494,-59.58489,6,0.242,-0.077,0.75,152,74.5,48,23.5,47,24.2,DIFÍCIL,0.165,positiva,70.8,24.7,23.7
62,BORBA,"AVENIDA AMAZONAS, S/N, CRISTO REI",LULA+EB,#27AE60,-4.39418,-59.59571,6,0.255,0.11,0.76,314,75.8,88,21.3,169,42.9,LULA+EB,0.365,positiva,72.1,22.3,42.0
63,BORBA,"AVENIDA CÔNEGO BENTO, S/N, RECREIO",LULA+EB,#27AE60,-4.40417,-59.59959,6,0.288,0.088,0.79,446,79.1,107,19.0,223,40.8,LULA+EB,0.376,positiva,75.1,19.9,40.0
64,BORBA,"ESTRADA DO AEROPORTO, 1752, BELA VISTA",LULA+EB,#27AE60,-4.40086,-59.57367,6,0.248,0.067,0,441,75.1,129,22.0,220,38.7,LULA+EB,0.315,positiva,71.4,23.1,37.9
65,BORBA,"ESTRADA DO AEROPORTO, 1752, BELA VISTA",LULA+EB,#27AE60,-4.44562,-59.58938,6,0.208,0.028,0,416,71.1,155,26.5,197,34.7,LULA+EB,0.236,positiva,67.6,27.8,34.0
66,BORBA,"R MARECHAL DEODORO, S/N, CENTRO",LULA+EB,#27AE60,-4.39471,-59.5893,6,0.291,0.116,0,460,79.4,112,19.3,247,43.5,LULA+EB,0.407,positiva,75.5,20.3,42.6
67,BORBA,"AVENIDA SETE DE SETEMBRO, SÃO SEBASTIÃO",LULA+EB,#27AE60,-4.37131,-59.63748,6,0.285,0.13,0,272,78.8,68,19.7,150,44.9,LULA+EB,0.415,positiva,74.9,20.7,44.0
68,BORBA,"COM. BARRA MANSA, RIO ABACAXIS, MARGEM DIREITA, ZONA RURAL",LULA+EB,#27AE60,-4.34913,-59.59584,6,0.393,0.188,0,675,89.6,71,9.4,373,50.7,LULA+EB,0.581,positiva,85.2,9.9,49.7
70,BORBA,"AVENIDA GETÚLIO VARGAS, 255, CENTRO",LULA+EB,#27AE60,-4.36095,-59.57082,6,0.214,0.067,0,319,71.7,107,24.0,168,38.6,LULA+EB,0.281,positiva,68.1,25.2,37.8
71,BORBA,"R MARECHAL DEODORO, S/N, CENTRO",LULA+EB,#27AE60,-4.41185,-59.58442,6,0.244,0.068,0,352,74.7,108,22.9,176,38.8,LULA+EB,0.312,positiva,71.0,24.1,38.0
72,BORBA,"ESTRADA DO AEROPORTO, 1752, BELA VISTA",LULA+EB,#27AE60,-4.38791,-59.59137,6,0.19,0.041,0,396,69.4,158,27.7,202,36.1,LULA+EB,0.232,positiva,65.9,29.1,35.3
73,BORBA,"DISTRITO DO CANUMÃ, RIO CANUMÃ, MARGEM ESQUERDA, ZONA RURAL",LULA+EB,#27AE60,-4.40978,-59.61453,6,0.296,0.241,0,445,79.9,104,18.7,301,56.1,LULA+EB,0.537,positiva,75.9,19.6,54.9
240,CAAPIRANGA,"RUA COUTO VALE, N.378",LULA+EB,#27AE60,-4.43133,-60.47421,6,0.201,0.045,0.7,424,70.4,166,27.6,214,36.5,LULA+EB,0.246,positiva,66.9,29.0,35.7
241,CAAPIRANGA,"RUA COUTO VALE, N.378",LULA+EB,#27AE60,-4.43576,-60.44847,6,0.18,0.052,0.68,395,68.3,161,27.9,207,37.1,LULA+EB,0.232,positiva,64.9,29.2,36.4
242,CAAPIRANGA,"RUA COUTO VALE, N.378",LULA+EB,#27AE60,-4.46821,-60.47767,6,0.165,0.075,0.67,389,66.8,175,30.1,223,39.4,LULA+EB,0.24,positiva,63.5,31.6,38.6
243,CAAPIRANGA,"RUA COUTO VALE, N.378",LULA+EB,#27AE60,-4.43991,-60.4459,6,0.156,0.028,0.66,358,65.9,169,31.1,183,34.7,LULA+EB,0.184,positiva,62.6,32.7,34.0
244,CAAPIRANGA,"RUA COUTO VALE, N.378",LULA+EB,#27AE60,-4.42145,-60.43572,6,0.204,0.05,0.71,416,70.7,159,27.0,212,36.9,LULA+EB,0.254,positiva,67.2,28.4,36.2
245,CAAPIRANGA,"RUA COUTO VALE, N.378",LULA+EB,#27AE60,-4.46929,-60.41499,6,0.198,0.065,0.7,362,70.2,134,26.0,190,38.4,LULA+EB,0.263,positiva,66.6,27.3,37.6
246,CAAPIRANGA,COM. SÃO JOSE-ARARAS,PURO_SWING,#F4D03F,-4.43553,-60.44897,6,0.023,0.026,0.53,242,52.6,212,46.1,156,34.5,PURO_SWING,0.049,positiva,50.0,48.4,33.8
247,CAAPIRANGA,COM. SÃO JOSE-ARARAS,LULA+EB,#27AE60,-4.43493,-60.43105,6,0.063,0.06,0.57,244,56.6,177,41.1,157,37.9,LULA+EB,0.123,positiva,53.8,43.1,37.2
248,CAAPIRANGA,COM. SÃO JOSE-ARARAS,PURO_SWING,#F4D03F,-4.4343,-60.43506,6,0.034,0.053,0.54,237,53.7,195,44.2,160,37.2,PURO_SWING,0.087,positiva,51.1,46.4,36.5
249,CAAPIRANGA,"COM. SÃO JORGE, ESTRADA ARI ANTUNES, KM 32",LULA+EB,#27AE60,-4.4399,-60.43817,6,0.193,0.018,0.7,341,69.6,141,28.8,159,33.7,LULA+EB,0.21,positiva,66.1,30.2,33.0
250,CAAPIRANGA,"COM. SÃO JORGE, ESTRADA ARI ANTUNES, KM 32",LULA+EB,#27AE60,-4.42217,-60.46912,6,0.22,-0.013,0.72,360,72.3,126,25.3,148,30.6,LULA+EB,0.207,positiva,68.7,26.6,30.0
251,CAAPIRANGA,"COM. SÃO JORGE, ESTRADA ARI ANTUNES, KM 32",LULA+EB,#27AE60,-4.47222,-60.42449,6,0.219,0.027,0.72,367,72.2,134,26.4,172,34.7,LULA+EB,0.247,positiva,68.6,27.7,34.0
252,CAAPIRANGA,"COM. SÃO JORGE, ESTRADA ARI ANTUNES, KM 32",DIFÍCIL,#E74C3C,-4.42841,-60.4585,6,0.215,-0.05,0.72,388,71.9,136,25.2,139,26.9,DIFÍCIL,0.165,positiva,68.3,26.4,26.3
253,CAAPIRANGA,"COM. SÃO JORGE, ESTRADA ARI ANTUNES, KM 32",LULA+EB,#27AE60,-4.45622,-60.40398,6,0.244,0.051,0.75,390,74.7,127,24.3,186,37.1,LULA+EB,0.295,positiva,71.0,25.5,36.3
254,CAAPIRANGA,"COM. SÃO JORGE, ESTRADA ARI ANTUNES, KM 32",PURO_SWING,#F4D03F,-4.3973,-60.41246,6,0.181,-0.036,0.68,308,68.4,132,29.3,125,28.3,PURO_SWING,0.145,positiva,65.0,30.8,27.8
255,CAAPIRANGA,"COM. SÃO JORGE, ESTRADA ARI ANTUNES, KM 32",LULA+EB,#27AE60,-4.44394,-60.44887,6,0.175,-0.004,0.68,306,67.8,136,30.2,136,31.5,LULA+EB,0.171,positiva,64.5,31.7,30.9
256,CAAPIRANGA,"AVENIDA WALDOMIRO MORAES DE CASTRO, N. 203",LULA+EB,#27AE60,-4.44432,-60.41552,6,0.113,0.032,0.62,378,61.7,209,34.1,210,35.2,LULA+EB,0.146,positiva,58.6,35.8,34.5
257,CAAPIRANGA,"AVENIDA WALDOMIRO MORAES DE CASTRO, N. 203",LULA+EB,#27AE60,-4.48921,-60.45175,6,0.121,0.024,0.62,374,62.4,210,35.1,202,34.4,LULA+EB,0.145,positiva,59.3,36.8,33.7
258,CAAPIRANGA,"AVENIDA WALDOMIRO MORAES DE CASTRO, N. 203",LULA+EB,#27AE60,-4.39086,-60.42738,6,0.171,0.025,0.67,414,67.4,180,29.3,208,34.4,LULA+EB,0.196,positiva,64.1,30.8,33.7
259,CAAPIRANGA,"AVENIDA WALDOMIRO MORAES DE CASTRO, N. 203",LULA+EB,#27AE60,-4.39686,-60.463,6,0.168,0.006,0.67,433,67.1,187,29.0,205,32.5,LULA+EB,0.174,positiva,63.8,30.4,31.8
260,CAAPIRANGA,"AVENIDA WALDOMIRO MORAES DE CASTRO, N. 203",LULA+EB,#27AE60,-4.43072,-60.49964,6,0.161,0.019,0.66,414,66.5,196,31.5,202,33.8,LULA+EB,0.18,positiva,63.1,33.0,33.1
261,CAAPIRANGA,"AVENIDA WALDOMIRO MORAES DE CASTRO, N. 203",LULA+EB,#27AE60,-4.42729,-60.44066,6,0.123,0.057,0.63,375,62.6,215,35.9,218,37.6,LULA+EB,0.179,positiva,59.5,37.7,36.8
262,CAAPIRANGA,"AVENIDA WALDOMIRO MORAES DE CASTRO, N. 203",LULA+EB,#27AE60,-4.39411,-60.44621,6,0.094,-0.006,0.6,343,59.8,215,37.5,176,31.3,LULA+EB,0.088,positiva,56.8,39.3,30.7
285,CAAPIRANGA,"AVENIDA WALDOMIRO MORAES DE CASTRO, N. 203",PURO_SWING,#F4D03F,-4.43746,-60.49118,6,0.068,-0.037,0.57,307,57.2,213,39.7,150,28.2,PURO_SWING,0.031,positiva,54.3,41.6,27.6
1,CANUTAMA,"AV BENJAMIN CONSTANT, 932, CENTRO",PURO_SWING,#F4D03F,-4.58494,-63.32952,6,0.008,0.048,0.51,231,51.1,206,45.6,160,36.7,PURO_SWING,0.056,positiva,48.6,47.9,36.0
2,CANUTAMA,"RUA LUCAS DE AMORIM, 260, SAO FRANCISCO",LULA+EB,#27AE60,-4.57869,-63.35265,6,0.069,0.04,0.57,268,57.3,190,40.6,164,35.9,LULA+EB,0.109,positiva,54.4,42.6,35.2
3,CANUTAMA,"RUA LUCAS DE AMORIM, 260, SAO FRANCISCO",PURO_SWING,#F4D03F,-4.58588,-63.32272,6,0.023,0.043,0.53,237,52.7,196,43.6,164,36.2,PURO_SWING,0.066,positiva,50.0,45.7,35.5
4,CANUTAMA,"RUA LUCAS DE AMORIM, 260, SAO FRANCISCO",PURO_SWING,#F4D03F,-4.55876,-63.35078,6,0.042,0.01,0.55,257,54.6,204,43.3,152,32.9,PURO_SWING,0.052,positiva,51.8,45.5,32.2
5,CANUTAMA,"AV BENJAMIN CONSTANT, 932, CENTRO",LULA+EB,#27AE60,-4.60383,-63.32454,6,0.095,0.084,0.6,252,59.9,150,35.6,168,40.3,LULA+EB,0.179,positiva,56.9,37.4,39.5
6,CANUTAMA,"RUA LUCAS DE AMORIM, 260, SAO FRANCISCO",PURO_SWING,#F4D03F,-4.56507,-63.3367,6,0.041,0.027,0.54,256,54.5,203,43.2,161,34.6,PURO_SWING,0.068,positiva,51.7,45.4,33.9
7,CANUTAMA,"AV BENJAMIN CONSTANT, 932, CENTRO",LULA+EB,#27AE60,-4.63652,-63.34867,6,0.075,0.088,0.58,226,57.8,155,39.6,153,40.7,LULA+EB,0.162,positiva,54.9,41.6,39.9
8,CANUTAMA,"RUA JOÃO PONTES, 668, SÃO FRANCISCO",LULA+EB,#27AE60,-4.61595,-63.2951,6,0.131,0.062,0.63,270,63.4,149,35.0,161,38.2,LULA+EB,0.193,positiva,60.2,36.7,37.4
22,CANUTAMA,"AV BENJAMIN CONSTANT, 932, CENTRO",LULA+EB,#27AE60,-4.59119,-63.34239,6,0.096,0.059,0.6,265,60.0,167,37.8,157,37.8,LULA+EB,0.155,positiva,57.0,39.7,37.1
24,CANUTAMA,"RUA LUCAS DE AMORIM, 260, SAO FRANCISCO",LULA+EB,#27AE60,-4.58409,-63.32664,6,0.097,0.064,0.6,297,60.0,184,37.2,180,38.3,LULA+EB,0.16,positiva,57.0,39.0,37.5
25,CANUTAMA,"RUA JOÃO PONTES, 668, SÃO FRANCISCO",LULA+EB,#27AE60,-4.57935,-63.32884,6,0.111,0.031,0.61,205,61.4,121,36.2,114,35.1,LULA+EB,0.142,positiva,58.3,38.0,34.4
26,CANUTAMA,"RUA JOÃO PONTES, 668, SÃO FRANCISCO",LULA+EB,#27AE60,-4.56915,-63.31069,6,0.128,0.065,0.63,247,63.2,129,33.0,146,38.4,LULA+EB,0.193,positiva,60.0,34.6,37.7
27,CANUTAMA,"AV BENJAMIN CONSTANT, 932, CENTRO",LULA+EB,#27AE60,-4.58624,-63.30762,6,0.059,-0.02,0.56,230,56.2,172,42.1,121,30.0,LULA+EB,0.039,positiva,53.4,44.2,29.4
28,CANUTAMA,"RUA LUCAS DE AMORIM, 260, SAO FRANCISCO",LULA+EB,#27AE60,-4.58193,-63.34235,6,0.119,0.047,0.62,306,62.2,170,34.6,178,36.6,LULA+EB,0.166,positiva,59.1,36.3,35.9
29,CANUTAMA,"KM 56, BR 319, PROJETO ASSENTAMENTO SAO FRANCISCO, ZONA RURAL",DIFÍCIL,#E74C3C,-4.59722,-63.30108,6,0.006,-0.129,0.51,270,50.9,237,44.7,95,19.1,DIFÍCIL,-0.122,positiva,48.4,47.0,18.7
30,CANUTAMA,"KM 70, BR 319, DISTRITO DE ASSUANÓPOLIS, ZONA RURAL",DIFÍCIL,#E74C3C,-4.60269,-63.35563,6,-0.068,-0.211,0.43,214,43.5,274,55.7,50,10.8,DIFÍCIL,-0.28,negativa,41.3,58.5,10.6
31,CANUTAMA,"BR 319, KM 4,5, RAMAL DA COM. DO MORRINHO, ZONA RURAL",DIFÍCIL,#E74C3C,-4.60439,-63.30481,6,-0.154,-0.166,0.35,175,34.9,306,61.1,68,15.3,DIFÍCIL,-0.32,negativa,33.2,64.1,15.0
33,CANUTAMA,"COM. BELO MONTE, RIO PURUS, MARGEM DIREITA, ZONA RURAL",LULA+EB,#27AE60,-4.61597,-63.33551,6,0.066,-0.017,0.57,328,56.9,237,41.1,173,30.2,LULA+EB,0.049,positiva,54.1,43.2,29.6
37,CANUTAMA,"BR 319, KM 13, LINHA TRANSPURUS, ZONA RURAL",DIFÍCIL,#E74C3C,-4.62642,-63.32966,6,0.012,-0.193,0.52,103,51.5,92,46.0,23,12.6,DIFÍCIL,-0.181,positiva,48.9,48.3,12.4
38,CANUTAMA,"RUA JOÃO PONTES, 668, SÃO FRANCISCO",LULA+EB,#27AE60,-4.56405,-63.29803,6,0.092,0.036,0.6,221,59.6,143,38.5,127,35.6,LULA+EB,0.129,positiva,56.6,40.5,34.9
39,CANUTAMA,"RUA LUCAS DE AMORIM, 260, SAO FRANCISCO",LULA+EB,#27AE60,-4.56436,-63.32164,6,0.087,0.031,0.59,276,59.0,178,38.0,161,35.1,LULA+EB,0.118,positiva,56.0,39.9,34.4
40,CANUTAMA,"COM. BELO MONTE, RIO PURUS, MARGEM DIREITA, ZONA RURAL",DIFÍCIL,#E74C3C,-4.58597,-63.33587,6,0.108,-0.054,0.61,335,61.1,204,37.2,143,26.5,DIFÍCIL,0.054,positiva,58.1,39.1,26.0
41,CANUTAMA,"AV BENJAMIN CONSTANT, 932, CENTRO",LULA+EB,#27AE60,-4.58361,-63.3321,6,0.072,0.076,0.58,217,57.6,149,39.5,147,39.5,LULA+EB,0.148,positiva,54.7,41.5,38.7
42,CANUTAMA,"RUA LUCAS DE AMORIM, 260, SAO FRANCISCO",LULA+EB,#27AE60,-4.59582,-63.32589,6,0.098,0.055,0.6,289,60.1,179,37.2,178,37.4,LULA+EB,0.152,positiva,57.1,39.1,36.6
43,CANUTAMA,"RUA LUCAS DE AMORIM, 260, SAO FRANCISCO",LULA+EB,#27AE60,-4.59099,-63.34181,6,0.134,0.091,0.64,307,63.7,168,34.9,193,41.1,LULA+EB,0.225,positiva,60.5,36.6,40.2
44,CANUTAMA,"RUA LUCAS DE AMORIM, 260, SAO FRANCISCO",LULA+EB,#27AE60,-4.55467,-63.32961,6,0.076,0.062,0.58,277,57.9,195,40.8,175,38.1,LULA+EB,0.138,positiva,55.1,42.8,37.4
45,CANUTAMA,"KM 70, BR 319, DISTRITO DE ASSUANÓPOLIS, ZONA RURAL",DIFÍCIL,#E74C3C,-4.56753,-63.3262,6,-0.092,-0.236,0.41,169,41.1,234,56.9,31,8.4,DIFÍCIL,-0.328,negativa,39.1,59.8,8.2
46,CANUTAMA,"COM. NOVA ESPERANÇA, LINHA 17, KM 17, BR-319, ZONA RURAL",DIFÍCIL,#E74C3C,-4.54526,-63.3253,6,-0.064,-0.178,0,216,43.9,262,53.3,64,14.1,DIFÍCIL,-0.242,negativa,41.7,55.9,13.8
47,CANUTAMA,"RUA LUCAS DE AMORIM, 260, SAO FRANCISCO",LULA+EB,#27AE60,-4.61917,-63.31036,6,0.104,0.091,0,300,60.7,188,38.1,201,41.0,LULA+EB,0.195,positiva,57.7,40.0,40.2
48,CANUTAMA,"COM. NOVA ESPERANÇA, LINHA 17, KM 17, BR-319, ZONA RURAL",DIFÍCIL,#E74C3C,-4.6007,-63.36179,6,-0.077,-0.211,0,130,42.6,166,54.4,30,10.8,DIFÍCIL,-0.288,negativa,40.5,57.1,10.6
5,CARAUARI,"RUA JUSCELINO KUBITSCHEK, S/N",LULA+EB,#27AE60,-4.88372,-66.89526,6,0.229,0.125,0.73,183,73.2,51,20.4,111,44.4,LULA+EB,0.353,positiva,69.5,21.4,43.5
6,CARAUARI,"RUA JUSCELINO KUBITSCHEK, S/N",LULA+EB,#27AE60,-4.88424,-66.89142,6,0.261,0.188,0.76,211,76.4,49,17.8,139,50.7,LULA+EB,0.449,positiva,72.6,18.6,49.7
7,CARAUARI,"RUA JUSCELINO KUBITSCHEK, S/N",LULA+EB,#27AE60,-4.87173,-66.92144,6,0.227,0.186,0.73,222,73.0,69,22.7,150,50.5,LULA+EB,0.413,positiva,69.4,23.8,49.5
8,CARAUARI,"RUA JUSCELINO KUBITSCHEK, S/N",LULA+EB,#27AE60,-4.84063,-66.92101,6,0.195,0.199,0.7,197,69.9,72,25.5,139,51.9,LULA+EB,0.395,positiva,66.4,26.8,50.8
9,CARAUARI,"AVENIDA FLORIANO PEIXOTO, S/N",LULA+EB,#27AE60,-4.91357,-66.87194,6,0.232,0.09,0.74,253,73.5,68,19.8,140,40.9,LULA+EB,0.322,positiva,69.9,20.8,40.1
10,CARAUARI,"ESTRADA CELINO DE MENEZES, 1397",LULA+EB,#27AE60,-4.86656,-66.89696,6,0.284,0.183,0.79,428,78.7,97,17.8,263,50.2,LULA+EB,0.466,positiva,74.7,18.7,49.2
11,CARAUARI,"ESTRADA CELINO DE MENEZES, 1397",LULA+EB,#27AE60,-4.91101,-66.89736,6,0.238,0.074,0.74,383,74.1,112,21.7,200,39.4,LULA+EB,0.312,positiva,70.4,22.7,38.6
12,CARAUARI,"ESTRADA CELINO DE MENEZES, 1397",LULA+EB,#27AE60,-4.89219,-66.88418,6,0.263,0.131,0.77,389,76.6,94,18.5,225,45.0,LULA+EB,0.393,positiva,72.7,19.4,44.1
13,CARAUARI,"ESTRADA CELINO DE MENEZES, 1397",LULA+EB,#27AE60,-4.9039,-66.90177,6,0.255,0.103,0.76,386,75.8,103,20.2,208,42.3,LULA+EB,0.359,positiva,72.0,21.2,41.4
14,CARAUARI,"RUA SAMUEL AMARAL, S/N",LULA+EB,#27AE60,-4.90295,-66.90634,6,0.25,0.22,0.75,391,75.3,109,21.0,275,53.9,LULA+EB,0.47,positiva,71.6,22.1,52.8
15,CARAUARI,"RUA SAMUEL AMARAL, S/N",LULA+EB,#27AE60,-4.87454,-66.9143,6,0.268,0.14,0.77,382,77.2,98,19.8,220,45.9,LULA+EB,0.408,positiva,73.3,20.8,45.0
16,CARAUARI,"RUA CINCO DE SETEMBRO, S/N",LULA+EB,#27AE60,-4.83952,-66.88571,6,0.27,0.189,0.77,398,77.3,102,19.8,258,50.8,LULA+EB,0.458,positiva,73.4,20.8,49.8
17,CARAUARI,"RUA MIGUEL SERAFIM, S/N",LULA+EB,#27AE60,-4.88966,-66.87926,6,0.242,0.212,0.75,325,74.5,97,22.2,224,53.1,LULA+EB,0.454,positiva,70.8,23.4,52.0
18,CARAUARI,"RUA CINCO DE SETEMBRO, S/N",LULA+EB,#27AE60,-4.86825,-66.91846,6,0.314,0.202,0.82,438,81.7,85,15.9,270,52.1,LULA+EB,0.516,positiva,77.6,16.7,51.1
19,CARAUARI,"RUA CINCO DE SETEMBRO, S/N",LULA+EB,#27AE60,-4.91592,-66.90785,6,0.278,0.224,0.78,385,78.1,97,19.7,267,54.4,LULA+EB,0.502,positiva,74.2,20.7,53.3
20,CARAUARI,"ESTRADA CELINO DE MENEZES, 1397",LULA+EB,#27AE60,-4.88891,-66.93904,6,0.276,0.119,0.78,428,78.0,110,20.0,233,43.8,LULA+EB,0.395,positiva,74.1,21.0,42.9
33,CARAUARI,"AVENIDA FLORIANO PEIXOTO, S/N",LULA+EB,#27AE60,-4.85773,-66.90983,6,0.211,0.189,0.71,257,71.4,85,23.6,175,50.9,LULA+EB,0.4,positiva,67.8,24.8,49.9
34,CARAUARI,"AVENIDA FLORIANO PEIXOTO, S/N",LULA+EB,#27AE60,-4.88477,-66.8864,6,0.238,0.141,0.74,260,74.1,75,21.4,158,46.1,LULA+EB,0.379,positiva,70.4,22.4,45.1
35,CARAUARI,"RUA FRANCISCO LIRA, S/N",LULA+EB,#27AE60,-4.89639,-66.89435,6,0.292,0.125,0.8,451,79.5,94,16.6,250,44.4,LULA+EB,0.417,positiva,75.6,17.4,43.5
36,CARAUARI,"ESTRADA CELINO DE MENEZES, 1397",LULA+EB,#27AE60,-4.88874,-66.86144,6,0.249,0.148,0.75,424,75.2,127,22.5,261,46.7,LULA+EB,0.396,positiva,71.4,23.6,45.8
37,CARAUARI,"AVENIDA FLORIANO PEIXOTO, S/N",LULA+EB,#27AE60,-4.87698,-66.88023,6,0.192,0.158,0.7,249,69.6,87,24.3,167,47.7,LULA+EB,0.35,positiva,66.1,25.5,46.8
38,CARAUARI,"RUA CINCO DE SETEMBRO, S/N",LULA+EB,#27AE60,-4.87959,-66.89698,6,0.266,0.186,0.77,403,76.9,111,21.2,261,50.5,LULA+EB,0.451,positiva,73.1,22.2,49.5
40,CARAUARI,"RUA FRANCISCO LIRA, S/N",LULA+EB,#27AE60,-4.87678,-66.88009,6,0.3,0.125,0.8,440,80.3,92,16.8,241,44.5,LULA+EB,0.425,positiva,76.3,17.6,43.6
46,CARAUARI,"AVENIDA FLORIANO PEIXOTO, S/N",LULA+EB,#27AE60,-4.87352,-66.93873,6,0.205,0.1,0.71,245,70.8,87,25.1,143,41.9,LULA+EB,0.305,positiva,67.3,26.4,41.1
47,CARAUARI,"RUA MIGUEL SERAFIM, S/N",LULA+EB,#27AE60,-4.86028,-66.91344,6,0.262,0.157,0.77,362,76.5,94,19.9,220,47.6,LULA+EB,0.419,positiva,72.7,20.9,46.7
48,CARAUARI,"RUA JORGE ALVES, S/N",LULA+EB,#27AE60,-4.93675,-66.89357,6,0.253,0.201,0.76,443,75.6,125,21.3,300,52.0,LULA+EB,0.453,positiva,71.8,22.4,51.0
49,CARAUARI,"RUA JORGE ALVES, S/N",LULA+EB,#27AE60,-4.84547,-66.88078,6,0.235,0.179,0.74,408,73.8,129,23.3,271,49.8,LULA+EB,0.413,positiva,70.1,24.5,48.8
51,CARAUARI,"RUA JORGE ALVES, S/N",LULA+EB,#27AE60,-4.90502,-66.90419,6,0.182,0.186,0.68,378,68.5,160,29.0,276,50.5,LULA+EB,0.368,positiva,65.1,30.4,49.5
52,CARAUARI,"RUA JORGE ALVES, S/N",LULA+EB,#27AE60,-4.89922,-66.8806,6,0.233,0.178,0.74,449,73.6,147,24.1,299,49.8,LULA+EB,0.411,positiva,69.9,25.3,48.8
53,CARAUARI,"RUA FRANCISCO LIRA, S/N",LULA+EB,#27AE60,-4.91001,-66.90365,6,0.258,0.111,0.76,418,76.1,116,21.1,236,43.1,LULA+EB,0.37,positiva,72.3,22.2,42.2
54,CARAUARI,"ESTRADA CELINO DE MENEZES, 1397",LULA+EB,#27AE60,-4.8818,-66.89979,6,0.242,0.177,0.74,391,74.5,112,21.3,256,49.6,LULA+EB,0.418,positiva,70.8,22.4,48.6
55,CARAUARI,"RUA JORGE ALVES, 580",LULA+EB,#27AE60,-4.89997,-66.90882,6,0.32,0.235,0.82,321,82.3,55,14.1,211,55.4,LULA+EB,0.554,positiva,78.2,14.8,54.3
57,CARAUARI,"RUA JORGE ALVES, 580",LULA+EB,#27AE60,-4.87462,-66.88704,6,0.275,0.191,0.78,278,77.9,61,17.1,182,51.0,LULA+EB,0.466,positiva,74.0,17.9,50.0
59,CARAUARI,"RUA JORGE ALVES, 580",LULA+EB,#27AE60,-4.85493,-66.86482,6,0.258,0.168,0.76,290,76.1,85,22.3,186,48.7,LULA+EB,0.426,positiva,72.3,23.4,47.7
60,CARAUARI,"RUA JORGE ALVES, 580",LULA+EB,#27AE60,-4.87357,-66.87838,6,0.204,0.113,0.71,299,70.7,105,24.8,179,43.2,LULA+EB,0.317,positiva,67.2,26.1,42.4
62,CARAUARI,"RUA JUSCELINO KUBITSCHECK, S/N",LULA+EB,#27AE60,-4.87064,-66.86831,6,0.216,0.135,0.72,282,71.9,91,23.2,176,45.5,LULA+EB,0.352,positiva,68.3,24.4,44.6
63,CARAUARI,"RUA JUSCELINO KUBITSCHECK, S/N",LULA+EB,#27AE60,-4.90705,-66.87889,6,0.224,0.113,0.73,290,72.7,97,24.3,169,43.2,LULA+EB,0.337,positiva,69.0,25.5,42.4
64,CARAUARI,"RUA JUSCELINO KUBITSCHECK, S/N",LULA+EB,#27AE60,-4.9256,-66.89144,6,0.206,0.204,0.71,292,70.9,102,24.8,211,52.4,LULA+EB,0.41,positiva,67.3,26.0,51.3
65,CARAUARI,"RUA JUSCELINO KUBITSCHECK, S/N",LULA+EB,#27AE60,-4.84984,-66.90858,6,0.207,0.138,0.71,287,71.0,96,23.8,181,45.7,LULA+EB,0.345,positiva,67.5,25.0,44.8
66,CARAUARI,"RUA JUSCELINO KUBITSCHECK, S/N",LULA+EB,#27AE60,-4.88028,-66.88834,6,0.233,0.124,0.74,287,73.6,85,21.8,168,44.3,LULA+EB,0.357,positiva,69.9,22.9,43.4
67,CARAUARI,"COMUNIDADE GOIABAL, RIO JURUÁ, MARGEM DIREITA",LULA+EB,#27AE60,-4.88392,-66.87347,6,0.408,0.339,0.91,123,91.1,6,4.4,81,65.9,LULA+EB,0.747,positiva,86.6,4.7,64.5
68,CARAUARI,"COMUNIDADE SANTO ANTÔNIO DO BRITO, RIO JURUÁ, MARGEM ESQUERDA",LULA+EB,#27AE60,-4.87157,-66.93537,6,0.307,0.271,0.81,321,81.1,67,16.9,223,59.0,LULA+EB,0.578,positiva,77.0,17.8,57.8
69,CARAUARI,"COMUNIDADE NOVA ESPERANÇA, RIO JURUÁ, MARGEM DIREITA",LULA+EB,#27AE60,-4.87458,-66.86728,6,0.13,0.254,0.63,207,63.3,112,34.3,183,57.4,LULA+EB,0.384,positiva,60.1,36.0,56.2
70,CARAUARI,"COMUNIDADE BOM JESUS, RIO JURUÁ, MARGEM ESQUERDA",LULA+EB,#27AE60,-4.90285,-66.92931,6,0.477,0.492,0.98,499,98.0,4,0.8,401,81.2,LULA+EB,0.97,positiva,93.1,0.8,79.6
71,CARAUARI,"COMUNIDADE BOA VISTA, RIO JURUÁ, MARGEM ESQUERDA",LULA+EB,#27AE60,-4.85324,-66.87514,6,0.189,0.302,0.69,306,69.2,130,29.4,262,62.1,LULA+EB,0.491,positiva,65.8,30.9,60.8
73,CARAUARI,"COMUNIDADE RESSACA, RIO JURUÁ, MARGEM DIREITA",LULA+EB,#27AE60,-4.88859,-66.86076,6,0.341,0.482,0,189,84.4,33,14.7,177,80.1,LULA+EB,0.822,positiva,80.2,15.5,78.5
76,CARAUARI,"COMUNIDADE ROQUE, RIO JURUÁ, MARGEM DIREITA",LULA+EB,#27AE60,-4.87626,-66.90475,6,0.286,0.323,0.79,386,78.9,95,19.4,311,64.3,LULA+EB,0.609,positiva,75.0,20.4,63.0
77,CARAUARI,"COMUNIDADE TABULEIRO, RIO JURUÁ, MARGEM DIREITA",LULA+EB,#27AE60,-4.87087,-66.91239,6,0.46,0.542,0.96,182,96.3,4,2.1,161,86.1,LULA+EB,1.001,positiva,91.5,2.2,84.4
78,CARAUARI,"COMUNIDADE NOVO HORIZONTE, RIO JURUÁ, MARGEM DIREITA",LULA+EB,#27AE60,-4.92434,-66.89606,6,0.442,0.472,0.95,329,94.5,15,4.3,266,79.2,LULA+EB,0.915,positiva,89.8,4.5,77.6
79,CARAUARI,"RUA MIGUEL SERAFIM, S/N",LULA+EB,#27AE60,-4.88189,-66.91671,6,0.276,0.138,0.78,367,77.9,91,19.3,211,45.8,LULA+EB,0.414,positiva,74.0,20.3,44.9
80,CARAUARI,ESTRADA IGARAPÉ DA ROÇA,LULA+EB,#27AE60,-4.91952,-66.87945,6,0.236,0.282,0.74,374,73.9,107,21.1,302,60.2,LULA+EB,0.518,positiva,70.2,22.2,59.0
82,CARAUARI,"RUA FRANCISCO LIRA, S/N",LULA+EB,#27AE60,-4.8834,-66.90765,6,0.306,0.097,0.81,445,80.9,98,17.8,225,41.6,LULA+EB,0.402,positiva,76.9,18.7,40.8
83,CARAUARI,"RUA SAMUEL AMARAL, S/N",LULA+EB,#27AE60,-4.85947,-66.90227,6,0.268,0.166,0.77,388,77.1,102,20.3,235,48.6,LULA+EB,0.434,positiva,73.3,21.3,47.6
84,CARAUARI,"RUA CINCO DE SETEMBRO, S/N",LULA+EB,#27AE60,-4.88704,-66.89312,6,0.254,0.142,0.76,396,75.7,112,21.4,235,46.2,LULA+EB,0.396,positiva,71.9,22.5,45.2
85,CARAUARI,"RUA JUSCELINO KUBITSCHECK, S/N",LULA+EB,#27AE60,-4.91014,-66.87443,6,0.185,0.215,0.69,260,68.8,103,27.2,202,53.4,LULA+EB,0.4,positiva,65.3,28.6,52.4
88,CARAUARI,"RUA JORGE ALVES, S/N",LULA+EB,#27AE60,-4.85133,-66.889,6,0.181,0.205,0.68,382,68.5,160,28.7,291,52.4,LULA+EB,0.386,positiva,65.0,30.1,51.4
89,CARAUARI,"RUA CINCO DE SETEMBRO, S/N",LULA+EB,#27AE60,-4.87666,-66.89977,6,0.318,0.212,0.82,427,82.1,84,16.2,272,53.1,LULA+EB,0.53,positiva,78.0,17.0,52.1
91,CARAUARI,"RUA JÚLIA TEIXEIRA DE MELO, S/N",LULA+EB,#27AE60,-4.87355,-66.92188,6,0.222,0.098,0.73,475,72.5,162,24.7,270,41.7,LULA+EB,0.32,positiva,68.9,26.0,40.9
92,CARAUARI,"RUA FRANCISCO LIRA, S/N",LULA+EB,#27AE60,-4.92445,-66.90006,6,0.284,0.079,0.79,437,78.7,101,18.2,218,39.8,LULA+EB,0.363,positiva,74.8,19.1,39.0
93,CARAUARI,"RUA CINCO DE SETEMBRO, S/N",LULA+EB,#27AE60,-4.86249,-66.89182,6,0.319,0.217,0.82,425,82.2,79,15.3,268,53.6,LULA+EB,0.536,positiva,78.1,16.0,52.5
94,CARAUARI,"RUA MIGUEL SERAFIM, S/N",LULA+EB,#27AE60,-4.9008,-66.90807,6,0.189,0.153,0,259,69.3,96,25.7,172,47.3,LULA+EB,0.343,positiva,65.8,27.0,46.3
95,CARAUARI,"RUA CINCO DE SETEMBRO, S/N",LULA+EB,#27AE60,-4.87406,-66.93232,6,0.348,0.233,0,223,85.1,34,13.0,142,55.3,LULA+EB,0.581,positiva,80.9,13.6,54.1
96,CARAUARI,"COMUNIDADE SÃO RAIMUNDO, RIO JURUÁ, MARGEM DIREITA",LULA+EB,#27AE60,-4.90503,-66.88149,6,0.497,0.625,0,180,100.0,0,0.0,168,94.4,LULA+EB,1.121,positiva,95.0,0.0,92.5
1,CAREIRO,"RUA JASMIM, S/N, NOVO HORIZONTE",LULA+EB,#27AE60,-3.21133,-60.34291,6,0.159,0.211,0.66,269,66.3,126,31.0,202,53.0,LULA+EB,0.37,positiva,62.9,32.6,52.0
2,CAREIRO,"RUA JASMIM, S/N, NOVO HORIZONTE",LULA+EB,#27AE60,-3.23118,-60.42309,6,0.172,0.187,0.67,274,67.5,122,30.0,194,50.7,LULA+EB,0.359,positiva,64.1,31.6,49.6
3,CAREIRO,"RUA JASMIM, S/N, NOVO HORIZONTE",LULA+EB,#27AE60,-3.23635,-60.33664,6,0.148,0.214,0.65,261,65.1,131,32.7,206,53.4,LULA+EB,0.362,positiva,61.8,34.3,52.3
4,CAREIRO,"RUA JASMIM, S/N, NOVO HORIZONTE",LULA+EB,#27AE60,-3.21976,-60.37175,6,0.144,0.174,0.65,271,64.7,140,33.4,196,49.4,LULA+EB,0.318,positiva,61.4,35.1,48.4
5,CAREIRO,"RUA JASMIM, S/N, NOVO HORIZONTE",LULA+EB,#27AE60,-3.25651,-60.36444,6,0.143,0.182,0.65,278,64.7,134,31.2,204,50.1,LULA+EB,0.325,positiva,61.4,32.7,49.1
6,CAREIRO,"BR 319 KM 112, SEBASTIÃO BORGES",LULA+EB,#27AE60,-3.24538,-60.34054,6,0.093,0.181,0.6,252,59.6,157,37.1,206,50.0,LULA+EB,0.273,positiva,56.6,39.0,49.0
7,CAREIRO,"BR 319 KM 112, SEBASTIÃO BORGES",LULA+EB,#27AE60,-3.26295,-60.39916,6,0.104,0.128,0.61,250,60.7,143,34.7,178,44.7,LULA+EB,0.232,positiva,57.6,36.4,43.8
9,CAREIRO,"BR 319 KM 112, SEBASTIÃO BORGES",LULA+EB,#27AE60,-3.24033,-60.37385,6,0.136,0.201,0.64,248,63.9,123,31.7,191,52.0,LULA+EB,0.337,positiva,60.7,33.3,51.0
10,CAREIRO,"BR 319 KM 112, SEBASTIÃO BORGES",LULA+EB,#27AE60,-3.21995,-60.36784,6,0.158,0.173,0.66,275,66.1,128,30.8,194,49.2,LULA+EB,0.331,positiva,62.8,32.3,48.3
11,CAREIRO,"RUA ARACA, S/N, VISTA ALEGRE",LULA+EB,#27AE60,-3.19342,-60.38159,6,0.136,0.155,0.64,386,63.9,190,31.5,277,47.4,LULA+EB,0.291,positiva,60.7,33.0,46.5
12,CAREIRO,"BR 319 KM 112, SEBASTIÃO BORGES",LULA+EB,#27AE60,-3.23141,-60.35081,6,0.087,0.187,0.59,242,59.0,151,36.8,201,50.6,LULA+EB,0.274,positiva,56.1,38.7,49.6
21,CAREIRO,"COM. DO MUTIRAO, DISTRITO PURUPURU, ZONA RURAL",LULA+EB,#27AE60,-3.24372,-60.32333,6,0.163,0.048,0.67,317,66.6,146,30.7,168,36.8,LULA+EB,0.211,positiva,63.3,32.2,36.0
22,CAREIRO,"COM. DO MUTIRAO, DISTRITO PURUPURU, ZONA RURAL",LULA+EB,#27AE60,-3.23418,-60.37078,6,0.193,0.008,0.7,327,69.6,132,28.1,150,32.7,LULA+EB,0.2,positiva,66.1,29.5,32.0
23,CAREIRO,"COM. SANTA MARIA, CABECEIRA DO PURUPURU, ZONA RURAL",PURO_SWING,#F4D03F,-3.19714,-60.4018,6,0.184,-0.023,0.69,191,68.7,78,28.1,77,29.6,PURO_SWING,0.161,positiva,65.3,29.5,29.0
29,CAREIRO,"LAGO DO ANVERES, ZONA RURAL",LULA+EB,#27AE60,-3.20014,-60.36614,6,0.158,0.112,0.66,387,66.2,165,28.2,243,43.1,LULA+EB,0.27,positiva,62.8,29.6,42.2
30,CAREIRO,"COM. DO TILHEIRO, DISTRITO JANAUACA, ZONA RURAL",LULA+EB,#27AE60,-3.23322,-60.39129,6,0.24,0.293,0.74,260,74.3,78,22.3,196,61.3,LULA+EB,0.533,positiva,70.6,23.4,60.0
31,CAREIRO,"LAGO DO DISTRITO DE MAMORI, ZONA RURAL",LULA+EB,#27AE60,-3.23567,-60.39368,6,0.072,0.182,0.58,333,57.5,218,37.7,282,50.1,LULA+EB,0.254,positiva,54.6,39.5,49.1
47,CAREIRO,"RUA PARAUA, S/N, CENTRO",LULA+EB,#27AE60,-3.21393,-60.33559,6,0.059,0.106,0.56,240,56.2,168,39.3,168,42.5,LULA+EB,0.165,positiva,53.4,41.3,41.7
48,CAREIRO,"VILA DO SAMAUMA, DISTRITO DE JANAUACA, ZONA RURAL",LULA+EB,#27AE60,-3.18887,-60.35605,6,0.07,0.081,0.57,200,57.3,133,38.1,135,40.1,LULA+EB,0.151,positiva,54.4,40.0,39.3
49,CAREIRO,"CABECEIRA DO DISTRITO DE JANAUACA, ZONA RURAL",BOLSO+EB,#E67E22,-3.23857,-60.41507,6,-0.231,-0.034,0.27,116,27.2,297,69.7,117,28.5,BOLSO+EB,-0.265,negativa,25.9,73.2,28.0
50,CAREIRO,"COM. DE BOA VISTA, DISTRITO DE JANAUACA, ZONA RURAL",LULA+EB,#27AE60,-3.23516,-60.3824,6,0.19,0.095,0.69,240,69.4,95,27.5,137,41.4,LULA+EB,0.285,positiva,65.9,28.8,40.6
63,CAREIRO,"RUA PARAUA, S/N, CENTRO",LULA+EB,#27AE60,-3.22932,-60.40203,6,0.131,0.161,0.63,269,63.4,137,32.3,195,48.0,LULA+EB,0.292,positiva,60.3,33.9,47.1
64,CAREIRO,"RUA JASMIM, S/N, NOVO HORIZONTE",LULA+EB,#27AE60,-3.21111,-60.41291,6,0.13,0.155,0.63,281,63.3,153,34.5,199,47.4,LULA+EB,0.284,positiva,60.1,36.2,46.4
65,CAREIRO,"COM. DO TILHEIRO, DISTRITO JANAUACA, ZONA RURAL",LULA+EB,#27AE60,-3.22895,-60.35735,6,0.162,0.277,0.66,242,66.5,116,31.9,202,59.6,LULA+EB,0.438,positiva,63.2,33.5,58.4
78,CAREIRO,"RUA PARAUA, S/N, CENTRO",LULA+EB,#27AE60,-3.21633,-60.37504,6,0.081,0.167,0.58,244,58.4,158,37.8,198,48.6,LULA+EB,0.248,positiva,55.5,39.7,47.7
79,CAREIRO,"RUA PARAUA, S/N, CENTRO",LULA+EB,#27AE60,-3.23255,-60.37841,6,0.089,0.162,0.59,251,59.2,156,36.8,201,48.1,LULA+EB,0.25,positiva,56.2,38.6,47.1
80,CAREIRO,"RUA PARAUA, S/N, CENTRO",LULA+EB,#27AE60,-3.25666,-60.39598,6,0.056,0.135,0.56,236,55.9,175,41.5,184,45.4,LULA+EB,0.191,positiva,53.1,43.5,44.5
81,CAREIRO,"RUA ARACA, S/N, VISTA ALEGRE",LULA+EB,#27AE60,-3.22797,-60.35997,6,0.149,0.145,0.65,225,65.2,102,29.6,155,46.4,LULA+EB,0.294,positiva,62.0,31.0,45.5
82,CAREIRO,"RUA ARACA, S/N, VISTA ALEGRE",LULA+EB,#27AE60,-3.17971,-60.36619,6,0.134,0.191,0.64,232,63.7,110,30.2,177,51.0,LULA+EB,0.325,positiva,60.5,31.7,50.0
83,CAREIRO,"PARANA DO DISTRITO DE MAMORI, ZONA RURAL",LULA+EB,#27AE60,-3.21686,-60.35371,6,0.27,0.076,0.77,378,77.3,95,19.4,185,39.5,LULA+EB,0.346,positiva,73.4,20.4,38.7
85,CAREIRO,"BR 319, KM 22, ZONA RURAL",DIFÍCIL,#E74C3C,-3.20994,-60.35616,6,0.18,-0.059,0.68,250,68.3,100,27.3,91,26.0,DIFÍCIL,0.121,positiva,64.9,28.7,25.5
91,CAREIRO,"BR 319 KM 40, PARANA DO ARACA, ZONA RURAL",LULA+EB,#27AE60,-3.23941,-60.37303,6,0.148,0.073,0.65,267,65.1,133,32.4,154,39.2,LULA+EB,0.221,positiva,61.9,34.1,38.4
94,CAREIRO,"RUA ARACA, S/N, VISTA ALEGRE",LULA+EB,#27AE60,-3.20657,-60.36866,6,0.151,0.213,0.65,225,65.4,100,29.1,181,53.2,LULA+EB,0.364,positiva,62.1,30.5,52.2
95,CAREIRO,"COM. DO MUTIRAO, DISTRITO PURUPURU, ZONA RURAL",LULA+EB,#27AE60,-3.1785,-60.39862,6,0.168,0.036,0.67,330,67.1,146,29.7,165,35.5,LULA+EB,0.203,positiva,63.7,31.2,34.8
96,CAREIRO,"RUA PARAUA, S/N, CENTRO",LULA+EB,#27AE60,-3.17765,-60.38326,6,0.072,0.159,0.58,249,57.5,167,38.6,202,47.9,LULA+EB,0.231,positiva,54.6,40.5,46.9
97,CAREIRO,"RUA JASMIM, S/N, NOVO HORIZONTE",LULA+EB,#27AE60,-3.24609,-60.37824,6,0.098,0.091,0.6,250,60.1,149,35.8,165,41.0,LULA+EB,0.189,positiva,57.1,37.6,40.2
98,CAREIRO,"VILA DO SAMAUMA, DISTRITO DE JANAUACA, ZONA RURAL",LULA+EB,#27AE60,-3.21172,-60.40498,6,0.055,0.124,0.56,178,55.8,138,43.3,134,44.4,LULA+EB,0.179,positiva,53.0,45.4,43.5
99,CAREIRO,"ESTRADA DE AUTAZES, AM 254 KM 6, ZONA RURAL",LULA+EB,#27AE60,-3.21808,-60.38103,6,0.17,0.142,0.67,336,67.3,150,30.1,221,46.1,LULA+EB,0.312,positiva,64.0,31.6,45.2
101,CAREIRO,"CABECEIRA DO DISTRITO DE JANAUACA, ZONA RURAL",BOLSO+EB,#E67E22,-3.22097,-60.33571,6,-0.262,-0.048,0.24,104,24.1,315,73.1,113,27.1,BOLSO+EB,-0.31,negativa,22.9,76.7,26.6
102,CAREIRO,"BR 319 KM 40, PARANA DO ARACA, ZONA RURAL",LULA+EB,#27AE60,-3.24157,-60.40813,6,0.22,0.192,0.72,298,72.3,103,25.0,203,51.1,LULA+EB,0.412,positiva,68.7,26.2,50.1
103,CAREIRO,"LAGO DO DISTRITO DE MAMORI, ZONA RURAL",LULA+EB,#27AE60,-3.24121,-60.38137,6,0.148,0.182,0.65,200,65.1,98,31.9,147,50.2,LULA+EB,0.331,positiva,61.9,33.5,49.2
104,CAREIRO,"BR 319 KM 40, PARANA DO ARACA, ZONA RURAL",LULA+EB,#27AE60,-3.22492,-60.35849,6,0.085,0.118,0.59,236,58.9,153,38.2,173,43.7,LULA+EB,0.203,positiva,55.9,40.1,42.8
105,CAREIRO,"COM. DO TILHEIRO, DISTRITO JANAUACA, ZONA RURAL",LULA+EB,#27AE60,-3.24654,-60.32944,6,0.226,0.274,0.73,277,72.9,97,25.5,210,59.3,LULA+EB,0.5,positiva,69.3,26.8,58.1
107,CAREIRO,"ESTRADA DE AUTAZES, AM 254 KM 6, ZONA RURAL",LULA+EB,#27AE60,-3.20573,-60.36465,6,0.141,0.075,0.64,310,64.4,157,32.6,179,39.4,LULA+EB,0.216,positiva,61.2,34.3,38.6
109,CAREIRO,"PARANA DO DISTRITO DE MAMORI, ZONA RURAL",LULA+EB,#27AE60,-3.21623,-60.3455,6,0.262,0.058,0.77,433,76.5,122,21.6,205,37.7,LULA+EB,0.319,positiva,72.7,22.6,36.9
110,CAREIRO,"COM. DA TAPAGEM, DISTRITO DE JANAUACA, ZONA RURAL",LULA+EB,#27AE60,-3.19337,-60.38683,6,0.247,0.15,0.75,432,75.0,121,21.0,264,47.0,LULA+EB,0.397,positiva,71.2,22.1,46.0
111,CAREIRO,"ESTRADA DE AUTAZES, AM 254, KM 32, ZONA RURAL",LULA+EB,#27AE60,-3.21672,-60.38252,6,0.059,0.081,0.56,207,56.2,142,38.6,141,40.1,LULA+EB,0.141,positiva,53.4,40.5,39.3
112,CAREIRO,"BR 319, KM 140, ZONA RURAL",LULA+EB,#27AE60,-3.19805,-60.34122,6,0.075,0.17,0.58,188,57.8,120,36.9,140,49.0,LULA+EB,0.245,positiva,55.0,38.8,48.0
113,CAREIRO,"RIO JUMA, PARANA DO MAMORI, ZONA RURAL",LULA+EB,#27AE60,-3.22265,-60.36912,6,0.219,0.345,0.72,125,72.3,43,24.9,109,66.5,LULA+EB,0.565,positiva,68.6,26.1,65.1
115,CAREIRO,"BR 319 KM 40, PARANA DO ARACA, ZONA RURAL",LULA+EB,#27AE60,-3.23803,-60.36907,6,0.087,0.14,0.59,206,59.0,128,36.7,158,45.9,LULA+EB,0.227,positiva,56.1,38.5,45.0
116,CAREIRO,"RAMAL DO SÃO JOSÉ, KM 17, ZONA RURAL",LULA+EB,#27AE60,-3.21486,-60.37589,6,0.076,0.051,0.58,311,57.9,218,40.6,187,37.0,LULA+EB,0.127,positiva,55.0,42.6,36.3
117,CAREIRO,"PARANA DO PACATUBA, ZONA RURAL",LULA+EB,#27AE60,-3.22372,-60.36985,6,0.331,0.33,0.83,281,83.4,50,14.8,209,64.9,LULA+EB,0.66,positiva,79.2,15.6,63.6
118,CAREIRO,"COM. DO MUTIRAO, DISTRITO PURUPURU, ZONA RURAL",LULA+EB,#27AE60,-3.2217,-60.37436,6,0.125,0.047,0.63,292,62.8,163,35.1,163,36.6,LULA+EB,0.172,positiva,59.7,36.8,35.9
119,CAREIRO,"LAGO PRETO, ZONA RURAL",LULA+EB,#27AE60,-3.22991,-60.36485,6,0.216,0.292,0.72,238,71.9,77,23.3,192,61.1,LULA+EB,0.508,positiva,68.3,24.4,59.9
120,CAREIRO,"RUA ARACA, S/N, VISTA ALEGRE",LULA+EB,#27AE60,-3.23564,-60.37255,6,0.099,0.168,0.6,188,60.3,104,33.3,150,48.7,LULA+EB,0.267,positiva,57.2,35.0,47.7
121,CAREIRO,"RUA PARAUA, S/N, CENTRO",PURO_SWING,#F4D03F,-3.18551,-60.3332,6,0.021,0.136,0.52,209,52.4,169,42.4,180,45.6,PURO_SWING,0.157,positiva,49.8,44.5,44.7
122,CAREIRO,"BR 319 KM 112, SEBASTIÃO BORGES",LULA+EB,#27AE60,-3.20982,-60.37468,6,0.059,0.209,0.56,232,56.2,170,41.2,214,52.8,LULA+EB,0.268,positiva,53.4,43.2,51.8
123,CAREIRO,"COM. DO MUTIRAO, DISTRITO PURUPURU, ZONA RURAL",LULA+EB,#27AE60,-3.22215,-60.39992,6,0.066,0.035,0.57,235,56.9,165,40.0,142,35.4,LULA+EB,0.101,positiva,54.1,41.9,34.7
124,CAREIRO,"BR 319 KM 40, PARANA DO ARACA, ZONA RURAL",LULA+EB,#27AE60,-3.25925,-60.38108,6,0.067,0.142,0.57,208,57.0,140,38.4,160,46.1,LULA+EB,0.208,positiva,54.1,40.3,45.2
125,CAREIRO,"VILA DO SAMAUMA, DISTRITO DE JANAUACA, ZONA RURAL",EB_PURO,#8E44AD,-3.19258,-60.35845,6,-0.052,0.072,0,124,45.1,146,53.1,103,39.2,EB_PURO,0.02,negativa,42.8,55.7,38.4
126,CAREIRO,"BR 319 KM 112, SEBASTIÃO BORGES",LULA+EB,#27AE60,-3.21533,-60.38318,6,0.062,0.231,0.57,234,56.5,169,40.8,217,55.1,LULA+EB,0.293,positiva,53.7,42.9,54.0
127,CAREIRO,"BR 319 KM 112, SEBASTIÃO BORGES",LULA+EB,#27AE60,-3.2199,-60.37164,6,0.056,0.13,0.56,221,55.9,157,39.7,169,44.9,LULA+EB,0.186,positiva,53.2,41.7,44.0
129,CAREIRO,"ESTRADA DE AUTAZES, AM 254, KM 32, ZONA RURAL",LULA+EB,#27AE60,-3.2219,-60.37726,6,0.035,0.138,0,178,53.8,137,41.4,149,45.7,LULA+EB,0.172,positiva,51.1,43.5,44.8
130,CAREIRO,"RUA ARACA, S/N, VISTA ALEGRE",LULA+EB,#27AE60,-3.22251,-60.3788,6,0.096,0.145,0.6,184,59.9,110,35.8,136,46.4,LULA+EB,0.241,positiva,56.9,37.6,45.5
131,CAREIRO,"BR 319, KM 22, ZONA RURAL",DIFÍCIL,#E74C3C,-3.21237,-60.38097,6,0.198,-0.057,0.7,256,70.1,107,29.3,93,26.3,DIFÍCIL,0.142,positiva,66.6,30.8,25.7
132,CAREIRO,"ESTRADA DE AUTAZES, AM 254 KM 6, ZONA RURAL",LULA+EB,#27AE60,-3.22254,-60.36562,6,0.125,0.06,0.63,299,62.8,165,34.7,173,37.9,LULA+EB,0.185,positiva,59.7,36.4,37.2
133,CAREIRO,"RUA PARAUA, S/N, CENTRO",LULA+EB,#27AE60,-3.24639,-60.39869,6,0.066,0.148,0.57,287,56.9,197,39.1,227,46.7,LULA+EB,0.214,positiva,54.1,41.0,45.8
134,CAREIRO,"RUA ARACA, S/N, VISTA ALEGRE",LULA+EB,#27AE60,-3.24516,-60.3884,6,0.071,0.111,0.57,206,57.4,137,38.2,149,43.1,LULA+EB,0.182,positiva,54.5,40.1,42.2
135,CAREIRO,"COM. DE SÃO JOSÉ, LAGO DO MAMORI, ZONA RURAL",LULA+EB,#27AE60,-3.2129,-60.3457,6,0.239,0.321,0.74,277,74.3,85,22.8,226,64.0,LULA+EB,0.56,positiva,70.5,23.9,62.7
136,CAREIRO,"BR 319 KM 40, PARANA DO ARACA, ZONA RURAL",LULA+EB,#27AE60,-3.21918,-60.36835,6,0.19,0.201,0,242,69.3,97,27.8,178,52.0,LULA+EB,0.391,positiva,65.9,29.2,51.0
137,CAREIRO,"LAGO DO MIRA, DISTRITO DE MAMORI, ZONA RURAL",LULA+EB,#27AE60,-3.23378,-60.35092,6,0.388,0.347,0.89,287,89.1,18,5.6,204,66.7,LULA+EB,0.735,positiva,84.7,5.9,65.3
138,CAREIRO,"LAGO DO CAAPIRANGA, DISTRITO DE JANAUACA, ZONA RURAL",LULA+EB,#27AE60,-3.23152,-60.39666,6,0.209,0.231,0.71,294,71.2,109,26.4,223,55.1,LULA+EB,0.44,positiva,67.6,27.7,54.0
139,CAREIRO,"BR 319 KM 112, SEBASTIÃO BORGES",LULA+EB,#27AE60,-3.22061,-60.37227,6,0.093,0.201,0.6,213,59.7,131,36.7,180,52.0,LULA+EB,0.294,positiva,56.7,38.5,51.0
140,CAREIRO,"BR 319 KM 40, PARANA DO ARACA, ZONA RURAL",LULA+EB,#27AE60,-3.22267,-60.36484,6,0.141,0.127,0.64,235,64.4,119,32.6,157,44.6,LULA+EB,0.267,positiva,61.2,34.2,43.7
142,CAREIRO,"COM. DO MUTIRAO, DISTRITO PURUPURU, ZONA RURAL",LULA+EB,#27AE60,-3.25212,-60.34372,6,0.071,0.071,0.57,247,57.4,168,39.1,164,39.0,LULA+EB,0.142,positiva,54.6,41.0,38.3
143,CAREIRO,"RUA JASMIM, S/N, NOVO HORIZONTE",LULA+EB,#27AE60,-3.26262,-60.37847,6,0.131,0.186,0.63,244,63.4,128,33.2,185,50.5,LULA+EB,0.317,positiva,60.2,34.9,49.5
189,CAREIRO,"RUA JASMIM, S/N, NOVO HORIZONTE",LULA+EB,#27AE60,-3.21965,-60.36943,6,0.133,0.142,0,170,63.7,84,31.5,120,46.2,LULA+EB,0.276,positiva,60.5,33.0,45.2
190,CAREIRO,"BR 319 KM 112, SEBASTIÃO BORGES",LULA+EB,#27AE60,-3.23451,-60.3221,6,0.126,0.185,0,278,62.9,149,33.7,216,50.5,LULA+EB,0.311,positiva,59.8,35.4,49.5
192,CAREIRO,"BR 319 KM 112, SEBASTIÃO BORGES",LULA+EB,#27AE60,-3.23417,-60.32516,6,0.064,0.117,0,377,56.7,271,40.8,282,43.6,LULA+EB,0.18,positiva,53.9,42.8,42.7
193,CAREIRO,"BR 319 KM 112, SEBASTIÃO BORGES",LULA+EB,#27AE60,-3.21393,-60.35899,6,0.097,0.164,0,276,60.0,163,35.4,212,48.3,LULA+EB,0.26,positiva,57.0,37.2,47.3
748,CAREIRO DA VÁRZEA,COSTA DO MARIMBA,PURO_SWING,#F4D03F,-3.24771,-60.41897,6,0.296,-0.049,0,411,80.0,72,14.0,133,27.0,PURO_SWING,0.247,positiva,76.0,14.7,26.5
749,CAREIRO DA VÁRZEA,COSTA DO MARIMBA,DIFÍCIL,#E74C3C,-3.21392,-60.44586,6,0.303,-0.054,0,442,80.7,72,13.1,141,26.6,DIFÍCIL,0.25,positiva,76.6,13.8,26.0
750,CAREIRO DA VÁRZEA,PARANA DE TERRA NOVA,LULA+EB,#27AE60,-3.26766,-60.42767,6,0.183,0.138,0,321,68.6,132,28.2,202,45.7,LULA+EB,0.32,positiva,65.2,29.6,44.8
751,CAREIRO DA VÁRZEA,PARANA DE TERRA NOVA,LULA+EB,#27AE60,-3.25514,-60.39012,6,0.15,0.092,0,297,65.3,134,29.5,179,41.1,LULA+EB,0.242,positiva,62.0,30.9,40.3
752,CAREIRO DA VÁRZEA,PARANA DE TERRA NOVA,LULA+EB,#27AE60,-3.22503,-60.38654,6,0.178,0.123,0,329,68.1,136,28.2,205,44.2,LULA+EB,0.3,positiva,64.7,29.6,43.3
753,CAREIRO DA VÁRZEA,COSTA DE TERRA NOVA,LULA+EB,#27AE60,-3.23152,-60.40828,6,0.169,0.194,0,308,67.2,137,29.9,227,51.4,LULA+EB,0.364,positiva,63.9,31.4,50.3
754,CAREIRO DA VÁRZEA,COSTA DE TERRA NOVA,LULA+EB,#27AE60,-3.24889,-60.44202,6,0.137,0.143,0,310,64.0,159,32.9,214,46.2,LULA+EB,0.28,positiva,60.8,34.5,45.3
755,CAREIRO DA VÁRZEA,LAGO DO CUMA,LULA+EB,#27AE60,-3.23526,-60.41258,6,0.128,0.204,0,234,63.1,120,32.3,189,52.4,LULA+EB,0.332,positiva,59.9,34.0,51.3
756,CAREIRO DA VÁRZEA,LAGO DO CUMA,LULA+EB,#27AE60,-3.22637,-60.37224,6,0.017,0.143,0,196,52.0,174,46.2,166,46.2,LULA+EB,0.16,positiva,49.4,48.5,45.3
757,CAREIRO DA VÁRZEA,BR 319 KM  0 PORTO DA BALSA,LULA+EB,#27AE60,-3.20994,-60.44656,6,0.072,0.018,0,346,57.6,240,39.9,192,33.7,LULA+EB,0.091,positiva,54.7,41.9,33.1
758,CAREIRO DA VÁRZEA,BR 319 KM  0 PORTO DA BALSA,PURO_SWING,#F4D03F,-3.23183,-60.38772,6,0.012,-0.039,0,293,51.5,257,45.2,150,28.0,PURO_SWING,-0.028,positiva,48.9,47.4,27.4
759,CAREIRO DA VÁRZEA,BR 319 KM  0 PORTO DA BALSA,PURO_SWING,#F4D03F,-3.26428,-60.39704,6,0.065,-0.044,0,339,56.8,244,40.9,156,27.6,PURO_SWING,0.021,positiva,53.9,42.9,27.0
760,CAREIRO DA VÁRZEA,BR 319 KM  0 PORTO DA BALSA,PURO_SWING,#F4D03F,-3.25505,-60.36487,6,0.05,-0.019,0,303,55.3,225,41.1,152,30.0,PURO_SWING,0.031,positiva,52.5,43.1,29.4
761,CAREIRO DA VÁRZEA,BR 319 KM  0 PORTO DA BALSA,PURO_SWING,#F4D03F,-3.20752,-60.38478,6,0.023,-0.026,0,272,52.6,228,44.1,147,29.3,PURO_SWING,-0.003,positiva,50.0,46.3,28.8
762,CAREIRO DA VÁRZEA,RUA 1 DE JANEIRO S/N,LULA+EB,#27AE60,-3.18579,-60.40182,6,0.096,0.139,0,265,60.0,161,36.4,196,45.8,LULA+EB,0.235,positiva,57.0,38.2,44.9
763,CAREIRO DA VÁRZEA,RUA 1 DE JANEIRO S/N,LULA+EB,#27AE60,-3.21727,-60.41558,6,0.011,0.061,0,245,51.5,201,42.2,169,38.1,LULA+EB,0.073,positiva,48.9,44.3,37.3
764,CAREIRO DA VÁRZEA,RUA 1 DE JANEIRO S/N,LULA+EB,#27AE60,-3.21037,-60.44217,6,0.123,0.152,0,280,62.6,153,34.2,198,47.1,LULA+EB,0.275,positiva,59.5,35.9,46.2
765,CAREIRO DA VÁRZEA,RUA 1 DE JANEIRO S/N,LULA+EB,#27AE60,-3.24261,-60.42001,6,0.068,0.126,0,274,57.1,181,37.7,203,44.5,LULA+EB,0.193,positiva,54.2,39.6,43.6
766,CAREIRO DA VÁRZEA,RUA 1 DE JANEIRO S/N,LULA+EB,#27AE60,-3.24994,-60.39024,6,0.02,0.156,0,240,52.3,197,42.9,214,47.6,LULA+EB,0.176,positiva,49.7,45.1,46.6
767,CAREIRO DA VÁRZEA,RUA 1 DE JANEIRO S/N,LULA+EB,#27AE60,-3.27299,-60.44187,6,0.039,0.109,0,251,54.2,189,40.8,194,42.8,LULA+EB,0.148,positiva,51.5,42.9,42.0
768,CAREIRO DA VÁRZEA,RUA 1 DE JANEIRO S/N,LULA+EB,#27AE60,-3.20625,-60.4275,6,-0.008,0.095,0,225,49.6,215,47.4,178,41.4,LULA+EB,0.087,estável,47.1,49.7,40.6
769,CAREIRO DA VÁRZEA,RUA 1 DE JANEIRO S/N,LULA+EB,#27AE60,-3.28424,-60.39838,6,0.026,0.078,0,224,53.0,176,41.6,159,39.8,LULA+EB,0.105,positiva,50.3,43.7,39.0
770,CAREIRO DA VÁRZEA,"AVENIDA JOSÉ RIBAMAR BARROSO, S/N",LULA+EB,#27AE60,-3.2043,-60.38512,6,0.011,0.099,0,195,51.5,170,44.9,149,41.9,LULA+EB,0.111,positiva,48.9,47.1,41.0
771,CAREIRO DA VÁRZEA,"AVENIDA JOSÉ RIBAMAR BARROSO, S/N",LULA+EB,#27AE60,-3.28414,-60.38708,6,0.07,0.104,0,219,57.3,147,38.5,154,42.3,LULA+EB,0.174,positiva,54.5,40.4,41.5
772,CAREIRO DA VÁRZEA,"AVENIDA JOSÉ RIBAMAR BARROSO, S/N",LULA+EB,#27AE60,-3.29016,-60.41766,6,0.031,0.1,0,205,53.4,158,41.1,155,41.9,LULA+EB,0.13,positiva,50.7,43.2,41.1
773,CAREIRO DA VÁRZEA,"AVENIDA JOSÉ RIBAMAR BARROSO, S/N",LULA+EB,#27AE60,-3.22616,-60.41879,6,0.002,0.063,0,192,50.5,174,45.8,141,38.2,LULA+EB,0.065,estável,48.0,48.1,37.4
774,CAREIRO DA VÁRZEA,PARANA DO CAMBIXE,LULA+EB,#27AE60,-3.2454,-60.41579,6,0.15,0.015,0,230,65.3,114,32.4,117,33.4,LULA+EB,0.165,positiva,62.1,34.0,32.8
775,CAREIRO DA VÁRZEA,PARANA DO CAMBIXE,LULA+EB,#27AE60,-3.25251,-60.39385,6,0.179,0.013,0,258,68.3,108,28.6,120,33.2,LULA+EB,0.192,positiva,64.8,30.0,32.6
776,CAREIRO DA VÁRZEA,PARANA DO AUTAZ COMUNIDADE SANTA LUZIA,LULA+EB,#27AE60,-3.20963,-60.41557,6,-0.005,0.063,0,304,49.8,293,48.0,225,38.3,LULA+EB,0.059,estável,47.3,50.4,37.5
778,CAREIRO DA VÁRZEA,PARANA DO AUTAZ COMUNIDADE SANTA LUZIA,PURO_SWING,#F4D03F,-3.26018,-60.41471,6,0.027,0.011,0,320,53.1,268,44.4,194,33.0,PURO_SWING,0.038,positiva,50.4,46.7,32.3
780,CAREIRO DA VÁRZEA,PARANA DO AUTAZ COMUNIDADE SANTA LUZIA,LULA+EB,#27AE60,-3.2506,-60.41802,6,0.008,0.078,0,162,51.1,150,47.3,122,39.7,LULA+EB,0.086,estável,48.5,49.7,38.9
781,CAREIRO DA VÁRZEA,LAGO DO MIRITI,LULA+EB,#27AE60,-3.20757,-60.41994,6,0.269,0.166,0,514,77.2,140,21.0,318,48.5,LULA+EB,0.435,positiva,73.3,22.1,47.6
784,CAREIRO DA VÁRZEA,COMUNIDADE PARAUA,LULA+EB,#27AE60,-3.18547,-60.41124,6,0.177,0.127,0,417,68.0,174,28.4,264,44.6,LULA+EB,0.304,positiva,64.6,29.8,43.7
786,CAREIRO DA VÁRZEA,COMUNIDADE PARAUA,LULA+EB,#27AE60,-3.24639,-60.42429,6,0.217,0.224,0,438,72.0,150,24.7,320,54.3,LULA+EB,0.441,positiva,68.4,25.9,53.2
788,CAREIRO DA VÁRZEA,COMUNIDADE PARAUA,LULA+EB,#27AE60,-3.22172,-60.43659,6,0.141,0.095,0,201,64.4,99,31.7,125,41.4,LULA+EB,0.236,positiva,61.2,33.3,40.6
789,CAREIRO DA VÁRZEA,GURUPA,LULA+EB,#27AE60,-3.22591,-60.4227,6,0.082,0.131,0,246,58.6,161,38.3,186,45.0,LULA+EB,0.214,positiva,55.6,40.3,44.1
790,CAREIRO DA VÁRZEA,GURUPA,LULA+EB,#27AE60,-3.21188,-60.45681,6,0.092,0.188,0,251,59.5,161,38.2,210,50.7,LULA+EB,0.28,positiva,56.5,40.1,49.7
791,CAREIRO DA VÁRZEA,GURUPA,LULA+EB,#27AE60,-3.22391,-60.40614,6,0.076,0.159,0,237,57.9,154,37.7,187,47.8,LULA+EB,0.235,positiva,55.0,39.5,46.9
792,CAREIRO DA VÁRZEA,CURARI GRANDE,LULA+EB,#27AE60,-3.19878,-60.38519,6,0.221,0.189,0,396,72.4,128,23.4,274,50.8,LULA+EB,0.41,positiva,68.8,24.6,49.8
794,CAREIRO DA VÁRZEA,CURARI GRANDE,LULA+EB,#27AE60,-3.23029,-60.45769,6,0.216,0.092,0,379,71.9,132,25.0,212,41.1,LULA+EB,0.308,positiva,68.3,26.3,40.3
796,CAREIRO DA VÁRZEA,PARANA DO CURARIZINHO,LULA+EB,#27AE60,-3.26223,-60.41023,6,0.156,0.129,0,335,65.9,152,29.9,216,44.8,LULA+EB,0.285,positiva,62.6,31.4,43.9
798,CAREIRO DA VÁRZEA,COSTA DO CURUCA,LULA+EB,#27AE60,-3.24228,-60.42031,6,0.17,0.221,0,394,67.4,169,28.9,307,54.0,LULA+EB,0.391,positiva,64.0,30.3,53.0
800,CAREIRO DA VÁRZEA,LAGO DO ALPIPICA,PURO_SWING,#F4D03F,-3.21528,-60.42201,6,0.176,-0.032,0,372,67.9,151,27.6,150,28.7,PURO_SWING,0.144,positiva,64.5,28.9,28.2
801,CAREIRO DA VÁRZEA,RIO MUTUCA,DIFÍCIL,#E74C3C,-3.24235,-60.40505,6,-0.07,-0.111,0,157,43.4,191,52.8,73,20.8,DIFÍCIL,-0.181,negativa,41.2,55.4,20.4
802,CAREIRO DA VÁRZEA,COMUNIDADE CRISTO RESSUSCITADO - MURUMURUTUBA,EB_PURO,#8E44AD,-3.20637,-60.4151,6,-0.048,0.076,0,258,45.5,284,50.1,216,39.5,EB_PURO,0.027,estável,43.2,52.6,38.7
804,CAREIRO DA VÁRZEA,RODOVIA BR 319 KM 25,LULA+EB,#27AE60,-3.23334,-60.43082,6,0.075,0.019,0,271,57.8,185,39.4,152,33.9,LULA+EB,0.094,positiva,54.9,41.4,33.2
805,CAREIRO DA VÁRZEA,CUTUVELO,LULA+EB,#27AE60,-3.23665,-60.37093,6,0.328,0.105,0,168,83.2,28,13.9,81,42.4,LULA+EB,0.433,positiva,79.0,14.6,41.6
808,CAREIRO DA VÁRZEA,COM DIVINO ESPIRITO SANTO,LULA+EB,#27AE60,-3.25397,-60.41023,6,0.246,0.113,0,367,74.9,104,21.2,200,43.2,LULA+EB,0.358,positiva,71.2,22.3,42.3
809,CAREIRO DA VÁRZEA,COM DIVINO ESPIRITO SANTO,LULA+EB,#27AE60,-3.2514,-60.42567,6,0.165,0.063,0,220,66.9,100,30.4,123,38.2,LULA+EB,0.228,positiva,63.5,31.9,37.4
810,CAREIRO DA VÁRZEA,COMUNIDADE PENIEL DO AREAL DO RAMAL DO COBRA,PURO_SWING,#F4D03F,-3.23028,-60.41974,6,0.062,-0.047,0,317,56.5,234,41.7,147,27.2,PURO_SWING,0.015,positiva,53.7,43.8,26.7
811,CAREIRO DA VÁRZEA,COMUNIDADE PENIEL DO AREAL DO RAMAL DO COBRA,PURO_SWING,#F4D03F,-3.27108,-60.41984,6,0.086,-0.034,0,136,58.9,90,39.0,64,28.6,PURO_SWING,0.052,positiva,55.9,40.9,28.0
812,CAREIRO DA VÁRZEA,COMUNIDADE SAO JOSE DO RIO MUTUCA,LULA+EB,#27AE60,-3.2402,-60.40951,6,0.262,0.202,0,134,76.6,37,21.1,84,52.2,LULA+EB,0.465,positiva,72.7,22.2,51.1
1,COARI,"ESTRADA COARI MAMIA 305, ESPÍRITO SANTO",DIFÍCIL,#E74C3C,-4.07272,-63.1536,6,0.113,-0.107,0.62,399,61.6,237,36.6,132,21.3,DIFÍCIL,0.006,positiva,58.5,38.4,20.8
2,COARI,"PRAÇA SAO SEBASTIAO, 322, CENTRO",DIFÍCIL,#E74C3C,-4.07576,-63.1289,6,-0.014,-0.097,0.49,166,49.0,159,46.9,72,22.2,DIFÍCIL,-0.111,estável,46.5,49.2,21.8
3,COARI,"PRAÇA SAO SEBASTIAO, 322, CENTRO",DIFÍCIL,#E74C3C,-4.13278,-63.14767,6,0.056,-0.095,0.56,189,55.9,137,40.5,70,22.4,DIFÍCIL,-0.039,positiva,53.1,42.6,22.0
4,COARI,"RUA VIEIRA MARTINS, 828, CHAGAS AGUIAR",DIFÍCIL,#E74C3C,-4.04233,-63.15557,6,0.039,-0.097,0.54,281,54.2,222,42.9,109,22.2,DIFÍCIL,-0.058,positiva,51.5,45.0,21.8
5,COARI,"RUA VIEIRA MARTINS, 828, CHAGAS AGUIAR",DIFÍCIL,#E74C3C,-4.08126,-63.13021,6,0.035,-0.134,0.54,275,53.8,221,43.2,89,18.5,DIFÍCIL,-0.099,positiva,51.1,45.4,18.2
6,COARI,"AV. AGAMENON SILVA, 523, URUCU",DIFÍCIL,#E74C3C,-4.0741,-63.15895,6,0.168,-0.057,0.67,333,67.1,153,30.8,126,26.2,DIFÍCIL,0.111,positiva,63.8,32.4,25.7
7,COARI,"PRAÇA RIBEIRO JÚNIOR, SN,,ESPIRITO SANTO",LULA+EB,#27AE60,-4.10389,-63.11941,6,0.053,-0.017,0.56,194,55.6,138,39.5,98,30.2,LULA+EB,0.036,positiva,52.8,41.5,29.6
8,COARI,"PRAÇA RIBEIRO JÚNIOR, SN,,ESPIRITO SANTO",DIFÍCIL,#E74C3C,-4.11934,-63.16889,6,-0.009,-0.107,0.49,165,49.4,158,47.3,68,21.2,DIFÍCIL,-0.117,estável,46.9,49.7,20.8
9,COARI,"RUA XV DE NOVEMBRO,  345, CENTRO",DIFÍCIL,#E74C3C,-4.0719,-63.14337,6,0.07,-0.082,0.57,334,57.3,228,39.1,132,23.7,DIFÍCIL,-0.012,positiva,54.4,41.1,23.3
10,COARI,"RUA XV DE NOVEMBRO,  345, CENTRO",DIFÍCIL,#E74C3C,-4.10378,-63.14225,6,0.028,-0.101,0.53,235,53.2,193,43.7,90,21.8,DIFÍCIL,-0.072,positiva,50.5,45.8,21.4
12,COARI,"PRAÇA DA BANDEIRA, 29, TAUÁ-MIRIM",DIFÍCIL,#E74C3C,-4.08515,-63.13084,6,0.077,-0.094,0.58,264,58.0,186,40.9,96,22.5,DIFÍCIL,-0.017,positiva,55.1,42.9,22.1
13,COARI,"PRAÇA DA BANDEIRA, 29, TAUÁ-MIRIM",DIFÍCIL,#E74C3C,-4.08931,-63.13755,6,0.089,-0.073,0.59,290,59.2,190,38.8,112,24.6,DIFÍCIL,0.015,positiva,56.2,40.7,24.1
14,COARI,"RUA RUI BARBOSA, 381, CENTRO",DIFÍCIL,#E74C3C,-4.08951,-63.09307,6,0.198,-0.065,0.7,256,70.1,103,28.2,88,25.4,DIFÍCIL,0.133,positiva,66.6,29.6,24.9
15,COARI,"RUA RUI BARBOSA, 381, CENTRO",PURO_SWING,#F4D03F,-4.08997,-63.15365,6,0.174,-0.037,0.68,241,67.7,101,28.4,96,28.2,PURO_SWING,0.137,positiva,64.3,29.8,27.7
16,COARI,"RUA RUI BARBOSA, 381, CENTRO",DIFÍCIL,#E74C3C,-4.07151,-63.13711,6,0.149,-0.077,0.65,234,65.2,115,32.0,84,24.3,DIFÍCIL,0.072,positiva,61.9,33.6,23.8
17,COARI,"RUA RUI BARBOSA, 381, CENTRO",DIFÍCIL,#E74C3C,-4.04155,-63.102,6,0.18,-0.055,0.68,257,68.4,107,28.5,93,26.4,DIFÍCIL,0.125,positiva,64.9,29.9,25.9
18,COARI,"AV. AGAMENON SILVA, 523, URUCU",DIFÍCIL,#E74C3C,-4.09389,-63.12503,6,0.104,-0.081,0.61,304,60.7,189,37.7,112,23.8,DIFÍCIL,0.023,positiva,57.6,39.6,23.4
19,COARI,"AV. AGAMENON SILVA, 523, URUCU",DIFÍCIL,#E74C3C,-4.07119,-63.15137,6,0.112,-0.055,0.61,305,61.5,173,34.9,126,26.4,DIFÍCIL,0.057,positiva,58.4,36.6,25.9
20,COARI,"AV. AGAMENON SILVA, 523, URUCU",DIFÍCIL,#E74C3C,-4.08768,-63.13238,6,0.089,-0.067,0.59,283,59.2,181,37.9,117,25.3,DIFÍCIL,0.022,positiva,56.2,39.8,24.8
21,COARI,"PRAÇA DA BANDEIRA, 29, TAUÁ-MIRIM",DIFÍCIL,#E74C3C,-4.06942,-63.1324,6,0.085,-0.076,0.59,281,58.8,184,38.5,113,24.4,DIFÍCIL,0.009,positiva,55.8,40.4,23.9
22,COARI,"PRAÇA DA BANDEIRA, 29, TAUÁ-MIRIM",PURO_SWING,#F4D03F,-4.10577,-63.13763,6,0.122,-0.044,0.62,290,62.5,165,35.6,123,27.5,PURO_SWING,0.078,positiva,59.4,37.3,27.0
23,COARI,"PRAÇA DA BANDEIRA, 29, TAUÁ-MIRIM",DIFÍCIL,#E74C3C,-4.04341,-63.11255,6,0.071,-0.056,0.57,264,57.4,179,38.9,115,26.3,DIFÍCIL,0.015,positiva,54.5,40.9,25.8
24,COARI,"RUA C, S/N CJ AMAZONINO MENDES, UNIAO",DIFÍCIL,#E74C3C,-4.13288,-63.10818,6,-0.014,-0.104,0.49,306,48.9,297,47.4,127,21.5,DIFÍCIL,-0.118,estável,46.4,49.8,21.1
25,COARI,"PC TANCREDO NEVES, 744,  ESPIRITO SANTO",DIFÍCIL,#E74C3C,-4.07712,-63.16396,6,0.108,-0.082,0.61,302,61.1,180,36.4,110,23.7,DIFÍCIL,0.026,positiva,58.1,38.3,23.2
26,COARI,"PC TANCREDO NEVES, 744,  ESPIRITO SANTO",DIFÍCIL,#E74C3C,-4.10542,-63.12069,6,0.072,-0.076,0.58,297,57.6,197,38.2,119,24.3,DIFÍCIL,-0.004,positiva,54.7,40.1,23.8
27,COARI,"PC TANCREDO NEVES, 744,  ESPIRITO SANTO",DIFÍCIL,#E74C3C,-4.09173,-63.12749,6,0.083,-0.097,0.59,309,58.6,206,39.1,111,22.2,DIFÍCIL,-0.014,positiva,55.7,41.0,21.8
28,COARI,"PC TANCREDO NEVES, 744,  ESPIRITO SANTO",DIFÍCIL,#E74C3C,-4.06707,-63.12923,6,0.037,-0.085,0.54,285,54.0,225,42.6,115,23.4,DIFÍCIL,-0.049,positiva,51.3,44.7,23.0
29,COARI,"ESTRADA COARI MAMIA, 1137, UNIAO",DIFÍCIL,#E74C3C,-4.08796,-63.1262,6,0.045,-0.133,0.55,266,54.8,203,41.9,87,18.6,DIFÍCIL,-0.088,positiva,52.1,43.9,18.3
30,COARI,"RUA RIO AROAN, 310, SANTA EFIGENIA",DIFÍCIL,#E74C3C,-4.07537,-63.15294,6,0.066,-0.103,0.57,326,56.9,236,41.2,117,21.7,DIFÍCIL,-0.037,positiva,54.0,43.2,21.2
31,COARI,"RUA PADRE RAFAEL, 1138, DUQUE DE CAXIAS",DIFÍCIL,#E74C3C,-4.07963,-63.12707,6,0.097,-0.106,0.6,261,60.0,158,36.3,86,21.3,DIFÍCIL,-0.009,positiva,57.0,38.1,20.9
32,COARI,"RUA VIEIRA MARTINS, 828, CHAGAS AGUIAR",DIFÍCIL,#E74C3C,-4.04327,-63.10069,6,0.045,-0.071,0.55,299,54.9,229,42.0,128,24.8,DIFÍCIL,-0.026,positiva,52.1,44.1,24.3
33,COARI,"RUA VIEIRA MARTINS, 828, CHAGAS AGUIAR",DIFÍCIL,#E74C3C,-4.05919,-63.13588,6,0.059,-0.104,0.56,294,56.2,211,40.3,107,21.5,DIFÍCIL,-0.046,positiva,53.4,42.4,21.1
34,COARI,"RUA VIEIRA MARTINS, 828, CHAGAS AGUIAR",DIFÍCIL,#E74C3C,-4.09571,-63.11781,6,0.062,-0.059,0.57,307,56.5,221,40.7,136,26.1,DIFÍCIL,0.003,positiva,53.7,42.7,25.5
35,COARI,"RUA VIEIRA MARTINS, 828, CHAGAS AGUIAR",DIFÍCIL,#E74C3C,-4.11177,-63.12803,6,0.043,-0.113,0.55,278,54.6,216,42.4,100,20.7,DIFÍCIL,-0.07,positiva,51.9,44.6,20.2
36,COARI,"RUA ODONEL VIEIRA, 160, SANTA HELENA",DIFÍCIL,#E74C3C,-4.06996,-63.15651,6,0.097,-0.075,0.6,284,60.0,171,36.2,112,24.4,DIFÍCIL,0.022,positiva,57.0,38.0,23.9
37,COARI,"RUA PLINIO RAMOS COLEHO, 164, CHAGAS AGUIAR",DIFÍCIL,#E74C3C,-4.11471,-63.15666,6,0.05,-0.114,0.55,224,55.3,168,41.5,79,20.6,DIFÍCIL,-0.064,positiva,52.5,43.6,20.2
38,COARI,"RUA PLINIO RAMOS COLEHO, 164, CHAGAS AGUIAR",DIFÍCIL,#E74C3C,-4.08923,-63.10462,6,0.078,-0.119,0.58,236,58.1,153,37.7,77,20.0,DIFÍCIL,-0.041,positiva,55.2,39.6,19.6
39,COARI,"RUA PLINIO RAMOS COLEHO, 164, CHAGAS AGUIAR",DIFÍCIL,#E74C3C,-4.08756,-63.17653,6,0.068,-0.092,0.57,252,57.1,175,39.7,93,22.7,DIFÍCIL,-0.024,positiva,54.3,41.7,22.3
40,COARI,"PRAÇA SAO SEBASTIAO, 322, CENTRO",DIFÍCIL,#E74C3C,-4.11197,-63.09748,6,0.117,-0.06,0.62,199,62.0,111,34.6,79,25.9,DIFÍCIL,0.056,positiva,58.9,36.3,25.4
41,COARI,"RUA VIEIRA MARTINS, 828, CHAGAS AGUIAR",DIFÍCIL,#E74C3C,-4.0863,-63.14267,6,0.08,-0.126,0.58,305,58.3,202,38.6,97,19.4,DIFÍCIL,-0.046,positiva,55.4,40.6,19.0
42,COARI,"ESTRADA DO CONTORNO, 164, ITAMARATI",DIFÍCIL,#E74C3C,-4.07345,-63.15481,6,0.07,-0.141,0.57,207,57.3,145,40.2,61,17.8,DIFÍCIL,-0.071,positiva,54.5,42.2,17.5
43,COARI,"ESTRADA DO CONTORNO, 164, ITAMARATI",DIFÍCIL,#E74C3C,-4.07912,-63.17886,6,0.065,-0.123,0.57,201,56.8,138,39.0,66,19.6,DIFÍCIL,-0.058,positiva,53.9,40.9,19.2
44,COARI,"RUA HERBERT AZEVEDO, 345, CHAGAS AGUIAR",DIFÍCIL,#E74C3C,-4.10385,-63.1183,6,-0.012,-0.091,0.49,160,49.1,154,47.2,73,22.8,DIFÍCIL,-0.104,estável,46.6,49.6,22.4
45,COARI,"RUA HERBERT AZEVEDO, 345, CHAGAS AGUIAR",DIFÍCIL,#E74C3C,-4.10444,-63.1155,6,0.097,-0.082,0.6,381,60.0,237,37.3,145,23.7,DIFÍCIL,0.014,positiva,57.0,39.2,23.2
47,COARI,"ESTRADA DO CONTORNO, 164, ITAMARATI",DIFÍCIL,#E74C3C,-4.07822,-63.10253,6,0.121,-0.08,0.62,221,62.4,120,33.9,82,24.0,DIFÍCIL,0.042,positiva,59.3,35.6,23.5
48,COARI,"RUA VIEIRA MARTINS, 828, CHAGAS AGUIAR",DIFÍCIL,#E74C3C,-4.11068,-63.09684,6,0.018,-0.113,0.52,269,52.1,235,45.5,102,20.6,DIFÍCIL,-0.095,positiva,49.5,47.8,20.2
49,COARI,"PRAÇA RIBEIRO JÚNIOR, SN,,ESPIRITO SANTO",DIFÍCIL,#E74C3C,-4.12569,-63.13152,6,0.037,-0.093,0.54,195,54.0,160,44.3,77,22.6,DIFÍCIL,-0.057,positiva,51.3,46.5,22.1
51,COARI,"ESTRADA DO CONTORNO, 164, ITAMARATI",DIFÍCIL,#E74C3C,-4.12333,-63.13027,6,0.109,-0.088,0.61,216,61.2,125,35.4,78,23.1,DIFÍCIL,0.021,positiva,58.1,37.2,22.7
52,COARI,"RUA HERBERT AZEVEDO, 345, CHAGAS AGUIAR",DIFÍCIL,#E74C3C,-4.04132,-63.14636,6,0.068,-0.082,0.57,185,57.1,128,39.5,73,23.7,DIFÍCIL,-0.015,positiva,54.2,41.5,23.2
53,COARI,"RUA PADRE RAFAEL, 1138, DUQUE DE CAXIAS",DIFÍCIL,#E74C3C,-4.09578,-63.12786,6,0.038,-0.105,0.54,241,54.2,192,43.1,92,21.4,DIFÍCIL,-0.066,positiva,51.4,45.3,21.0
54,COARI,"PRAÇA SAO SEBASTIAO, 322, CENTRO",DIFÍCIL,#E74C3C,-4.09658,-63.12007,6,0.063,-0.074,0.57,213,56.6,149,39.6,83,24.6,DIFÍCIL,-0.01,positiva,53.8,41.6,24.1
55,COARI,"PRAÇA SAO SEBASTIAO, 322, CENTRO",DIFÍCIL,#E74C3C,-4.09123,-63.13428,6,0.038,-0.087,0.54,192,54.1,146,41.1,79,23.2,DIFÍCIL,-0.049,positiva,51.4,43.2,22.8
56,COARI,"ESTRADA COARI MAMIA, 1137, UNIAO",DIFÍCIL,#E74C3C,-4.07434,-63.13423,6,0.04,-0.112,0.54,270,54.3,212,42.7,99,20.8,DIFÍCIL,-0.072,positiva,51.6,44.8,20.3
57,COARI,"RUA XV DE NOVEMBRO,  345, CENTRO",DIFÍCIL,#E74C3C,-4.06786,-63.17853,6,0.078,-0.095,0.58,348,58.1,233,38.9,126,22.4,DIFÍCIL,-0.017,positiva,55.2,40.8,22.0
58,COARI,"PC TANCREDO NEVES, 744,  ESPIRITO SANTO",DIFÍCIL,#E74C3C,-4.12978,-63.13964,6,0.064,-0.06,0.57,287,56.7,205,40.5,125,25.9,DIFÍCIL,0.003,positiva,53.9,42.5,25.4
59,COARI,"RUA HERBERT AZEVEDO, 345, CHAGAS AGUIAR",DIFÍCIL,#E74C3C,-4.08886,-63.13441,6,0.068,-0.117,0.57,374,57.1,268,40.9,125,20.2,DIFÍCIL,-0.05,positiva,54.2,43.0,19.8
61,COARI,"PRAÇA RIBEIRO JÚNIOR, SN,,ESPIRITO SANTO",DIFÍCIL,#E74C3C,-4.04121,-63.12165,6,0.063,-0.139,0.57,200,56.7,146,41.4,60,18.1,DIFÍCIL,-0.075,positiva,53.8,43.4,17.7
64,COARI,"PRAÇA DA BANDEIRA, 29, TAUÁ-MIRIM",DIFÍCIL,#E74C3C,-4.07196,-63.15024,6,0.058,-0.076,0.56,252,56.1,191,42.5,103,24.3,DIFÍCIL,-0.018,positiva,53.3,44.7,23.8
67,COARI,"RUA XV DE NOVEMBRO,  345, CENTRO",DIFÍCIL,#E74C3C,-4.07787,-63.11722,6,0.037,-0.094,0,297,54.0,236,42.9,116,22.5,DIFÍCIL,-0.057,positiva,51.3,45.1,22.1
71,COARI,"ESTRADA DO CONTORNO, 310, DUQUE DE CAXIAS",PURO_SWING,#F4D03F,-4.09884,-63.17367,6,0.112,-0.029,0.62,288,61.5,166,35.5,128,29.0,PURO_SWING,0.083,positiva,58.5,37.2,28.4
72,COARI,COMUNIDADE SAO JOAO DA BOCA DO PARANA MAMIA,DIFÍCIL,#E74C3C,-4.06957,-63.13056,6,0.375,-0.099,0.88,381,87.8,50,11.5,93,22.0,DIFÍCIL,0.276,positiva,83.4,12.1,21.6
73,COARI,"COM. DO CAMARA, BAIXO SOLIMOES",DIFÍCIL,#E74C3C,-4.07168,-63.12179,6,0.228,-0.098,0.73,258,73.1,81,22.9,74,22.1,DIFÍCIL,0.129,positiva,69.4,24.1,21.6
74,COARI,"COMUNIDADE VILA DO TROCARIS, BAIXO SOLIMOES",DIFÍCIL,#E74C3C,-4.08076,-63.17775,6,0.205,-0.21,0.71,403,70.8,147,25.8,61,10.9,DIFÍCIL,-0.005,positiva,67.3,27.1,10.7
75,COARI,COMUNIDADE LAURO SODRE - BAIXO SOLIMOES,DIFÍCIL,#E74C3C,-4.07437,-63.16655,6,0.216,-0.155,0.72,395,71.9,151,27.5,87,16.5,DIFÍCIL,0.062,positiva,68.4,28.9,16.1
76,COARI,"PRAÇA RIBEIRO JÚNIOR, SN,,ESPIRITO SANTO",DIFÍCIL,#E74C3C,-4.08543,-63.13458,6,0.061,-0.054,0.56,194,56.4,139,40.4,88,26.5,DIFÍCIL,0.007,positiva,53.6,42.4,26.0
78,COARI,"AV. AGAMENON SILVA, 523, URUCU",DIFÍCIL,#E74C3C,-4.1371,-63.11781,6,0.064,-0.069,0.57,277,56.8,203,41.6,117,25.0,DIFÍCIL,-0.005,positiva,53.9,43.7,24.5
80,COARI,"ESTRADA DO CONTORNO, 310, DUQUE DE CAXIAS",DIFÍCIL,#E74C3C,-4.08537,-63.13308,6,0.033,-0.087,0.54,280,53.6,231,44.3,115,23.2,DIFÍCIL,-0.054,positiva,51.0,46.5,22.7
82,COARI,"COMUNIDADE VILA LIRA, ALTO SOLIMOES",DIFÍCIL,#E74C3C,-4.08369,-63.13178,6,0.099,-0.211,0.6,285,60.3,175,37.0,48,10.8,DIFÍCIL,-0.112,positiva,57.2,38.8,10.6
83,COARI,COM. SAO JOAO DO MOURA RIO URUCU,DIFÍCIL,#E74C3C,-4.10569,-63.1471,6,0.207,-0.092,0.71,120,71.0,44,26.0,38,22.8,DIFÍCIL,0.115,positiva,67.5,27.3,22.3
84,COARI,COMUNIDADE VILA SALES RIO AROAN,DIFÍCIL,#E74C3C,-4.11886,-63.1364,6,-0.127,-0.278,0.38,50,37.6,80,60.2,5,4.1,DIFÍCIL,-0.406,negativa,35.7,63.2,4.0
85,COARI,COMUNIDADE SAO SEBASTIAO DE FLORES RIO COARI GRANDE,DIFÍCIL,#E74C3C,-4.09057,-63.13654,6,0.341,-0.158,0.84,303,84.4,52,14.5,55,16.1,DIFÍCIL,0.183,positiva,80.2,15.2,15.8
86,COARI,"ESTRADA DO CONTORNO, 310, DUQUE DE CAXIAS",DIFÍCIL,#E74C3C,-4.09583,-63.17752,6,0.061,-0.104,0.56,295,56.4,211,40.3,108,21.6,DIFÍCIL,-0.043,positiva,53.6,42.4,21.1
87,COARI,COMUNIDADE DO BARRO ALTO SOLIMOES,PURO_SWING,#F4D03F,-4.0896,-63.13048,6,0.304,-0.032,0.81,357,80.8,73,16.5,124,28.8,PURO_SWING,0.273,positiva,76.7,17.3,28.2
88,COARI,"COMUNIDADE VILA FERNANDES, RIO COPEA",DIFÍCIL,#E74C3C,-4.1136,-63.17104,6,0.236,-0.13,0.74,281,73.9,90,23.7,72,18.9,DIFÍCIL,0.106,positiva,70.2,24.9,18.6
90,COARI,"RUA ODONEL VIEIRA, 160, SANTA HELENA",DIFÍCIL,#E74C3C,-4.10043,-63.11888,6,0.146,-0.054,0.65,289,64.9,140,31.5,109,26.5,DIFÍCIL,0.092,positiva,61.7,33.0,26.0
91,COARI,"RUA RIO AROAN, 310, SANTA EFIGENIA",DIFÍCIL,#E74C3C,-4.0725,-63.1462,6,0.01,-0.112,0.51,292,51.3,263,46.2,114,20.7,DIFÍCIL,-0.102,positiva,48.8,48.5,20.3
92,COARI,"RUA RIO AROAN, 310, SANTA EFIGENIA",DIFÍCIL,#E74C3C,-4.04887,-63.16653,6,0.059,-0.113,0.56,316,56.2,230,40.9,110,20.6,DIFÍCIL,-0.054,positiva,53.4,43.0,20.2
93,COARI,"AV. AGAMENON SILVA, 523, URUCU",PURO_SWING,#F4D03F,-4.04671,-63.13406,6,0.103,-0.043,0.61,305,60.6,187,37.2,135,27.6,PURO_SWING,0.06,positiva,57.6,39.0,27.1
94,COARI,"ESTRADA COARI MAMIA, 1137, UNIAO",DIFÍCIL,#E74C3C,-4.08477,-63.13663,6,0.041,-0.12,0.54,276,54.4,220,43.4,96,20.0,DIFÍCIL,-0.079,positiva,51.7,45.6,19.6
95,COARI,"ESTRADA COARI MAMIA, 1137, UNIAO",DIFÍCIL,#E74C3C,-4.13504,-63.12343,6,0.053,-0.097,0.56,287,55.6,210,40.7,107,22.2,DIFÍCIL,-0.044,positiva,52.8,42.7,21.8
96,COARI,"RUA ODONEL VIEIRA, 160, SANTA HELENA",DIFÍCIL,#E74C3C,-4.09909,-63.14781,6,0.005,-0.118,0.51,241,50.8,218,46.0,92,20.2,DIFÍCIL,-0.112,estável,48.3,48.3,19.8
97,COARI,"RUA MARIA ALMEIDA, 80, PERA",DIFÍCIL,#E74C3C,-4.07963,-63.11771,6,0.103,-0.13,0.61,332,60.6,202,36.9,100,18.9,DIFÍCIL,-0.028,positiva,57.6,38.7,18.5
98,COARI,COMUNIDADE VILA DO ITAPEUA - RIO SOLIMOES,DIFÍCIL,#E74C3C,-4.04921,-63.14446,6,0.315,-0.184,0.82,364,81.8,76,17.1,58,13.6,DIFÍCIL,0.131,positiva,77.7,17.9,13.3
99,COARI,"RUA RIO AROAN, 310, SANTA EFIGENIA",DIFÍCIL,#E74C3C,-4.0533,-63.13931,6,0.032,-0.139,0.53,291,53.5,231,42.5,92,18.1,DIFÍCIL,-0.107,positiva,50.8,44.6,17.7
100,COARI,"ESTRADA COARI MAMIA, 1137, UNIAO",DIFÍCIL,#E74C3C,-4.12721,-63.10966,6,0.095,-0.095,0.6,295,59.8,187,37.9,105,22.4,DIFÍCIL,-0.0,positiva,56.8,39.8,21.9
101,COARI,"ESTRADA COARI MAMIA, 1137, UNIAO",DIFÍCIL,#E74C3C,-4.07322,-63.12224,6,0.015,-0.087,0.52,277,51.8,245,45.8,116,23.2,DIFÍCIL,-0.072,positiva,49.2,48.1,22.8
102,COARI,"PRAÇA RIBEIRO JÚNIOR, SN,,ESPIRITO SANTO",DIFÍCIL,#E74C3C,-4.08145,-63.14769,6,0.012,-0.123,0.52,169,51.5,155,47.3,60,19.6,DIFÍCIL,-0.111,estável,48.9,49.6,19.2
104,COARI,"RUA PLINIO RAMOS COLEHO, 164, CHAGAS AGUIAR",DIFÍCIL,#E74C3C,-4.12157,-63.11235,6,0.084,-0.083,0.59,239,58.7,158,38.8,92,23.7,DIFÍCIL,0.001,positiva,55.8,40.8,23.2
105,COARI,"ESTRADA COARI ITAPEUA, SN, ITAMARATI",DIFÍCIL,#E74C3C,-4.12899,-63.12684,6,0.051,-0.156,0.55,273,55.4,202,41.0,77,16.3,DIFÍCIL,-0.106,positiva,52.6,43.0,16.0
106,COARI,"ESTRADA COARI ITAPEUA, SN, ITAMARATI",DIFÍCIL,#E74C3C,-4.07078,-63.13286,6,0.04,-0.144,0.54,285,54.3,226,43.0,88,17.5,DIFÍCIL,-0.105,positiva,51.6,45.2,17.1
107,COARI,"ESTRADA COARI ITAPEUA, SN, ITAMARATI",DIFÍCIL,#E74C3C,-4.08929,-63.13418,6,0.067,-0.113,0.57,312,57.0,214,39.1,105,20.6,DIFÍCIL,-0.046,positiva,54.2,41.1,20.2
108,COARI,"ESTRADA COARI ITAPEUA, SN, ITAMARATI",DIFÍCIL,#E74C3C,-4.11537,-63.17546,6,0.04,-0.136,0.54,279,54.3,228,44.4,90,18.3,DIFÍCIL,-0.096,positiva,51.6,46.6,18.0
109,COARI,"ESTRADA COARI ITAPEUA, SN, ITAMARATI",DIFÍCIL,#E74C3C,-4.08293,-63.08631,6,0.036,-0.187,0.54,283,53.9,221,42.1,65,13.2,DIFÍCIL,-0.152,positiva,51.2,44.2,12.9
110,COARI,"ESTRADA COARI ITAPEUA, SN, ITAMARATI",DIFÍCIL,#E74C3C,-4.06647,-63.13392,6,0.011,-0.154,0.51,264,51.5,232,45.2,80,16.5,DIFÍCIL,-0.143,positiva,48.9,47.5,16.2
111,COARI,"RUA MARIA ALMEIDA, 80, PERA",DIFÍCIL,#E74C3C,-4.07366,-63.14674,6,0.118,-0.157,0.62,344,62.1,197,35.6,84,16.2,DIFÍCIL,-0.039,positiva,59.0,37.3,15.9
115,COARI,"RUA RUI BARBOSA, 381, CENTRO",DIFÍCIL,#E74C3C,-4.07812,-63.11333,6,0.134,-0.065,0.64,241,63.8,125,33.1,93,25.4,DIFÍCIL,0.069,positiva,60.6,34.7,24.9
116,COARI,COMUNIDADE NOSSA SENHORA PERPÉTUO SOCORRO DO CANAVIAL,DIFÍCIL,#E74C3C,-4.07452,-63.0919,6,-0.058,-0.275,0.45,180,44.6,217,53.7,17,4.4,DIFÍCIL,-0.333,negativa,42.3,56.4,4.3
117,COARI,COMUNIDADE SÃO JOÃO DO PARICÁ,LULA+EB,#27AE60,-4.06432,-63.15359,6,0.251,0.119,0.75,98,75.4,31,23.8,53,43.8,LULA+EB,0.369,positiva,71.6,25.0,42.9
118,COARI,COMUNIDADE DOM JOÃO BOSCO,DIFÍCIL,#E74C3C,-4.11821,-63.14857,6,0.1,-0.179,0.6,114,60.3,67,35.4,26,14.1,DIFÍCIL,-0.079,positiva,57.3,37.2,13.8
119,COARI,COMUNIDADE SÃO FRANCISCO DO JACARÉ,DIFÍCIL,#E74C3C,-4.10984,-63.1085,6,0.377,-0.16,0.88,410,88.0,47,10.1,69,15.9,DIFÍCIL,0.216,positiva,83.6,10.6,15.6
121,COARI,"COM. SÃO JOÃO DA VILA NOVA, RIO COPEÁ",DIFÍCIL,#E74C3C,-4.11605,-63.13323,6,0.194,-0.202,0.7,330,69.8,136,28.8,54,11.7,DIFÍCIL,-0.008,positiva,66.3,30.2,11.5
122,COARI,COM. SANTA MARIA DO IGAPÓ GRANDE,DIFÍCIL,#E74C3C,-4.07007,-63.12952,6,0.285,-0.106,0.79,208,78.8,51,19.3,56,21.4,DIFÍCIL,0.179,positiva,74.8,20.3,20.9
123,COARI,COMUNIDADE SÃO FRANCISCO DA BOCA DO CODAJÁS MIRIM,DIFÍCIL,#E74C3C,-4.05271,-63.1415,6,0.226,-0.187,0.73,121,72.9,38,22.9,21,13.2,DIFÍCIL,0.038,positiva,69.2,24.0,12.9
124,COARI,"COMUNIDADE ANGELIM, ZONA RURAL INDÍGENA",PURO_SWING,#F4D03F,-4.08601,-63.13465,6,0.231,-0.033,0.73,204,73.4,66,23.7,78,28.7,PURO_SWING,0.198,positiva,69.7,24.9,28.1
125,COARI,"COMUNIDADE IRACEMA, ALTO SOLIMÕES",DIFÍCIL,#E74C3C,-4.09561,-63.11468,6,0.048,-0.157,0.55,200,55.1,160,44.1,56,16.2,DIFÍCIL,-0.109,positiva,52.3,46.3,15.9
126,COARI,"ESTRADA COARI MAMIA 305, ESPÍRITO SANTO",DIFÍCIL,#E74C3C,-4.08403,-63.1221,6,0.067,-0.098,0.57,347,57.1,234,38.5,128,22.1,DIFÍCIL,-0.031,positiva,54.2,40.4,21.7
128,COARI,"RUA RUI BARBOSA, 381, CENTRO",DIFÍCIL,#E74C3C,-4.06981,-63.15088,6,0.147,-0.067,0.65,249,65.0,127,33.2,91,25.3,DIFÍCIL,0.08,positiva,61.8,34.8,24.8
129,COARI,"RUA MARIA ALMEIDA, 80, PERA",DIFÍCIL,#E74C3C,-4.10488,-63.13996,6,0.042,-0.192,0.54,291,54.5,233,43.6,65,12.8,DIFÍCIL,-0.15,positiva,51.8,45.8,12.5
131,COARI,"ESTRADA COARI MAMIA, UNIAO",DIFÍCIL,#E74C3C,-4.09044,-63.17314,6,0.081,-0.101,0.58,283,58.5,185,38.2,100,21.8,DIFÍCIL,-0.02,positiva,55.5,40.1,21.4
132,COARI,"RUA C, S/N CJ AMAZONINO MENDES, UNIAO",DIFÍCIL,#E74C3C,-4.05634,-63.13203,6,-0.006,-0.097,0.5,309,49.8,299,48.1,134,22.3,DIFÍCIL,-0.102,estável,47.3,50.6,21.8
133,COARI,"ESTRADA DO CONTORNO, 310, DUQUE DE CAXIAS",DIFÍCIL,#E74C3C,-4.06441,-63.14491,6,0.057,-0.098,0.56,281,56.0,208,41.4,105,22.1,DIFÍCIL,-0.042,positiva,53.2,43.5,21.7
134,COARI,"ESTRADA COARI MAMIA, UNIAO",DIFÍCIL,#E74C3C,-4.08953,-63.1324,6,0.004,-0.121,0.51,237,50.7,215,46.0,87,19.8,DIFÍCIL,-0.117,estável,48.2,48.3,19.4
135,COARI,"ESTRADA COARI MAMIA, UNIAO",DIFÍCIL,#E74C3C,-4.08616,-63.13449,6,0.012,-0.08,0.51,243,51.5,207,43.9,108,23.9,DIFÍCIL,-0.069,positiva,48.9,46.0,23.4
136,COARI,"ESTRADA COARI MAMIA, UNIAO",DIFÍCIL,#E74C3C,-4.0993,-63.13523,6,0.07,-0.117,0.57,267,57.3,184,39.5,89,20.2,DIFÍCIL,-0.047,positiva,54.4,41.5,19.8
137,COARI,"ESTRADA COARI MAMIA 305, ESPÍRITO SANTO",DIFÍCIL,#E74C3C,-4.10721,-63.12498,6,0.056,-0.123,0.56,357,56.0,269,42.2,120,19.7,DIFÍCIL,-0.066,positiva,53.2,44.3,19.3
140,COARI,"PRAÇA SAO SEBASTIAO, 322, CENTRO",DIFÍCIL,#E74C3C,-4.09668,-63.15202,6,0.029,-0.072,0.53,183,53.2,151,43.9,79,24.8,DIFÍCIL,-0.043,positiva,50.5,46.1,24.3
143,COARI,"RUA RUI BARBOSA, 381, CENTRO",PURO_SWING,#F4D03F,-4.09325,-63.13778,6,0.134,-0.046,0.64,237,63.7,130,34.9,95,27.3,PURO_SWING,0.088,positiva,60.5,36.7,26.8
144,COARI,"COM. VILA DO IPIXUNA, ZONA RURAL",LULA+EB,#27AE60,-4.04891,-63.16322,6,0.351,0.102,0.85,276,85.4,41,12.7,132,42.2,LULA+EB,0.454,positiva,81.2,13.3,41.3
145,COARI,"ESTRADA COARI MAMIA, UNIAO",DIFÍCIL,#E74C3C,-4.10833,-63.13292,6,-0.0,-0.104,0.5,246,50.3,229,46.8,98,21.5,DIFÍCIL,-0.104,estável,47.8,49.2,21.1
146,COARI,"RUA PADRE RAFAEL, 1138, DUQUE DE CAXIAS",DIFÍCIL,#E74C3C,-4.06813,-63.13194,6,0.055,-0.082,0.56,159,55.8,119,41.8,66,23.7,DIFÍCIL,-0.027,positiva,53.0,43.8,23.3
147,COARI,"RUA MARIA ALMEIDA, 80, PERA",DIFÍCIL,#E74C3C,-4.1208,-63.09696,6,0.093,-0.18,0.6,310,59.6,196,37.7,68,13.9,DIFÍCIL,-0.087,positiva,56.6,39.6,13.7
148,COARI,"ESTRADA DO CONTORNO, 164, ITAMARATI",DIFÍCIL,#E74C3C,-4.08342,-63.13584,6,0.06,-0.091,0.56,205,56.3,147,40.4,81,22.8,DIFÍCIL,-0.031,positiva,53.5,42.4,22.4
149,COARI,"RUA RUI BARBOSA, 381, CENTRO",DIFÍCIL,#E74C3C,-4.08907,-63.12876,6,0.21,-0.085,0.71,268,71.3,95,25.3,80,23.5,DIFÍCIL,0.125,positiva,67.7,26.5,23.0
150,COARI,COMUNIDADE VILA DO ITAPEUA - RIO SOLIMOES,DIFÍCIL,#E74C3C,-4.06028,-63.17113,6,0.294,-0.079,0.8,338,79.7,76,17.9,97,24.0,DIFÍCIL,0.215,positiva,75.7,18.8,23.5
151,COARI,"RUA VIEIRA MARTINS, 828, CHAGAS AGUIAR",DIFÍCIL,#E74C3C,-4.08979,-63.09383,6,0.047,-0.074,0.55,291,55.0,221,41.8,125,24.5,DIFÍCIL,-0.027,positiva,52.3,43.9,24.0
152,COARI,"RUA RUI BARBOSA, 381, CENTRO",DIFÍCIL,#E74C3C,-4.05422,-63.09291,6,0.166,-0.083,0.67,251,66.9,112,29.9,86,23.6,DIFÍCIL,0.083,positiva,63.6,31.4,23.2
153,COARI,"RUA C, S/N CJ AMAZONINO MENDES, UNIAO",DIFÍCIL,#E74C3C,-4.04559,-63.15636,6,0.04,-0.087,0.54,170,54.3,136,43.5,69,23.2,DIFÍCIL,-0.047,positiva,51.6,45.6,22.8
154,COARI,"ESTRADA DO CONTORNO, 310, DUQUE DE CAXIAS",DIFÍCIL,#E74C3C,-4.03838,-63.14719,6,0.15,-0.054,0.65,279,65.3,138,32.3,106,26.6,DIFÍCIL,0.097,positiva,62.1,33.9,26.0
155,COARI,"PRAÇA RIBEIRO JÚNIOR, SN,,ESPIRITO SANTO",DIFÍCIL,#E74C3C,-4.07769,-63.12915,6,0.054,-0.079,0.56,258,55.7,178,38.4,105,24.0,DIFÍCIL,-0.025,positiva,52.9,40.4,23.5
157,COARI,"RUA VIEIRA MARTINS, 828, CHAGAS AGUIAR",DIFÍCIL,#E74C3C,-4.10111,-63.13857,6,0.078,-0.089,0.58,344,58.1,227,38.3,130,23.0,DIFÍCIL,-0.011,positiva,55.2,40.3,22.5
158,COARI,"RUA MARIA ALMEIDA, 80, PERA",DIFÍCIL,#E74C3C,-4.0686,-63.10862,6,0.206,-0.094,0.71,386,71.0,138,25.4,116,22.5,DIFÍCIL,0.112,positiva,67.4,26.6,22.1
159,COARI,"RUA PLINIO RAMOS COLEHO, 164, CHAGAS AGUIAR",DIFÍCIL,#E74C3C,-4.06586,-63.13514,6,0.111,-0.099,0.61,296,61.4,170,35.3,102,22.0,DIFÍCIL,0.011,positiva,58.3,37.0,21.5
160,COARI,"RUA ODONEL VIEIRA, 160, SANTA HELENA",PURO_SWING,#F4D03F,-4.10805,-63.09284,6,0.143,-0.025,0.65,367,64.6,184,32.4,160,29.4,PURO_SWING,0.118,positiva,61.4,34.0,28.8
161,COARI,"ESTRADA COARI MAMIA, 1137, UNIAO",DIFÍCIL,#E74C3C,-4.10034,-63.1566,6,0.032,-0.106,0.53,299,53.5,242,43.3,113,21.4,DIFÍCIL,-0.074,positiva,50.8,45.5,20.9
162,COARI,"RUA HERBERT AZEVEDO, 345, CHAGAS AGUIAR",DIFÍCIL,#E74C3C,-4.07846,-63.17803,6,0.088,-0.08,0.59,255,59.2,162,37.6,100,23.9,DIFÍCIL,0.008,positiva,56.2,39.5,23.4
163,COARI,"RUA PADRE RAFAEL, 1138, DUQUE DE CAXIAS",DIFÍCIL,#E74C3C,-4.06582,-63.13692,6,0.075,-0.092,0.58,334,57.8,220,38.1,123,22.7,DIFÍCIL,-0.018,positiva,54.9,40.0,22.2
164,COARI,"ESTRADA COARI MAMIA, UNIAO",DIFÍCIL,#E74C3C,-4.09888,-63.13396,6,0.018,-0.086,0.52,268,52.1,230,44.7,114,23.3,DIFÍCIL,-0.068,positiva,49.5,47.0,22.8
165,COARI,"PRAÇA DA BANDEIRA, 29, TAUÁ-MIRIM",DIFÍCIL,#E74C3C,-4.08936,-63.12288,6,0.027,-0.061,0.53,280,53.0,222,42.0,132,25.8,DIFÍCIL,-0.034,positiva,50.4,44.1,25.3
166,COARI,"RUA VIEIRA MARTINS, 828, CHAGAS AGUIAR",DIFÍCIL,#E74C3C,-4.09018,-63.1025,6,0.043,-0.144,0.55,305,54.7,235,42.1,92,17.5,DIFÍCIL,-0.101,positiva,51.9,44.2,17.1
167,COARI,"COMUNIDADE VILA LIRA, ALTO SOLIMOES",DIFÍCIL,#E74C3C,-4.04793,-63.14343,6,0.086,-0.157,0.59,231,58.9,154,39.3,61,16.3,DIFÍCIL,-0.071,positiva,56.0,41.2,15.9
168,COARI,COMUNIDADE VILA DO ITAPEUA - RIO SOLIMOES,DIFÍCIL,#E74C3C,-4.09659,-63.11738,6,0.209,-0.089,0.71,294,71.2,112,27.1,91,23.0,DIFÍCIL,0.12,positiva,67.6,28.5,22.6
169,COARI,"COMUNIDADE VILA FERNANDES, RIO COPEA",DIFÍCIL,#E74C3C,-4.10271,-63.11371,6,0.196,-0.221,0.7,219,70.0,85,27.2,30,9.8,DIFÍCIL,-0.024,positiva,66.5,28.5,9.6
170,COARI,"RUA MARIA ALMEIDA, 80, PERA",DIFÍCIL,#E74C3C,-4.05115,-63.12361,6,0.121,-0.162,0.62,296,62.4,172,36.3,72,15.8,DIFÍCIL,-0.04,positiva,59.3,38.1,15.4
171,COARI,COMUNIDADE SAO JOAO DA BOCA DO PARANA MAMIA,DIFÍCIL,#E74C3C,-4.03494,-63.14914,6,0.262,-0.127,0.77,222,76.6,64,22.1,53,19.2,DIFÍCIL,0.135,positiva,72.7,23.2,18.8
173,COARI,COMUNIDADE SAO SEBASTIAO DE FLORES RIO COARI GRANDE,DIFÍCIL,#E74C3C,-4.13117,-63.15288,6,0.24,-0.213,0.74,142,74.3,45,23.6,20,10.6,DIFÍCIL,0.027,positiva,70.6,24.7,10.4
174,COARI,"ESTRADA COARI MAMIA, UNIAO",DIFÍCIL,#E74C3C,-4.12281,-63.11882,6,0.035,-0.082,0,258,53.9,204,42.6,108,23.7,DIFÍCIL,-0.047,positiva,51.2,44.7,23.3
175,COARI,"RUA ODONEL VIEIRA, 160, SANTA HELENA",DIFÍCIL,#E74C3C,-4.12852,-63.15612,6,0.11,-0.079,0.61,270,61.4,163,37.0,100,24.0,DIFÍCIL,0.031,positiva,58.3,38.9,23.5
177,COARI,"COMUNIDADE VILA LIRA, ALTO SOLIMOES",DIFÍCIL,#E74C3C,-4.10008,-63.16863,6,0.095,-0.181,0.6,237,59.8,152,38.4,53,13.9,DIFÍCIL,-0.085,positiva,56.9,40.3,13.6
178,COARI,"ESTRADA COARI MAMIA, UNIAO",DIFÍCIL,#E74C3C,-4.06807,-63.15054,6,0.118,-0.117,0.62,259,62.1,145,34.8,78,20.2,DIFÍCIL,0.001,positiva,59.0,36.5,19.8
179,COARI,COMUNIDADE VILA DO ITAPEUA - RIO SOLIMOES,DIFÍCIL,#E74C3C,-4.10207,-63.13517,6,0.19,-0.186,0,283,69.4,120,29.4,52,13.3,DIFÍCIL,0.004,positiva,65.9,30.9,13.0
180,COARI,"ESTRADA COARI MAMIA, 1137, UNIAO",DIFÍCIL,#E74C3C,-4.08697,-63.13103,6,0.032,-0.155,0.53,245,53.5,199,43.4,71,16.5,DIFÍCIL,-0.123,positiva,50.8,45.6,16.1
1,CODAJÁS,"RUA EDUARDO RIBEIRO, S/N",DIFÍCIL,#E74C3C,-3.01226,-62.70619,6,0.155,-0.104,0,327,65.8,160,32.2,104,21.6,DIFÍCIL,0.051,positiva,62.5,33.8,21.1
2,CODAJÁS,"RUA EDUARDO RIBEIRO, S/N",DIFÍCIL,#E74C3C,-3.0798,-62.69708,6,0.152,-0.106,0,339,65.6,165,31.9,104,21.3,DIFÍCIL,0.046,positiva,62.3,33.5,20.9
3,CODAJÁS,"RUA LUIZ PINHEIRO, SN",DIFÍCIL,#E74C3C,-3.02767,-62.67881,6,0.032,-0.19,0,244,53.5,194,42.5,58,12.9,DIFÍCIL,-0.158,positiva,50.8,44.7,12.7
4,CODAJÁS,"RUA LUIZ PINHEIRO, SN",DIFÍCIL,#E74C3C,-3.07665,-62.71303,6,-0.025,-0.137,0,219,47.8,226,49.3,81,18.2,DIFÍCIL,-0.162,estável,45.4,51.8,17.9
5,CODAJÁS,"RUA LUIZ PINHEIRO, SN",DIFÍCIL,#E74C3C,-3.03458,-62.68798,6,0.024,-0.142,0,235,52.7,198,44.4,78,17.7,DIFÍCIL,-0.119,positiva,50.1,46.6,17.3
6,CODAJÁS,"RUA LUIZ PINHEIRO, SN",DIFÍCIL,#E74C3C,-3.06761,-62.63808,6,0.008,-0.216,0,238,51.1,215,46.1,46,10.3,DIFÍCIL,-0.209,estável,48.5,48.4,10.1
11,CODAJÁS,"RUA JOÃO PESSOA, S/N",DIFÍCIL,#E74C3C,-3.03261,-62.68013,6,0.076,-0.163,0,316,57.9,222,40.7,82,15.6,DIFÍCIL,-0.087,positiva,55.0,42.7,15.3
12,CODAJÁS,"RUA JOÃO PESSOA, S/N",DIFÍCIL,#E74C3C,-3.08267,-62.67195,6,0.074,-0.137,0,300,57.7,217,41.7,92,18.3,DIFÍCIL,-0.063,positiva,54.8,43.8,17.9
13,CODAJÁS,"RUA JOÃO PESSOA, S/N",DIFÍCIL,#E74C3C,-3.08067,-62.6827,6,0.068,-0.12,0,307,57.2,222,41.3,101,19.9,DIFÍCIL,-0.052,positiva,54.3,43.4,19.5
14,CODAJÁS,"RUA JOÃO PESSOA, S/N",DIFÍCIL,#E74C3C,-3.05847,-62.70516,6,0.036,-0.161,0,286,54.0,234,44.2,79,15.9,DIFÍCIL,-0.124,positiva,51.3,46.4,15.5
15,CODAJÁS,"RUA JOÃO PESSOA, S/N",DIFÍCIL,#E74C3C,-3.01308,-62.69488,6,0.06,-0.18,0,315,56.4,241,43.1,74,13.9,DIFÍCIL,-0.12,positiva,53.5,45.3,13.6
16,CODAJÁS,"RUA EDUARDO RIBEIRO, SN",DIFÍCIL,#E74C3C,-3.04381,-62.6682,6,0.058,-0.125,0,247,56.1,182,41.4,82,19.5,DIFÍCIL,-0.066,positiva,53.3,43.4,19.1
17,CODAJÁS,"RUA EDUARDO RIBEIRO, SN",DIFÍCIL,#E74C3C,-3.02555,-62.65548,6,0.032,-0.147,0,228,53.5,185,43.4,71,17.3,DIFÍCIL,-0.115,positiva,50.8,45.6,16.9
18,CODAJÁS,"RUA EDUARDO RIBEIRO, SN",DIFÍCIL,#E74C3C,-3.05389,-62.69306,6,-0.005,-0.129,0,224,49.8,214,47.6,83,19.0,DIFÍCIL,-0.135,estável,47.3,49.9,18.6
22,CODAJÁS,"RUA EDUARDO RIBEIRO, S/N",DIFÍCIL,#E74C3C,-3.04408,-62.66753,6,0.188,-0.069,0,365,69.1,149,28.2,125,25.1,DIFÍCIL,0.119,positiva,65.7,29.6,24.5
23,CODAJÁS,"RUA LUIZ PINHEIRO, SN",DIFÍCIL,#E74C3C,-3.03344,-62.68403,6,0.048,-0.192,0,257,55.2,202,43.3,58,12.7,DIFÍCIL,-0.144,positiva,52.4,45.5,12.4
25,CODAJÁS,"R EDUARDO RIBEIRO, 1.184",DIFÍCIL,#E74C3C,-3.04767,-62.67013,6,0.021,-0.127,0,277,52.5,238,45.1,98,19.2,DIFÍCIL,-0.106,positiva,49.8,47.3,18.8
26,CODAJÁS,"RUA LUIZ PINHEIRO, SN",DIFÍCIL,#E74C3C,-3.03543,-62.67918,6,0.038,-0.155,0,267,54.2,213,43.2,78,16.4,DIFÍCIL,-0.117,positiva,51.5,45.4,16.1
27,CODAJÁS,"R EDUARDO RIBEIRO, 1.184",DIFÍCIL,#E74C3C,-3.03452,-62.67713,6,0.065,-0.131,0,325,56.8,231,40.4,105,18.9,DIFÍCIL,-0.066,positiva,54.0,42.4,18.5
28,CODAJÁS,"R EDUARDO RIBEIRO, 1.184",DIFÍCIL,#E74C3C,-3.0457,-62.70844,6,0.064,-0.103,0,326,56.7,228,39.7,118,21.7,DIFÍCIL,-0.039,positiva,53.9,41.6,21.2
29,CODAJÁS,"RUA LUIZ PINHEIRO, SN",DIFÍCIL,#E74C3C,-3.03868,-62.70443,6,0.062,-0.153,0,285,56.5,210,41.7,81,16.6,DIFÍCIL,-0.091,positiva,53.7,43.8,16.3
30,CODAJÁS,"RUA LUIZ PINHEIRO, SN",DIFÍCIL,#E74C3C,-3.06148,-62.68606,6,0.07,-0.166,0,267,57.3,195,41.8,70,15.4,DIFÍCIL,-0.096,positiva,54.4,43.9,15.0
33,CODAJÁS,"RUA EDUARDO RIBEIRO, S/N",DIFÍCIL,#E74C3C,-3.02754,-62.67717,6,0.137,-0.067,0,329,64.0,179,34.8,126,25.3,DIFÍCIL,0.07,positiva,60.8,36.6,24.7
34,CODAJÁS,"RUA EDUARDO RIBEIRO, S/N",DIFÍCIL,#E74C3C,-3.03674,-62.65329,6,0.11,-0.098,0,316,61.4,188,36.5,109,22.2,DIFÍCIL,0.013,positiva,58.3,38.3,21.7
35,CODAJÁS,"COM. TARACOÁ, LAGO DO MIUÁ, MARGEM DIREITA",DIFÍCIL,#E74C3C,-3.0333,-62.66159,6,0.341,-0.158,0,299,84.5,54,15.3,54,16.2,DIFÍCIL,0.184,positiva,80.2,16.0,15.8
36,CODAJÁS,"COM. DE MURITUBA, RIO SOLIMÕES, MARGEM ESQUERDA",DIFÍCIL,#E74C3C,-3.03364,-62.68126,6,0.264,-0.109,0,271,76.8,75,21.2,72,21.1,DIFÍCIL,0.156,positiva,72.9,22.3,20.6
37,CODAJÁS,"COM. POVOADO, LAGO DO BADAJÓS, MARGEM DIREITA",DIFÍCIL,#E74C3C,-3.02267,-62.71246,6,0.162,-0.175,0,312,66.5,152,32.4,66,14.4,DIFÍCIL,-0.013,positiva,63.2,34.0,14.2
38,CODAJÁS,"COM. DO IRACEMA, LAGO DO BADAJÓS, MARGEM DIREITA",LULA+EB,#27AE60,-3.02873,-62.62608,6,0.329,0.031,0,248,83.2,44,14.8,101,35.1,LULA+EB,0.36,positiva,79.1,15.5,34.4
39,CODAJÁS,"COM. DE MURITUBA, RIO SOLIMÕES, MARGEM ESQUERDA",DIFÍCIL,#E74C3C,-3.06727,-62.6884,6,0.207,-0.129,0,265,71.0,104,27.9,68,19.0,DIFÍCIL,0.078,positiva,67.5,29.3,18.7
40,CODAJÁS,"RUA EDUARDO RIBEIRO, SN",DIFÍCIL,#E74C3C,-3.04299,-62.69136,6,0.069,-0.103,0,130,57.3,91,40.1,47,21.7,DIFÍCIL,-0.033,positiva,54.4,42.1,21.2
41,CODAJÁS,"RUA LUIZ PINHEIRO, SN",DIFÍCIL,#E74C3C,-3.02332,-62.67734,6,-0.027,-0.186,0,109,47.6,114,49.8,29,13.3,DIFÍCIL,-0.214,estável,45.2,52.3,13.0
42,CODAJÁS,"COM. BUIUÇU, RIO SOLIMOES, MARGEM ESQUERDA",DIFÍCIL,#E74C3C,-3.03243,-62.69206,6,0.163,-0.271,0,96,66.7,44,30.6,7,4.8,DIFÍCIL,-0.108,positiva,63.3,32.1,4.7
43,CODAJÁS,"COM. DE URUCURIZINHO, RIO SOLIMÕES, MARGEM DIREITA",DIFÍCIL,#E74C3C,-3.03871,-62.66937,6,0.079,-0.154,0,202,58.2,142,40.9,56,16.6,DIFÍCIL,-0.075,positiva,55.3,43.0,16.2
44,CODAJÁS,"RUA JOÃO PESSOA, SN",DIFÍCIL,#E74C3C,-3.03831,-62.67841,6,0.076,-0.193,0,351,57.9,239,39.4,74,12.7,DIFÍCIL,-0.117,positiva,55.0,41.4,12.4
45,CODAJÁS,"RUA JOÃO PESSOA, SN",DIFÍCIL,#E74C3C,-3.04687,-62.65115,6,0.089,-0.173,0,354,59.2,234,39.1,82,14.6,DIFÍCIL,-0.084,positiva,56.2,41.1,14.4
46,CODAJÁS,"COM SÃO FRANCISCO DA TRINDADE, RIO SOLIMÕES, MARGEM DIREITA",DIFÍCIL,#E74C3C,-3.01301,-62.72302,6,0.463,-0.193,0,86,96.6,1,1.1,11,12.6,DIFÍCIL,0.27,positiva,91.8,1.2,12.4
48,CODAJÁS,"RUA RIO BADAJOS, SN",DIFÍCIL,#E74C3C,-3.02712,-62.68875,6,0.088,-0.119,0,317,59.1,210,39.2,104,20.0,DIFÍCIL,-0.031,positiva,56.2,41.1,19.6
51,CODAJÁS,"COM. MONTE SIAO, LAGO DO MIUÁ, MARGEM DIREITA",DIFÍCIL,#E74C3C,-3.03587,-62.69073,6,-0.017,-0.166,0,91,48.7,93,49.7,28,15.3,DIFÍCIL,-0.183,estável,46.2,52.2,15.0
53,CODAJÁS,"COM. NOVA ESPERANÇA, PARANÁ DO SALSA, MARGEM ESQUERDA",DIFÍCIL,#E74C3C,-3.06398,-62.67616,6,0.351,-0.264,0,187,85.4,28,12.8,12,5.5,DIFÍCIL,0.087,positiva,81.1,13.4,5.4
54,CODAJÁS,"COM. SÃO SEBASTIÃO, LAGO DO BADAJÓS, MARGEM ESQUERDA",DIFÍCIL,#E74C3C,-3.00037,-62.68856,6,0.393,-0.195,0,311,89.6,23,6.6,42,12.4,DIFÍCIL,0.198,positiva,85.1,7.0,12.2
55,CODAJÁS,"RUA RIO BADAJOS, SN",DIFÍCIL,#E74C3C,-3.0406,-62.6559,6,0.092,-0.12,0,323,59.5,209,38.5,104,19.9,DIFÍCIL,-0.029,positiva,56.5,40.4,19.5
56,CODAJÁS,"RUA RIO BADAJOS, SN",DIFÍCIL,#E74C3C,-3.0444,-62.66442,6,0.127,-0.08,0,355,63.1,194,34.5,132,23.9,DIFÍCIL,0.047,positiva,59.9,36.2,23.4
57,CODAJÁS,"RUA JOÃO PESSOA, S/N",DIFÍCIL,#E74C3C,-3.05034,-62.72348,6,0.08,-0.163,0,337,58.3,228,39.4,87,15.7,DIFÍCIL,-0.083,positiva,55.4,41.4,15.4
58,CODAJÁS,"RUA JOÃO PESSOA, SN",DIFÍCIL,#E74C3C,-3.00461,-62.65813,6,0.035,-0.169,0,328,53.9,270,44.3,88,15.0,DIFÍCIL,-0.133,positiva,51.2,46.6,14.7
59,CODAJÁS,"RUA JOÃO PESSOA, S/N",DIFÍCIL,#E74C3C,-2.98259,-62.68019,6,0.057,-0.188,0,306,56.0,229,41.9,69,13.2,DIFÍCIL,-0.13,positiva,53.2,44.0,12.9
60,CODAJÁS,"RUA RIO BADAJOS, SN",DIFÍCIL,#E74C3C,-3.01443,-62.72731,6,0.135,-0.072,0,335,63.8,183,34.9,126,24.8,DIFÍCIL,0.063,positiva,60.6,36.6,24.3
61,CODAJÁS,"RUA JOÃO PESSOA, S/N",DIFÍCIL,#E74C3C,-3.03206,-62.69499,6,0.055,-0.165,0,255,55.8,196,42.9,68,15.4,DIFÍCIL,-0.11,positiva,53.0,45.0,15.1
62,CODAJÁS,"RUA LUIZ PINHEIRO, SN",DIFÍCIL,#E74C3C,-3.04088,-62.69352,6,0.073,-0.145,0,243,57.6,176,41.7,72,17.4,DIFÍCIL,-0.072,positiva,54.7,43.8,17.1
63,CODAJÁS,"RUA JOÃO PESSOA, S/N",DIFÍCIL,#E74C3C,-3.0361,-62.68265,6,0.026,-0.192,0,260,53.0,227,46.2,61,12.7,DIFÍCIL,-0.166,positiva,50.3,48.5,12.5
64,CODAJÁS,"RUA JOÃO PESSOA, SN",DIFÍCIL,#E74C3C,-3.05399,-62.66333,6,0.047,-0.223,0,88,55.0,72,45.0,15,9.7,DIFÍCIL,-0.176,positiva,52.3,47.2,9.5
1,EIRUNEPÉ,AVENIDA GETULIO VARGAS SN,LULA+EB,#27AE60,-6.6543,-69.90474,6,0.178,0.207,0,303,68.1,121,27.2,232,52.6,LULA+EB,0.384,positiva,64.7,28.6,51.6
2,EIRUNEPÉ,AVENIDA GETULIO VARGAS SN,LULA+EB,#27AE60,-6.65104,-69.87833,6,0.211,0.211,0,327,71.4,117,25.5,235,53.0,LULA+EB,0.422,positiva,67.8,26.8,52.0
3,EIRUNEPÉ,AVENIDA GETULIO VARGAS SN,LULA+EB,#27AE60,-6.66608,-69.8815,6,0.209,0.204,0,319,71.2,114,25.4,228,52.3,LULA+EB,0.412,positiva,67.6,26.7,51.2
4,EIRUNEPÉ,"RUA FELIPE CUNHA, SN",LULA+EB,#27AE60,-6.64471,-69.9151,6,0.294,0.232,0,392,79.7,88,17.9,267,55.2,LULA+EB,0.526,positiva,75.7,18.8,54.1
5,EIRUNEPÉ,"RUA FELIPE CUNHA, SN",LULA+EB,#27AE60,-6.6604,-69.87568,6,0.281,0.184,0,386,78.5,88,17.9,242,50.3,LULA+EB,0.465,positiva,74.5,18.8,49.3
6,EIRUNEPÉ,RUA ANTONIO CASTRO ALVES SN,LULA+EB,#27AE60,-6.63057,-69.83123,6,0.256,0.182,0,428,75.9,122,21.6,281,50.1,LULA+EB,0.437,positiva,72.1,22.7,49.1
7,EIRUNEPÉ,AVENIDA GETULIO VARGAS SN,LULA+EB,#27AE60,-6.66332,-69.89282,6,0.189,0.166,0,313,69.2,129,28.5,216,48.5,LULA+EB,0.355,positiva,65.8,30.0,47.6
8,EIRUNEPÉ,AVENIDA GETULIO VARGAS SN,LULA+EB,#27AE60,-6.67271,-69.85726,6,0.169,0.215,0,312,67.2,142,30.6,242,53.4,LULA+EB,0.384,positiva,63.9,32.1,52.4
9,EIRUNEPÉ,AVENIDA GETULIO VARGAS SN,LULA+EB,#27AE60,-6.65951,-69.87728,6,0.143,0.14,0,291,64.7,143,31.8,204,45.9,LULA+EB,0.284,positiva,61.4,33.4,45.0
10,EIRUNEPÉ,RUA JOSE CAMILO SN,LULA+EB,#27AE60,-6.68573,-69.83091,6,0.236,0.125,0,286,73.9,94,24.3,169,44.5,LULA+EB,0.361,positiva,70.2,25.5,43.6
11,EIRUNEPÉ,RUA JOAO CONRADO SN,LULA+EB,#27AE60,-6.65015,-69.85243,6,0.144,0.174,0,382,64.7,193,32.7,286,49.3,LULA+EB,0.318,positiva,61.5,34.3,48.3
12,EIRUNEPÉ,RUA JOSE CAMILO,LULA+EB,#27AE60,-6.65497,-69.88184,6,0.204,0.123,0,256,70.7,97,26.8,158,44.3,LULA+EB,0.327,positiva,67.2,28.1,43.4
13,EIRUNEPÉ,RUA SANTA ROSA SN,LULA+EB,#27AE60,-6.67288,-69.90571,6,0.119,0.213,0,291,62.2,156,33.3,242,53.2,LULA+EB,0.331,positiva,59.1,35.0,52.1
14,EIRUNEPÉ,RUA SANTA ROSA SN,LULA+EB,#27AE60,-6.66603,-69.86432,6,0.195,0.21,0,296,69.8,112,26.4,218,52.9,LULA+EB,0.405,positiva,66.3,27.7,51.9
15,EIRUNEPÉ,RUA SANTA ROSA SN,LULA+EB,#27AE60,-6.649,-69.85031,6,0.175,0.23,0,266,67.9,110,28.1,208,54.9,LULA+EB,0.405,positiva,64.5,29.5,53.8
16,EIRUNEPÉ,RUA SANTA ROSA SN,LULA+EB,#27AE60,-6.65222,-69.85869,6,0.224,0.226,0,315,72.7,105,24.2,229,54.5,LULA+EB,0.45,positiva,69.1,25.5,53.4
17,EIRUNEPÉ,RUA SANTA MARIA SN,LULA+EB,#27AE60,-6.66846,-69.87948,6,0.212,0.096,0,259,71.5,91,25.1,145,41.5,LULA+EB,0.308,positiva,68.0,26.4,40.7
18,EIRUNEPÉ,RUA SANTA MARIA SN,LULA+EB,#27AE60,-6.65205,-69.84688,6,0.209,0.091,0,258,71.3,92,25.4,148,41.0,LULA+EB,0.3,positiva,67.7,26.7,40.2
19,EIRUNEPÉ,RUA SANTA MARIA SN,LULA+EB,#27AE60,-6.65952,-69.87632,6,0.232,0.196,0,275,73.5,90,24.1,186,51.5,LULA+EB,0.428,positiva,69.9,25.3,50.5
20,EIRUNEPÉ,AVENIDA GETULIO VARGAS SN,LULA+EB,#27AE60,-6.67159,-69.89188,6,0.228,0.203,0,343,73.1,111,23.7,239,52.2,LULA+EB,0.431,positiva,69.5,24.9,51.1
21,EIRUNEPÉ,AVENIDA GETULIO VARGAS SN,LULA+EB,#27AE60,-6.65854,-69.87991,6,0.191,0.181,0,297,69.4,123,28.7,208,50.0,LULA+EB,0.371,positiva,65.9,30.2,49.0
22,EIRUNEPÉ,AVENIDA GETULIO VARGAS SN,LULA+EB,#27AE60,-6.64861,-69.85395,6,0.158,0.212,0,275,66.1,120,28.8,220,53.1,LULA+EB,0.37,positiva,62.8,30.3,52.1
23,EIRUNEPÉ,AVENIDA GETULIO VARGAS SN,LULA+EB,#27AE60,-6.63612,-69.84756,6,0.214,0.195,0,335,71.7,121,25.9,236,51.4,LULA+EB,0.409,positiva,68.1,27.2,50.4
25,EIRUNEPÉ,RUA JOAO CONRADO SN,LULA+EB,#27AE60,-6.6313,-69.84007,6,0.162,0.15,0,382,66.6,179,31.2,262,47.0,LULA+EB,0.313,positiva,63.2,32.7,46.0
62,EIRUNEPÉ,AVENIDA GETULIO VARGAS SN,LULA+EB,#27AE60,-6.65136,-69.87307,6,0.161,0.231,0,285,66.4,127,29.6,228,55.1,LULA+EB,0.393,positiva,63.1,31.1,54.0
63,EIRUNEPÉ,RUA JOSE CAMILO,LULA+EB,#27AE60,-6.65795,-69.83807,6,0.245,0.158,0,277,74.9,78,21.1,170,47.8,LULA+EB,0.404,positiva,71.1,22.1,46.8
64,EIRUNEPÉ,AVENIDA GETULIO VARGAS SN,LULA+EB,#27AE60,-6.67942,-69.89668,6,0.281,0.181,0,357,78.5,82,18.0,224,50.0,LULA+EB,0.462,positiva,74.5,18.9,49.0
65,EIRUNEPÉ,AVENIDA GETULIO VARGAS SN,LULA+EB,#27AE60,-6.67106,-69.84121,6,0.122,0.246,0,280,62.5,154,34.4,248,56.5,LULA+EB,0.367,positiva,59.4,36.1,55.4
66,EIRUNEPÉ,RUA SANTA MARIA SN,LULA+EB,#27AE60,-6.62224,-69.89338,6,0.209,0.172,0,255,71.2,91,25.4,176,49.2,LULA+EB,0.381,positiva,67.7,26.7,48.2
70,EIRUNEPÉ,RUA JOSE CAMILO,LULA+EB,#27AE60,-6.66059,-69.92413,6,0.289,0.175,0,542,79.2,121,17.7,326,49.4,LULA+EB,0.464,positiva,75.3,18.6,48.4
72,EIRUNEPÉ,RUA JOSE CAMILO SN,LULA+EB,#27AE60,-6.61887,-69.84211,6,0.223,0.129,0,273,72.6,91,24.2,168,44.8,LULA+EB,0.352,positiva,69.0,25.4,43.9
73,EIRUNEPÉ,RUA SANTA MARIA SN,LULA+EB,#27AE60,-6.65301,-69.92854,6,0.245,0.153,0,288,74.8,87,22.6,182,47.3,LULA+EB,0.398,positiva,71.1,23.7,46.3
74,EIRUNEPÉ,RUA SANTA MARIA SN,LULA+EB,#27AE60,-6.65964,-69.87593,6,0.142,0.161,0,235,64.6,115,31.6,172,48.0,LULA+EB,0.304,positiva,61.3,33.2,47.1
75,EIRUNEPÉ,RUA ANTONIO CASTRO ALVES SN,LULA+EB,#27AE60,-6.68863,-69.90781,6,0.261,0.17,0,456,76.4,130,21.8,280,49.0,LULA+EB,0.431,positiva,72.6,22.9,48.0
76,EIRUNEPÉ,RUA ANTONIO CASTRO ALVES SN,LULA+EB,#27AE60,-6.61354,-69.85187,6,0.259,0.17,0,424,76.3,124,22.3,271,48.9,LULA+EB,0.429,positiva,72.4,23.4,47.9
77,EIRUNEPÉ,RUA SANTA MARIA SN,LULA+EB,#27AE60,-6.61472,-69.85696,6,0.201,0.219,0,255,70.4,94,26.0,191,53.8,LULA+EB,0.42,positiva,66.9,27.3,52.7
78,EIRUNEPÉ,RUA SANTA MARIA SN,LULA+EB,#27AE60,-6.65409,-69.87918,6,0.199,0.158,0,274,70.3,109,27.9,179,47.7,LULA+EB,0.357,positiva,66.7,29.3,46.8
79,EIRUNEPÉ,RUA SANTA MARIA SN,LULA+EB,#27AE60,-6.63777,-69.87221,6,0.119,0.162,0,234,62.2,132,35.1,178,48.1,LULA+EB,0.281,positiva,59.1,36.9,47.1
80,EIRUNEPÉ,RUA SANTA MARIA SN,LULA+EB,#27AE60,-6.63292,-69.90826,6,0.199,0.136,0,274,70.3,103,26.4,174,45.5,LULA+EB,0.336,positiva,66.7,27.7,44.6
81,EIRUNEPÉ,"RUA FELIPE CUNHA, SN",LULA+EB,#27AE60,-6.68514,-69.91165,6,0.294,0.138,0,402,79.8,97,19.2,228,45.7,LULA+EB,0.432,positiva,75.8,20.2,44.8
82,EIRUNEPÉ,"RUA FELIPE CUNHA, SN",LULA+EB,#27AE60,-6.6828,-69.89209,6,0.295,0.235,0,400,79.8,85,17.0,270,55.4,LULA+EB,0.53,positiva,75.8,17.8,54.3
83,EIRUNEPÉ,RUA ANTONIO CASTRO ALVES SN,LULA+EB,#27AE60,-6.68785,-69.88996,6,0.259,0.204,0,440,76.3,117,20.3,295,52.3,LULA+EB,0.463,positiva,72.4,21.3,51.3
84,EIRUNEPÉ,RUA PREFEITO JOAO CAVALCANTE,LULA+EB,#27AE60,-6.68062,-69.89151,6,0.235,0.197,0,480,73.8,153,23.5,335,51.6,LULA+EB,0.432,positiva,70.2,24.7,50.6
85,EIRUNEPÉ,RUA JOSE CAMILO SN,LULA+EB,#27AE60,-6.65993,-69.87596,6,0.206,0.072,0,273,70.9,102,26.5,148,39.2,LULA+EB,0.278,positiva,67.4,27.8,38.4
86,EIRUNEPÉ,RUA PREFEITO JOAO CAVALCANTE,LULA+EB,#27AE60,-6.66169,-69.8868,6,0.215,0.206,0,321,71.8,110,24.6,229,52.5,LULA+EB,0.421,positiva,68.2,25.8,51.5
87,EIRUNEPÉ,RUA ANTONIO CASTRO ALVES SN,LULA+EB,#27AE60,-6.66093,-69.90269,6,0.266,0.187,0,440,76.9,118,20.6,280,50.6,LULA+EB,0.453,positiva,73.1,21.7,49.6
88,EIRUNEPÉ,RUA SANTA ROSA SN,LULA+EB,#27AE60,-6.62509,-69.83988,6,0.207,0.153,0,306,71.0,112,26.0,202,47.2,LULA+EB,0.359,positiva,67.4,27.3,46.3
89,EIRUNEPÉ,RUA PREFEITO JOAO CAVALCANTE,LULA+EB,#27AE60,-6.67645,-69.86058,6,0.198,0.144,0,331,70.1,132,28.0,213,46.3,LULA+EB,0.342,positiva,66.6,29.4,45.4
91,EIRUNEPÉ,RUA ANTONIO CASTRO ALVES SN,LULA+EB,#27AE60,-6.70331,-69.87315,6,0.264,0.173,0,448,76.7,124,21.2,289,49.2,LULA+EB,0.437,positiva,72.9,22.3,48.2
92,EIRUNEPÉ,"RUA FELIPE CUNHA, SN",LULA+EB,#27AE60,-6.66651,-69.88555,6,0.264,0.208,0,370,76.8,103,21.4,252,52.7,LULA+EB,0.472,positiva,72.9,22.4,51.7
93,EIRUNEPÉ,RUA ANTONIO CASTRO ALVES SN,LULA+EB,#27AE60,-6.69532,-69.84912,6,0.274,0.202,0,439,77.7,108,19.1,288,52.1,LULA+EB,0.475,positiva,73.8,20.1,51.0
94,EIRUNEPÉ,RUA JOAO CONRADO SN,LULA+EB,#27AE60,-6.62205,-69.84539,6,0.098,0.137,0,175,60.1,102,35.1,129,45.6,LULA+EB,0.235,positiva,57.1,36.8,44.7
95,EIRUNEPÉ,RUA ANTONIO CASTRO ALVES SN,LULA+EB,#27AE60,-6.69747,-69.85315,6,0.267,0.169,0,442,77.0,121,21.1,278,48.9,LULA+EB,0.436,positiva,73.2,22.1,47.9
96,EIRUNEPÉ,"RUA PADRE JOÃO HOSPHEL, S/N",LULA+EB,#27AE60,-6.67198,-69.89828,6,0.256,0.204,0,412,75.9,118,21.7,275,52.3,LULA+EB,0.459,positiva,72.1,22.8,51.2
98,EIRUNEPÉ,"RUA PADRE JOÃO HOSPHEL, S/N",LULA+EB,#27AE60,-6.6128,-69.88174,6,0.223,0.191,0,380,72.7,126,24.1,266,51.1,LULA+EB,0.415,positiva,69.0,25.3,50.0
100,EIRUNEPÉ,"RUA PADRE JOÃO HOSPHEL, S/N",LULA+EB,#27AE60,-6.65592,-69.8762,6,0.298,0.221,0,384,80.2,76,15.9,252,54.1,LULA+EB,0.52,positiva,76.2,16.7,53.0
101,EIRUNEPÉ,RUA SANTA MARIA SN,LULA+EB,#27AE60,-6.63041,-69.85735,6,0.232,0.155,0,291,73.5,91,23.0,183,47.4,LULA+EB,0.386,positiva,69.8,24.1,46.5
102,EIRUNEPÉ,AVENIDA GETULIO VARGAS SN,LULA+EB,#27AE60,-6.66405,-69.85968,6,0.216,0.138,0,302,71.9,104,24.8,189,45.8,LULA+EB,0.354,positiva,68.3,26.0,44.8
103,EIRUNEPÉ,"RUA FELIPE CUNHA, SN",LULA+EB,#27AE60,-6.64528,-69.90309,6,0.244,0.186,0,343,74.7,99,21.6,229,50.6,LULA+EB,0.43,positiva,71.0,22.6,49.5
104,EIRUNEPÉ,RUA ANTONIO CASTRO ALVES SN,LULA+EB,#27AE60,-6.65865,-69.88795,6,0.268,0.172,0,425,77.1,112,20.3,268,49.2,LULA+EB,0.441,positiva,73.3,21.3,48.2
106,EIRUNEPÉ,RUA JOSE CAMILO SN,LULA+EB,#27AE60,-6.70507,-69.87849,6,0.263,0.101,0,335,76.7,90,20.6,177,42.0,LULA+EB,0.365,positiva,72.8,21.6,41.2
1,ENVIRA,AV JOAQUIM BORBA SN,LULA+EB,#27AE60,-7.64604,-69.88308,6,0.17,0.047,0.67,253,67.3,102,27.1,135,36.6,LULA+EB,0.216,positiva,63.9,28.5,35.9
2,ENVIRA,AV JOAQUIM BORBA SN,LULA+EB,#27AE60,-7.64062,-69.88614,6,0.239,0.057,0.74,288,74.2,80,20.6,143,37.6,LULA+EB,0.296,positiva,70.5,21.6,36.9
3,ENVIRA,AV JOAQUIM BORBA SN,LULA+EB,#27AE60,-7.63259,-69.87079,6,0.225,0.141,0.73,305,72.8,91,21.7,185,46.0,LULA+EB,0.366,positiva,69.2,22.8,45.1
4,ENVIRA,AV JOAQUIM BORBA SN,LULA+EB,#27AE60,-7.65249,-69.88815,6,0.209,0.091,0.71,257,71.2,93,25.8,146,41.0,LULA+EB,0.3,positiva,67.6,27.0,40.2
5,ENVIRA,AV JOAQUIM BORBA SN,LULA+EB,#27AE60,-7.60931,-69.90002,6,0.254,0.128,0.76,281,75.7,79,21.3,164,44.7,LULA+EB,0.382,positiva,72.0,22.4,43.8
6,ENVIRA,AV JOAQUIM BORBA SN,LULA+EB,#27AE60,-7.60524,-69.85875,6,0.197,0.063,0.7,262,70.1,96,25.7,142,38.3,LULA+EB,0.261,positiva,66.6,27.0,37.5
7,ENVIRA,AV JOAQUIM BORBA SN,LULA+EB,#27AE60,-7.59412,-69.90006,6,0.28,0.093,0.78,300,78.3,65,17.0,153,41.2,LULA+EB,0.373,positiva,74.4,17.8,40.4
8,ENVIRA,AV JOAQUIM BORBA SN,LULA+EB,#27AE60,-7.6623,-69.86006,6,0.312,0.036,0.82,304,81.5,63,16.9,133,35.6,LULA+EB,0.348,positiva,77.4,17.7,34.9
9,ENVIRA,ESTRADA MARIANO SN,LULA+EB,#27AE60,-7.64586,-69.88519,6,0.296,0.14,0.8,366,79.9,73,15.9,206,45.9,LULA+EB,0.435,positiva,75.9,16.7,45.0
10,ENVIRA,ESTRADA MARIANO SN,LULA+EB,#27AE60,-7.66675,-69.86687,6,0.294,0.126,0.8,369,79.7,80,17.3,202,44.5,LULA+EB,0.419,positiva,75.7,18.1,43.6
11,ENVIRA,ESTRADA MARIANO SN,LULA+EB,#27AE60,-7.64779,-69.89724,6,0.305,0.095,0.81,396,80.8,85,17.3,199,41.5,LULA+EB,0.4,positiva,76.8,18.2,40.6
12,ENVIRA,ESTRADA MARIANO SN,LULA+EB,#27AE60,-7.63362,-69.88822,6,0.267,0.107,0.77,368,77.0,91,19.0,198,42.6,LULA+EB,0.373,positiva,73.1,20.0,41.7
13,ENVIRA,RUA 27 DE JUNHO SN,LULA+EB,#27AE60,-7.63891,-69.88243,6,0.129,0.061,0.63,242,63.2,117,30.5,146,38.0,LULA+EB,0.19,positiva,60.0,32.1,37.3
14,ENVIRA,RUA 27 DE JUNHO SN,LULA+EB,#27AE60,-7.6064,-69.90299,6,0.179,0.064,0.68,240,68.2,97,27.6,134,38.3,LULA+EB,0.242,positiva,64.8,28.9,37.5
15,ENVIRA,RUA LUPECINO MARIANO DE FRANÇA,LULA+EB,#27AE60,-7.69396,-69.8932,6,0.236,0.116,0.74,213,74.0,66,22.9,122,43.6,LULA+EB,0.353,positiva,70.3,24.1,42.7
16,ENVIRA,RUA LUPECINO MARIANO DE FRANÇA,LULA+EB,#27AE60,-7.59834,-69.86245,6,0.204,0.128,0.71,174,70.7,62,25.2,106,44.7,LULA+EB,0.332,positiva,67.2,26.5,43.8
17,ENVIRA,RUA LUPECINO MARIANO DE FRANÇA,LULA+EB,#27AE60,-7.65579,-69.93413,6,0.184,0.074,0.69,229,68.8,92,27.6,129,39.3,LULA+EB,0.258,positiva,65.3,29.0,38.5
18,ENVIRA,RUA 27 DE JUNHO SN,LULA+EB,#27AE60,-7.6469,-69.90539,6,0.159,0.114,0.66,233,66.2,107,30.4,152,43.3,LULA+EB,0.272,positiva,62.9,31.9,42.4
19,ENVIRA,RUA 27 DE JUNHO SN,LULA+EB,#27AE60,-7.66265,-69.86547,6,0.215,0.137,0.72,227,71.8,73,23.1,140,45.6,LULA+EB,0.352,positiva,68.2,24.3,44.7
20,ENVIRA,RUA 27 DE JUNHO SN,LULA+EB,#27AE60,-7.6388,-69.87204,6,0.149,0.002,0.65,240,65.2,109,29.6,116,32.1,LULA+EB,0.151,positiva,62.0,31.1,31.5
21,ENVIRA,RUA 27 DE JUNHO SN,LULA+EB,#27AE60,-7.64853,-69.9355,6,0.19,0.062,0.69,246,69.3,94,26.5,132,38.2,LULA+EB,0.252,positiva,65.8,27.8,37.4
22,ENVIRA,RUA ENFERMEIRO RAIMUNDO JOEL,LULA+EB,#27AE60,-7.67535,-69.84953,6,0.126,0.031,0.63,302,62.9,158,32.9,163,35.1,LULA+EB,0.157,positiva,59.8,34.6,34.4
23,ENVIRA,RUA ENFERMEIRO RAIMUNDO JOEL,LULA+EB,#27AE60,-7.61102,-69.88983,6,0.131,0.067,0.63,317,63.4,162,32.4,191,38.7,LULA+EB,0.198,positiva,60.2,34.0,37.9
24,ENVIRA,RUA ENFERMEIRO RAIMUNDO JOEL,LULA+EB,#27AE60,-7.62323,-69.92505,6,0.163,0.023,0.67,317,66.6,140,29.4,160,34.3,LULA+EB,0.186,positiva,63.3,30.9,33.6
25,ENVIRA,RUA ENFERMEIRO RAIMUNDO JOEL,LULA+EB,#27AE60,-7.63261,-69.89732,6,0.133,0.031,0.64,297,63.6,147,31.5,162,35.1,LULA+EB,0.164,positiva,60.4,33.1,34.4
26,ENVIRA,RUA ENFERMEIRO RAIMUNDO JOEL,LULA+EB,#27AE60,-7.62091,-69.84399,6,0.115,0.013,0.62,295,61.8,165,34.6,157,33.2,LULA+EB,0.128,positiva,58.8,36.3,32.5
27,ENVIRA,RUA ENFERMEIRO RAIMUNDO JOEL,LULA+EB,#27AE60,-7.65028,-69.86307,6,0.157,0.057,0.66,322,66.0,149,30.5,180,37.7,LULA+EB,0.214,positiva,62.7,32.1,36.9
28,ENVIRA,RUA ENFERMEIRO RAIMUNDO JOEL,LULA+EB,#27AE60,-7.6448,-69.84432,6,0.132,-0.017,0.64,308,63.5,149,30.7,142,30.2,LULA+EB,0.115,positiva,60.3,32.3,29.6
29,ENVIRA,RUA ENFERMEIRO RAIMUNDO JOEL,LULA+EB,#27AE60,-7.63494,-69.87777,6,0.14,0.097,0.64,298,64.4,139,30.0,191,41.6,LULA+EB,0.237,positiva,61.1,31.5,40.8
30,ENVIRA,RUA ENFERMEIRO RAIMUNDO JOEL,LULA+EB,#27AE60,-7.63659,-69.90741,6,0.109,0.007,0.61,279,61.2,160,35.1,147,32.6,LULA+EB,0.115,positiva,58.1,36.8,31.9
31,ENVIRA,RUA LUPECINO MARIANO DE FRANÇA,LULA+EB,#27AE60,-7.62489,-69.86153,6,0.255,0.052,0.76,248,75.8,71,21.7,121,37.1,LULA+EB,0.307,positiva,72.0,22.8,36.4
32,ENVIRA,AV JOAQUIM BORBA SN,LULA+EB,#27AE60,-7.61901,-69.90403,6,0.238,0.128,0.74,313,74.2,95,22.5,184,44.8,LULA+EB,0.367,positiva,70.5,23.6,43.9
33,ENVIRA,AV JOAQUIM BORBA SN,LULA+EB,#27AE60,-7.65373,-69.84921,6,0.256,0.077,0.76,316,76.0,91,21.9,165,39.7,LULA+EB,0.334,positiva,72.2,23.0,38.9
40,ENVIRA,ESTRADA MARIANO SN,LULA+EB,#27AE60,-7.64713,-69.93718,6,0.244,0.095,0.75,351,74.7,99,21.1,194,41.5,LULA+EB,0.339,positiva,70.9,22.1,40.6
41,ENVIRA,ESTRADA MARIANO SN,LULA+EB,#27AE60,-7.65581,-69.91749,6,0.256,0.132,0,360,75.9,99,20.9,209,45.1,LULA+EB,0.388,positiva,72.2,21.9,44.2
1,FONTE BOA,"R. GENERAL EURICO GASPAR DUTRA, SN",LULA+EB,#27AE60,-2.50668,-66.0618,6,0.283,0.205,0.79,365,78.7,86,18.5,237,52.4,LULA+EB,0.488,positiva,74.7,19.5,51.4
2,FONTE BOA,"R. GENERAL EURICO GASPAR DUTRA, SN",LULA+EB,#27AE60,-2.5077,-66.00222,6,0.233,0.172,0.74,349,73.6,111,23.4,221,49.1,LULA+EB,0.405,positiva,69.9,24.6,48.1
3,FONTE BOA,R. GENERAL EURICO GASPAR DUTRA SN,LULA+EB,#27AE60,-2.51072,-66.01686,6,0.207,0.209,0.71,384,71.0,143,26.4,278,52.9,LULA+EB,0.416,positiva,67.4,27.8,51.8
4,FONTE BOA,R. GENERAL EURICO GASPAR DUTRA SN,LULA+EB,#27AE60,-2.48501,-66.02003,6,0.246,0.251,0.75,385,74.9,118,23.0,284,57.0,LULA+EB,0.497,positiva,71.2,24.1,55.9
5,FONTE BOA,R. GENERAL EURICO GASPAR DUTRA SN,LULA+EB,#27AE60,-2.51707,-66.01,6,0.23,0.208,0.73,406,73.3,134,24.2,287,52.8,LULA+EB,0.438,positiva,69.6,25.4,51.7
6,FONTE BOA,R. GENERAL EURICO GASPAR DUTRA SN,LULA+EB,#27AE60,-2.52578,-66.03639,6,0.188,0.18,0.69,365,69.1,151,28.6,257,49.9,LULA+EB,0.368,positiva,65.7,30.0,48.9
7,FONTE BOA,RUA BARNABÉ GOMES,LULA+EB,#27AE60,-2.51363,-66.01574,6,0.226,0.174,0.73,315,72.9,104,24.1,208,49.3,LULA+EB,0.4,positiva,69.3,25.3,48.3
8,FONTE BOA,RUA BARNABÉ GOMES,LULA+EB,#27AE60,-2.50732,-66.00679,6,0.266,0.223,0.77,343,76.9,92,20.6,238,54.2,LULA+EB,0.489,positiva,73.1,21.7,53.1
9,FONTE BOA,RUA BARNABÉ GOMES,LULA+EB,#27AE60,-2.51641,-66.06022,6,0.264,0.206,0.77,330,76.7,93,21.6,218,52.5,LULA+EB,0.47,positiva,72.9,22.7,51.5
10,FONTE BOA,RUA BARNABÉ GOMES,LULA+EB,#27AE60,-2.55108,-66.00606,6,0.238,0.197,0.74,326,74.1,94,21.4,220,51.6,LULA+EB,0.435,positiva,70.4,22.4,50.6
11,FONTE BOA,RUA BELARMINO LINS,LULA+EB,#27AE60,-2.50762,-66.01593,6,0.267,0.215,0.77,410,77.1,111,20.9,271,53.5,LULA+EB,0.483,positiva,73.2,21.9,52.4
12,FONTE BOA,"RIO MAIANA, MARGEM DIREITA",LULA+EB,#27AE60,-2.49975,-66.02168,6,0.402,0.29,0,267,90.5,27,9.2,178,61.0,LULA+EB,0.692,positiva,86.0,9.6,59.7
13,FONTE BOA,"RIO AUATI-PARANÃ DE BAIXO, MARGEM ESQUERDA",LULA+EB,#27AE60,-2.53843,-65.99776,6,0.31,0.302,0,157,81.3,34,17.6,118,62.1,LULA+EB,0.612,positiva,77.3,18.5,60.9
27,FONTE BOA,RUA BELARMINO LINS,LULA+EB,#27AE60,-2.5031,-66.01732,6,0.285,0.213,0.79,420,78.8,101,18.9,276,53.2,LULA+EB,0.497,positiva,74.9,19.9,52.1
30,FONTE BOA,RUA BELARMINO LINS,LULA+EB,#27AE60,-2.49516,-66.05673,6,0.279,0.246,0.78,413,78.2,102,19.3,291,56.5,LULA+EB,0.525,positiva,74.3,20.3,55.4
31,FONTE BOA,RUA BELARMINO LINS,LULA+EB,#27AE60,-2.49891,-66.00294,6,0.278,0.221,0.78,438,78.1,115,20.5,296,54.0,LULA+EB,0.498,positiva,74.2,21.5,52.9
33,FONTE BOA,RUA BARNABÉ GOMES,LULA+EB,#27AE60,-2.5113,-66.03284,6,0.28,0.221,0.78,351,78.3,87,19.4,233,54.1,LULA+EB,0.502,positiva,74.4,20.4,53.0
34,FONTE BOA,AV. FRANCISCO PEREIRA DE SOUZA,LULA+EB,#27AE60,-2.48663,-65.97147,6,0.231,0.181,0.73,328,73.4,110,24.6,218,50.0,LULA+EB,0.411,positiva,69.7,25.8,49.0
35,FONTE BOA,"RIO AUATI-PARANÃ DE BAIXO, MARGEM ESQUERDA",LULA+EB,#27AE60,-2.51629,-65.99737,6,0.431,0.348,0,314,93.5,19,5.7,221,66.8,LULA+EB,0.78,positiva,88.8,5.9,65.4
36,FONTE BOA,"RIO SOLIMÕES, MARGEM DIREITA",LULA+EB,#27AE60,-2.5106,-66.01574,6,0.416,0.127,0,229,92.0,18,7.2,109,44.7,LULA+EB,0.544,positiva,87.4,7.6,43.8
37,FONTE BOA,AV. TIRADENTES S/N,LULA+EB,#27AE60,-2.54405,-66.00883,6,0.276,0.243,0.78,447,77.9,114,19.9,311,56.2,LULA+EB,0.519,positiva,74.0,20.9,55.1
38,FONTE BOA,AV. FRANCISCO PEREIRA DE SOUZA,LULA+EB,#27AE60,-2.52439,-66.00424,6,0.231,0.151,0.73,337,73.4,115,25.1,211,47.0,LULA+EB,0.382,positiva,69.7,26.3,46.1
40,FONTE BOA,AV. FRANCISCO PEREIRA DE SOUZA,LULA+EB,#27AE60,-2.51249,-66.0175,6,0.142,0.114,0.65,293,64.5,148,32.6,192,43.3,LULA+EB,0.256,positiva,61.3,34.2,42.5
43,FONTE BOA,AV. FRANCISCO PEREIRA DE SOUZA,LULA+EB,#27AE60,-2.55536,-66.01339,6,0.242,0.155,0.75,339,74.5,105,23.1,203,47.4,LULA+EB,0.397,positiva,70.8,24.2,46.5
44,FONTE BOA,AV FRANCISCO FERREIRA DE SOUZA,LULA+EB,#27AE60,-2.53813,-66.02071,6,0.277,0.167,0.78,400,78.0,103,20.1,247,48.6,LULA+EB,0.443,positiva,74.1,21.1,47.6
45,FONTE BOA,R. GENERAL EURICO GASPAR DUTRA SN,LULA+EB,#27AE60,-2.50529,-66.02353,6,0.221,0.199,0.72,399,72.4,139,25.2,280,51.9,LULA+EB,0.42,positiva,68.8,26.5,50.8
46,FONTE BOA,"R. GENERAL EURICO GASPAR DUTRA, SN",LULA+EB,#27AE60,-2.51068,-66.01807,6,0.25,0.165,0.75,345,75.3,96,21.0,209,48.4,LULA+EB,0.415,positiva,71.6,22.0,47.4
47,FONTE BOA,AV FRANCISCO FERREIRA DE SOUZA,LULA+EB,#27AE60,-2.55356,-66.04581,6,0.243,0.149,0.75,417,74.6,126,22.5,253,46.9,LULA+EB,0.392,positiva,70.9,23.7,45.9
48,FONTE BOA,"RIO AUATI-PARANÃ DE BAIXO, MARGEM DIREITA",LULA+EB,#27AE60,-2.52655,-66.03503,6,0.327,0.128,0.83,206,83.1,37,14.9,106,44.7,LULA+EB,0.455,positiva,78.9,15.7,43.8
49,FONTE BOA,ESTRADA DA BARÉ,LULA+EB,#27AE60,-2.52224,-66.03827,6,0.243,0.139,0.75,443,74.6,139,23.4,261,45.9,LULA+EB,0.382,positiva,70.9,24.6,45.0
50,FONTE BOA,RUA BARNABÉ GOMES,LULA+EB,#27AE60,-2.51096,-66.0183,6,0.288,0.21,0.79,349,79.1,82,18.6,228,52.9,LULA+EB,0.498,positiva,75.2,19.5,51.8
51,FONTE BOA,RUA BELARMINO LINS,LULA+EB,#27AE60,-2.50387,-66.03223,6,0.283,0.25,0.79,409,78.7,99,19.0,287,56.9,LULA+EB,0.533,positiva,74.7,20.0,55.8
53,FONTE BOA,ESTRADA DA BARÉ,LULA+EB,#27AE60,-2.51524,-66.02023,6,0.302,0.17,0.81,518,80.6,109,17.0,303,48.9,LULA+EB,0.473,positiva,76.5,17.8,48.0
54,FONTE BOA,AV FRANCISCO FERREIRA DE SOUZA,LULA+EB,#27AE60,-2.50077,-66.02752,6,0.237,0.195,0.74,381,74.0,118,22.9,262,51.5,LULA+EB,0.432,positiva,70.3,24.1,50.4
55,FONTE BOA,AV. FRANCISCO PEREIRA DE SOUZA,LULA+EB,#27AE60,-2.55315,-66.00611,6,0.155,0.141,0.66,299,65.9,140,30.8,196,46.0,LULA+EB,0.296,positiva,62.6,32.4,45.1
56,FONTE BOA,ESTRADA DA BARÉ,LULA+EB,#27AE60,-2.48884,-66.02154,6,0.279,0.175,0.78,488,78.2,124,19.9,299,49.4,LULA+EB,0.454,positiva,74.3,20.9,48.4
57,FONTE BOA,R. GENERAL EURICO GASPAR DUTRA SN,LULA+EB,#27AE60,-2.51527,-66.01299,6,0.213,0.215,0.72,382,71.7,144,27.0,277,53.5,LULA+EB,0.429,positiva,68.1,28.4,52.4
58,FONTE BOA,AV. FRANCISCO PEREIRA DE SOUZA,LULA+EB,#27AE60,-2.51891,-66.01328,6,0.217,0.185,0.72,317,72.0,118,26.8,218,50.5,LULA+EB,0.403,positiva,68.4,28.2,49.5
59,FONTE BOA,RUA BELARMINO LINS,LULA+EB,#27AE60,-2.50859,-66.01532,6,0.288,0.208,0.79,406,79.1,99,19.3,266,52.8,LULA+EB,0.497,positiva,75.2,20.3,51.7
60,FONTE BOA,ESTRADA DA BARÉ,LULA+EB,#27AE60,-2.52537,-66.03232,6,0.306,0.198,0.81,433,80.9,96,17.9,270,51.7,LULA+EB,0.504,positiva,76.9,18.8,50.7
61,FONTE BOA,R. GENERAL EURICO GASPAR DUTRA SN,LULA+EB,#27AE60,-2.51282,-66.04922,6,0.179,0.19,0.68,322,68.2,138,29.2,239,51.0,LULA+EB,0.369,positiva,64.8,30.7,49.9
62,FONTE BOA,AV. FRANCISCO PEREIRA DE SOUZA,LULA+EB,#27AE60,-2.51249,-66.01472,6,0.152,0.152,0.66,257,65.6,129,32.9,181,47.1,LULA+EB,0.304,positiva,62.3,34.6,46.2
63,FONTE BOA,AV FRANCISCO FERREIRA DE SOUZA,LULA+EB,#27AE60,-2.52822,-65.99944,6,0.231,0.247,0.73,364,73.4,119,24.0,274,56.6,LULA+EB,0.477,positiva,69.7,25.2,55.5
64,FONTE BOA,"R. GENERAL EURICO GASPAR DUTRA, SN",LULA+EB,#27AE60,-2.51322,-66.01837,6,0.255,0.235,0,332,75.8,94,21.5,226,55.4,LULA+EB,0.489,positiva,72.0,22.5,54.3
65,FONTE BOA,ESTRADA DA BARÉ,LULA+EB,#27AE60,-2.51259,-65.96624,6,0.276,0.185,0,445,77.9,118,20.7,276,50.5,LULA+EB,0.461,positiva,74.0,21.7,49.4
66,FONTE BOA,RUA BELARMINO LINS,LULA+EB,#27AE60,-2.51791,-66.00992,6,0.26,0.237,0,361,76.3,104,22.0,249,55.6,LULA+EB,0.497,positiva,72.5,23.1,54.5
67,FONTE BOA,AV FRANCISCO FERREIRA DE SOUZA,LULA+EB,#27AE60,-2.49204,-66.0479,6,0.202,0.181,0,321,70.5,123,27.0,221,50.0,LULA+EB,0.383,positiva,67.0,28.4,49.0
15,GUAJARÁ,"AV. JUSTINO BERNARDES, S/N, CENTRO",EB_PURO,#8E44AD,-1.76687,-61.51551,6,-0.042,0.025,0,141,46.1,154,50.3,98,34.4,EB_PURO,-0.018,estável,43.8,52.8,33.7
16,GUAJARÁ,"AV. JUSTINO BERNARDES, S/N, CENTRO",PURO_SWING,#F4D03F,-1.73031,-61.46362,6,-0.013,-0.033,0,158,49.1,153,47.5,87,28.6,PURO_SWING,-0.046,estável,46.6,49.9,28.0
17,GUAJARÁ,"AV. JUSTINO BERNARDES, S/N, CENTRO",PURO_SWING,#F4D03F,-1.78544,-61.50157,6,-0.048,-0.025,0,138,45.5,150,49.5,85,29.4,PURO_SWING,-0.073,estável,43.3,52.0,28.8
18,GUAJARÁ,"RUA JOÃO BONIFÁCIO, S/N., CENTRO",EB_PURO,#8E44AD,-1.72524,-61.55762,6,-0.049,0.068,0,189,45.4,221,53.1,154,38.7,EB_PURO,0.019,negativa,43.2,55.8,37.9
19,GUAJARÁ,"RUA JOÃO BONIFÁCIO, S/N., CENTRO",EB_PURO,#8E44AD,-1.74667,-61.54274,6,-0.047,-0.018,0,186,45.6,209,51.2,116,30.1,EB_PURO,-0.065,negativa,43.3,53.8,29.5
20,GUAJARÁ,"RUA JOÃO BONIFÁCIO, S/N., CENTRO",PURO_SWING,#F4D03F,-1.75015,-61.56113,6,0.003,-0.011,0,227,50.7,203,45.3,135,30.8,PURO_SWING,-0.008,positiva,48.1,47.6,30.2
21,GUAJARÁ,"RUA JOÃO BONIFÁCIO, S/N., CENTRO",PURO_SWING,#F4D03F,-1.73635,-61.4647,6,-0.012,0.004,0,205,49.2,199,47.7,127,32.3,PURO_SWING,-0.008,estável,46.7,50.1,31.7
22,GUAJARÁ,"AV. JUSTINO BERNARDES, S/N, CENTRO",EB_PURO,#8E44AD,-1.68877,-61.53033,6,-0.035,0.001,0,139,46.8,145,48.8,90,32.0,EB_PURO,-0.034,estável,44.5,51.3,31.4
23,GUAJARÁ,"AV. JUSTINO BERNARDES, S/N, CENTRO",EB_PURO,#8E44AD,-1.72412,-61.53448,6,-0.037,0.004,0,144,46.6,156,50.5,92,32.3,EB_PURO,-0.034,estável,44.3,53.0,31.6
25,GUAJARÁ,"AV. JUVENAL DE PAULO CASTRO, S/N, CENTRO",BOLSO+EB,#E67E22,-1.76309,-61.52887,6,-0.063,-0.031,0,249,44.0,308,54.4,157,28.8,BOLSO+EB,-0.095,negativa,41.8,57.1,28.2
26,GUAJARÁ,"RUA JOÃO BONIFÁCIO, S/N., CENTRO",EB_PURO,#8E44AD,-1.71896,-61.4668,6,-0.096,0.051,0,182,40.7,254,56.8,163,37.0,EB_PURO,-0.045,negativa,38.7,59.7,36.3
28,GUAJARÁ,"RUA JOÃO BONIFÁCIO, S/N., CENTRO",DIFÍCIL,#E74C3C,-1.73215,-61.53331,6,-0.06,-0.051,0,192,44.3,225,52.0,110,26.8,DIFÍCIL,-0.111,negativa,42.1,54.6,26.3
29,GUAJARÁ,"RUA JOÃO BONIFÁCIO, S/N., CENTRO",EB_PURO,#8E44AD,-1.73614,-61.50416,6,-0.073,-0.007,0,199,43.0,247,53.3,136,31.3,EB_PURO,-0.08,negativa,40.8,56.0,30.6
30,GUAJARÁ,"AV. JUSTINO BERNARDES, S/N, CENTRO",EB_PURO,#8E44AD,-1.73224,-61.52102,6,-0.105,-0.016,0,123,39.8,172,55.7,88,30.3,EB_PURO,-0.121,negativa,37.8,58.4,29.7
31,GUAJARÁ,"AV. JUSTINO BERNARDES, S/N, CENTRO",BOLSO+EB,#E67E22,-1.73911,-61.49377,6,-0.069,-0.036,0,136,43.5,171,54.6,85,28.3,BOLSO+EB,-0.105,negativa,41.3,57.4,27.8
32,GUAJARÁ,"COMUNIDADE DO GAMA, RIO GAMA, MARGEM DIREITA, ZONA RURAL",BOLSO+EB,#E67E22,-1.75026,-61.56071,6,-0.19,-0.027,0,149,31.4,317,66.7,135,29.2,BOLSO+EB,-0.217,negativa,29.8,70.1,28.6
33,GUAJARÁ,"COMUNIDADE DE BOA FE, RIO JURUA, S/N, MARGEM DIREITA, ZONA RURAL",EB_PURO,#8E44AD,-1.73342,-61.52075,6,-0.107,0.075,0,224,39.6,323,57.2,212,39.5,EB_PURO,-0.031,negativa,37.7,60.0,38.7
38,GUAJARÁ,"AV. JUVENAL DE PAULO CASTRO, S/N, CENTRO",BOLSO+EB,#E67E22,-1.73541,-61.52035,6,-0.066,-0.04,0,242,43.7,294,53.1,147,27.9,BOLSO+EB,-0.107,negativa,41.5,55.7,27.3
39,GUAJARÁ,"AV. JUSTINO BERNARDES, S/N, CENTRO",BOLSO+EB,#E67E22,-1.73306,-61.54045,6,-0.097,-0.028,0,130,40.6,181,56.6,88,29.1,BOLSO+EB,-0.125,negativa,38.6,59.4,28.6
40,GUAJARÁ,"COMUNIDADE DO GAMA, RIO GAMA, MARGEM DIREITA, ZONA RURAL",EB_PURO,#8E44AD,-1.71679,-61.50063,6,-0.156,-0.018,0,181,34.7,323,61.9,148,30.1,EB_PURO,-0.174,negativa,32.9,65.0,29.5
42,GUAJARÁ,"RUA JOÃO BONIFÁCIO, S/N., CENTRO",BOLSO+EB,#E67E22,-1.72636,-61.52363,6,-0.055,-0.027,0,196,44.9,230,52.6,121,29.2,BOLSO+EB,-0.082,negativa,42.6,55.3,28.6
44,GUAJARÁ,"RUA EDSON HERCULANO, S/N, CENTRO",DIFÍCIL,#E74C3C,-1.69144,-61.51135,6,-0.128,-0.057,0,203,37.5,329,60.8,132,26.2,DIFÍCIL,-0.185,negativa,35.6,63.9,25.7
47,GUAJARÁ,"RUA EDSON HERCULANO, S/N, CENTRO",DIFÍCIL,#E74C3C,-1.70131,-61.5532,6,-0.173,-0.089,0,190,33.0,367,63.8,123,23.0,DIFÍCIL,-0.262,negativa,31.4,67.0,22.6
48,GUAJARÁ,"RUA EDSON HERCULANO, S/N, CENTRO",BOLSO+EB,#E67E22,-1.73401,-61.53102,6,-0.096,-0.049,0,240,40.7,336,57.0,151,27.0,BOLSO+EB,-0.145,negativa,38.7,59.9,26.5
49,GUAJARÁ,"COMUNIDADE LAGOINHA, RIO JURUÁ, S/N, MARGEM ESQUERDA, ZONA RURAL",DIFÍCIL,#E74C3C,-1.76559,-61.53127,6,-0.008,-0.212,0,94,49.5,90,47.4,20,10.8,DIFÍCIL,-0.22,estável,47.0,49.7,10.5
53,GUAJARÁ,"RUA EDSON HERCULANO, S/N, CENTRO",DIFÍCIL,#E74C3C,-1.73181,-61.51725,6,-0.199,-0.091,0,166,30.5,353,64.8,116,22.8,DIFÍCIL,-0.29,negativa,28.9,68.0,22.4
54,GUAJARÁ,"RUA EDSON HERCULANO, S/N, CENTRO",DIFÍCIL,#E74C3C,-1.70073,-61.49101,6,-0.153,-0.062,0,189,35.1,333,61.8,130,25.7,DIFÍCIL,-0.215,negativa,33.3,64.9,25.2
55,GUAJARÁ,"RUA EDSON HERCULANO, S/N, CENTRO",DIFÍCIL,#E74C3C,-1.73189,-61.52997,6,-0.111,-0.052,0,212,39.2,307,56.7,139,26.7,DIFÍCIL,-0.163,negativa,37.2,59.6,26.2
64,GUAJARÁ,"COMUNIDADE DO GAMA, RIO GAMA, MARGEM DIREITA, ZONA RURAL",EB_PURO,#8E44AD,-1.71497,-61.4947,6,-0.262,0.095,0,48,24.1,140,70.4,77,41.4,EB_PURO,-0.167,negativa,22.9,73.9,40.6
65,GUAJARÁ,"RAMAL DOS CAROBAS, S/N, ZONA RURAL",DIFÍCIL,#E74C3C,-1.74389,-61.46433,6,-0.323,-0.102,0,98,18.0,424,78.1,111,21.8,DIFÍCIL,-0.424,negativa,17.1,82.0,21.3
69,GUAJARÁ,"RUA EDSON HERCULANO, S/N, CENTRO",BOLSO+EB,#E67E22,-1.73849,-61.52676,6,-0.144,-0.04,0,201,36.0,336,60.1,151,28.0,BOLSO+EB,-0.183,negativa,34.2,63.1,27.4
70,GUAJARÁ,"RUA EDSON HERCULANO, S/N, CENTRO",DIFÍCIL,#E74C3C,-1.68847,-61.48916,6,-0.138,-0.064,0,192,36.5,323,61.4,127,25.6,DIFÍCIL,-0.202,negativa,34.7,64.5,25.0
71,GUAJARÁ,"RUA EDSON HERCULANO, S/N, CENTRO",DIFÍCIL,#E74C3C,-1.73584,-61.54854,6,-0.155,-0.05,0,190,34.9,336,61.7,141,26.9,DIFÍCIL,-0.205,negativa,33.1,64.7,26.4
74,GUAJARÁ,"AV. JUVENAL DE PAULO CASTRO, S/N, CENTRO",PURO_SWING,#F4D03F,-1.7614,-61.50404,6,0.006,-0.023,0,273,50.9,252,47.0,154,29.6,PURO_SWING,-0.017,estável,48.4,49.4,29.0
1,HUMAITÁ,"RUA DAS CAMÉLIAS, 132",DIFÍCIL,#E74C3C,-7.47053,-63.0109,6,0.084,-0.079,0,362,58.8,239,38.8,139,24.0,DIFÍCIL,0.006,positiva,55.8,40.7,23.6
2,HUMAITÁ,"RUA DAS CAMÉLIAS, 132",PURO_SWING,#F4D03F,-7.53078,-63.04997,6,0.037,-0.031,0,333,54.1,262,42.5,169,28.8,PURO_SWING,0.006,positiva,51.4,44.7,28.3
3,HUMAITÁ,"RUA DAS CAMÉLIAS, 132",DIFÍCIL,#E74C3C,-7.46718,-62.98963,6,0.078,-0.077,0,368,58.1,249,39.3,147,24.2,DIFÍCIL,0.001,positiva,55.2,41.3,23.7
4,HUMAITÁ,"RUA DEZENOVE DE NOVEMBRO, 122",DIFÍCIL,#E74C3C,-7.50674,-63.01854,6,-0.013,-0.076,0,235,49.1,217,45.3,111,24.3,DIFÍCIL,-0.088,estável,46.6,47.6,23.9
5,HUMAITÁ,"RUA DEZENOVE DE NOVEMBRO, 122",DIFÍCIL,#E74C3C,-7.53726,-63.05655,6,0.008,-0.091,0,233,51.1,211,46.3,100,22.8,DIFÍCIL,-0.084,estável,48.5,48.6,22.3
6,HUMAITÁ,"RUA DEZENOVE DE NOVEMBRO, 122",DIFÍCIL,#E74C3C,-7.51568,-63.01606,6,-0.026,-0.07,0,221,47.7,225,48.6,109,24.9,DIFÍCIL,-0.096,estável,45.3,51.0,24.4
7,HUMAITÁ,"RUA DEZENOVE DE NOVEMBRO, 122",DIFÍCIL,#E74C3C,-7.49262,-62.99935,6,-0.046,-0.114,0,204,45.7,220,49.3,88,20.6,DIFÍCIL,-0.16,estável,43.5,51.8,20.1
8,HUMAITÁ,"RUA DEZENOVE DE NOVEMBRO, 122",DIFÍCIL,#E74C3C,-7.53138,-63.02276,6,0.025,-0.071,0,242,52.8,195,42.6,108,24.8,DIFÍCIL,-0.046,positiva,50.2,44.7,24.3
9,HUMAITÁ,"AVENIDA BRASIL, 1320",DIFÍCIL,#E74C3C,-7.48676,-63.00668,6,-0.037,-0.057,0,258,46.7,273,49.4,139,26.3,DIFÍCIL,-0.093,estável,44.3,51.8,25.8
10,HUMAITÁ,"AVENIDA BRASIL, 1320",DIFÍCIL,#E74C3C,-7.52419,-63.01607,6,0.032,-0.085,0,296,53.5,243,43.9,121,23.4,DIFÍCIL,-0.053,positiva,50.8,46.1,23.0
11,HUMAITÁ,"AVENIDA BRASIL, 1320",DIFÍCIL,#E74C3C,-7.54641,-62.99148,6,0.023,-0.08,0,280,52.6,229,43.0,120,24.0,DIFÍCIL,-0.057,positiva,50.0,45.2,23.5
12,HUMAITÁ,"RUA MONTEIRO, 43",LULA+EB,#27AE60,-7.4951,-63.01127,6,0.108,-0.014,0,242,61.1,134,33.8,115,30.5,LULA+EB,0.094,positiva,58.1,35.5,29.9
13,HUMAITÁ,"RUA MONTEIRO, 43",LULA+EB,#27AE60,-7.54704,-63.03402,6,0.138,0.003,0,229,64.1,117,32.8,106,32.2,LULA+EB,0.141,positiva,60.9,34.4,31.6
14,HUMAITÁ,"RUA CIRCULAR MUNICIPAL, 36",DIFÍCIL,#E74C3C,-7.48008,-63.05911,6,0.012,-0.071,0,267,51.5,235,45.4,120,24.8,DIFÍCIL,-0.059,positiva,49.0,47.6,24.3
15,HUMAITÁ,"RUA CIRCULAR MUNICIPAL, 36",LULA+EB,#27AE60,-7.5151,-63.00761,6,0.1,-0.014,0,302,60.3,181,36.1,143,30.6,LULA+EB,0.086,positiva,57.3,37.9,29.9
16,HUMAITÁ,"AVENIDA TRANSAMAZÔNICA, 1722",DIFÍCIL,#E74C3C,-7.46392,-63.03862,6,-0.016,-0.116,0,291,48.7,294,49.2,113,20.4,DIFÍCIL,-0.131,estável,46.3,51.7,20.0
17,HUMAITÁ,"AVENIDA TRANSAMAZÔNICA, 1722",DIFÍCIL,#E74C3C,-7.49913,-63.01417,6,-0.098,-0.124,0,247,40.5,343,56.2,113,19.5,DIFÍCIL,-0.222,negativa,38.5,59.0,19.1
18,HUMAITÁ,"COM. DE MUANENSE, RIO MADEIRA",DIFÍCIL,#E74C3C,-7.52114,-63.02247,6,0.323,-0.099,0,528,82.6,96,15.0,137,22.1,DIFÍCIL,0.224,positiva,78.5,15.8,21.6
20,HUMAITÁ,"COM. TAMBAQUI, RIO MADEIRA",DIFÍCIL,#E74C3C,-7.52374,-63.01276,6,-0.292,-0.26,0,26,21.1,86,69.9,7,5.9,DIFÍCIL,-0.552,negativa,20.1,73.4,5.8
21,HUMAITÁ,"COM. DE URUAPIARA, RIO MADEIRA",LULA+EB,#27AE60,-7.51145,-63.01654,6,0.334,0.244,0,344,83.7,58,14.1,224,56.3,LULA+EB,0.577,positiva,79.5,14.8,55.2
22,HUMAITÁ,"ALDEIA INDÍGENA DOS TENHARINS, BR 230 KM 123, TRANSAMAZONICA",DIFÍCIL,#E74C3C,-7.47488,-63.05856,6,0.413,-0.055,0,407,91.7,30,6.8,112,26.5,DIFÍCIL,0.359,positiva,87.1,7.1,25.9
24,HUMAITÁ,"BR 319 KM 100, DISTRITO DE  REALIDADE",DIFÍCIL,#E74C3C,-7.51616,-63.05116,6,-0.224,-0.222,0,136,27.9,339,69.6,45,9.7,DIFÍCIL,-0.446,negativa,26.5,73.1,9.5
25,HUMAITÁ,"RUA CIRCULAR  MUNICIPAL, SN, (EM FRENTE A RODOVIARIA)",DIFÍCIL,#E74C3C,-7.49386,-63.01157,6,-0.091,-0.138,0,181,41.2,236,53.8,73,18.2,DIFÍCIL,-0.229,negativa,39.2,56.4,17.8
26,HUMAITÁ,"RUA VILIBALDE, S/N",PURO_SWING,#F4D03F,-7.5117,-63.02061,6,0.054,-0.024,0,220,55.7,160,40.5,108,29.5,PURO_SWING,0.03,positiva,52.9,42.5,28.9
27,HUMAITÁ,"RUA VILIBALDE, S/N",LULA+EB,#27AE60,-7.45317,-63.01454,6,0.065,-0.003,0,225,56.8,163,41.2,121,31.7,LULA+EB,0.062,positiva,54.0,43.2,31.0
28,HUMAITÁ,"AVENIDA RIO MADEIRA, 699",DIFÍCIL,#E74C3C,-7.4906,-63.03286,6,0.033,-0.067,0,323,53.7,269,44.7,143,25.3,DIFÍCIL,-0.033,positiva,51.0,46.9,24.8
29,HUMAITÁ,"RUA MARECHAL DEODORO, 2379",DIFÍCIL,#E74C3C,-7.50076,-63.03984,6,0.05,-0.063,0,209,55.3,152,40.2,93,25.6,DIFÍCIL,-0.013,positiva,52.5,42.2,25.1
31,HUMAITÁ,"RUA MARECHAL DEODORO, 2379",PURO_SWING,#F4D03F,-7.54261,-63.04459,6,-0.003,-0.007,0,184,50.0,161,43.8,104,31.2,PURO_SWING,-0.01,positiva,47.5,45.9,30.6
32,HUMAITÁ,"RUA CIRCULAR  MUNICIPAL, SN, (EM FRENTE A RODOVIARIA)",DIFÍCIL,#E74C3C,-7.52482,-63.02323,6,-0.047,-0.107,0,219,45.6,247,51.5,97,21.3,DIFÍCIL,-0.154,negativa,43.3,54.0,20.8
34,HUMAITÁ,"RUA MARECHAL DEODORO, 2379",LULA+EB,#27AE60,-7.47367,-62.9814,6,0.076,-0.011,0,202,57.9,133,38.1,99,30.8,LULA+EB,0.065,positiva,55.0,40.0,30.2
35,HUMAITÁ,"RUA MARECHAL DEODORO, 2379",PURO_SWING,#F4D03F,-7.49233,-63.0343,6,0.068,-0.025,0,193,57.1,135,39.9,91,29.4,PURO_SWING,0.043,positiva,54.2,41.9,28.9
36,HUMAITÁ,"RUA CIRCULAR  MUNICIPAL, SN, (EM FRENTE A RODOVIARIA)",DIFÍCIL,#E74C3C,-7.45143,-63.01946,6,-0.176,-0.127,0,148,32.7,285,63.1,81,19.2,DIFÍCIL,-0.303,negativa,31.1,66.2,18.9
38,HUMAITÁ,"COM. DE AUXILIADORA, RIO MADEIRA",LULA+EB,#27AE60,-7.51267,-63.01254,6,0.262,0.146,0,290,76.5,73,19.3,169,46.6,LULA+EB,0.408,positiva,72.7,20.2,45.6
39,HUMAITÁ,"COM. DE AUXILIADORA, RIO MADEIRA",LULA+EB,#27AE60,-7.48189,-62.99533,6,0.252,0.178,0,272,75.6,75,20.8,174,49.7,LULA+EB,0.43,positiva,71.8,21.9,48.7
40,HUMAITÁ,"RUA VILIBALDE, S/N",PURO_SWING,#F4D03F,-7.48929,-63.046,6,0.024,-0.013,0,215,52.7,180,44.1,120,30.6,PURO_SWING,0.011,positiva,50.1,46.3,30.0
41,HUMAITÁ,"COM. DE AUXILIADORA, RIO MADEIRA",LULA+EB,#27AE60,-7.50739,-63.02541,6,0.241,0.126,0,276,74.4,78,21.0,159,44.5,LULA+EB,0.367,positiva,70.7,22.1,43.6
42,HUMAITÁ,RUA DA OLARIA,LULA+EB,#27AE60,-7.47607,-63.01166,6,0.105,-0.003,0,359,60.8,209,35.4,175,31.6,LULA+EB,0.102,positiva,57.8,37.2,31.0
43,HUMAITÁ,"RUA DAS FLORES, 2082",DIFÍCIL,#E74C3C,-7.51443,-63.01721,6,0.036,-0.079,0,349,53.9,274,42.3,146,24.0,DIFÍCIL,-0.043,positiva,51.2,44.5,23.5
44,HUMAITÁ,"AVENIDA TRANSAMAZÔNICA, 1722",DIFÍCIL,#E74C3C,-7.50621,-63.01968,6,-0.078,-0.141,0,263,42.6,342,55.3,106,17.8,DIFÍCIL,-0.219,negativa,40.4,58.1,17.4
46,HUMAITÁ,"BR 319 KM 100, DISTRITO DE  REALIDADE",DIFÍCIL,#E74C3C,-7.52075,-63.03284,6,-0.24,-0.238,0,136,26.3,371,71.8,38,8.1,DIFÍCIL,-0.478,negativa,25.0,75.3,7.9
47,HUMAITÁ,RUA DA OLARIA,LULA+EB,#27AE60,-7.49618,-63.00707,6,0.103,0.03,0,360,60.6,213,35.9,198,34.9,LULA+EB,0.133,positiva,57.6,37.7,34.2
48,HUMAITÁ,"RUA MARECHAL DEODORO, 2379",DIFÍCIL,#E74C3C,-7.54362,-63.03037,6,-0.015,-0.073,0,188,48.8,185,48.1,90,24.7,DIFÍCIL,-0.088,estável,46.4,50.5,24.2
49,HUMAITÁ,"RUA CIRCULAR MUNICIPAL, 36",DIFÍCIL,#E74C3C,-7.50708,-63.04891,6,0.057,-0.054,0,290,56.0,204,39.4,131,26.5,DIFÍCIL,0.003,positiva,53.2,41.4,26.0
50,HUMAITÁ,"RUA CIRCULAR  MUNICIPAL, SN, (EM FRENTE A RODOVIARIA)",DIFÍCIL,#E74C3C,-7.49063,-63.00002,6,-0.084,-0.107,0,206,42.0,270,55.0,97,21.3,DIFÍCIL,-0.19,negativa,39.9,57.7,20.8
51,HUMAITÁ,"RUA MONTEIRO, 43",LULA+EB,#27AE60,-7.54684,-63.03109,6,0.14,0.004,0,251,64.4,127,32.6,121,32.4,LULA+EB,0.145,positiva,61.1,34.2,31.7
52,HUMAITÁ,"AVENIDA TRANSAMAZÔNICA, 1722",DIFÍCIL,#E74C3C,-7.53227,-63.05554,6,-0.044,-0.106,0,278,46.0,315,52.1,120,21.4,DIFÍCIL,-0.149,negativa,43.7,54.7,20.9
53,HUMAITÁ,"RUA DAS FLORES, 2082",DIFÍCIL,#E74C3C,-7.5079,-63.01999,6,0.023,-0.061,0,324,52.6,275,44.6,152,25.8,DIFÍCIL,-0.038,positiva,50.0,46.9,25.3
54,HUMAITÁ,"RUA DAS FLORES, 2082",DIFÍCIL,#E74C3C,-7.45443,-63.03988,6,0.028,-0.06,0,330,53.1,272,43.8,153,26.0,DIFÍCIL,-0.031,positiva,50.5,46.0,25.5
55,HUMAITÁ,"RUA DEZENOVE DE NOVEMBRO, 122",DIFÍCIL,#E74C3C,-7.51609,-63.03226,6,0.006,-0.052,0,245,50.9,218,45.3,122,26.8,DIFÍCIL,-0.046,positiva,48.4,47.6,26.2
56,HUMAITÁ,"COM. DE URUAPIARA, RIO MADEIRA",LULA+EB,#27AE60,-7.52493,-63.03428,6,0.364,0.239,0,321,86.8,40,10.8,195,55.9,LULA+EB,0.604,positiva,82.4,11.4,54.8
57,HUMAITÁ,"COM. ESCONDIDO, RIO MARMELO",LULA+EB,#27AE60,-7.49632,-63.00857,6,0.457,0.202,0,96,96.0,2,2.0,48,52.2,LULA+EB,0.659,positiva,91.2,2.1,51.1
60,HUMAITÁ,"COM. IPIXUNA, BR 230, KM 40",DIFÍCIL,#E74C3C,-7.50351,-63.04721,6,-0.022,-0.174,0,213,48.1,220,49.7,61,14.6,DIFÍCIL,-0.196,estável,45.7,52.1,14.3
61,HUMAITÁ,"RUA DEPUTADO FRANCISCO MONTEIRO NETO, 2584",DIFÍCIL,#E74C3C,-7.49044,-63.02668,6,-0.058,-0.108,0,270,44.6,318,52.5,121,21.1,DIFÍCIL,-0.166,negativa,42.3,55.1,20.7
62,HUMAITÁ,RUA DA OLARIA,LULA+EB,#27AE60,-7.49237,-63.03221,6,0.098,0.021,0,357,60.1,218,36.7,190,34.1,LULA+EB,0.119,positiva,57.1,38.5,33.4
63,HUMAITÁ,"COM. DE PRAINHA, RIO MADEIRA",LULA+EB,#27AE60,-7.50132,-62.97151,6,0.118,0.019,0,202,62.2,111,34.2,108,33.9,LULA+EB,0.138,positiva,59.0,35.9,33.2
64,HUMAITÁ,"RUA MARECHAL DEODORO, 2379",PURO_SWING,#F4D03F,-7.51004,-62.98883,6,0.046,-0.035,0,202,54.9,154,41.8,98,28.4,PURO_SWING,0.01,positiva,52.1,43.9,27.8
65,HUMAITÁ,"AVENIDA RIO MADEIRA, 699",DIFÍCIL,#E74C3C,-7.50378,-63.02084,6,-0.012,-0.089,0,296,49.1,289,47.9,130,23.0,DIFÍCIL,-0.102,estável,46.6,50.3,22.5
66,HUMAITÁ,"RUA SANTO ANTONIO, 290",PURO_SWING,#F4D03F,-7.51202,-63.00608,6,0.136,-0.031,0,257,63.9,132,32.8,108,28.9,PURO_SWING,0.106,positiva,60.7,34.5,28.3
67,HUMAITÁ,"COM. SANTA LUZIA, LAGO DO ANTONIO",DIFÍCIL,#E74C3C,-7.52097,-62.99138,6,0.163,-0.201,0,402,66.7,167,27.7,69,11.8,DIFÍCIL,-0.038,positiva,63.3,29.1,11.6
68,HUMAITÁ,"COM. SANTA CIVITA, LAGO DO ACARÁ",LULA+EB,#27AE60,-7.51878,-63.00964,6,0.383,0.164,0,194,88.6,22,10.0,99,48.3,LULA+EB,0.546,positiva,84.2,10.5,47.3
69,HUMAITÁ,"COM. DE URUAPIARA, RIO MADEIRA",LULA+EB,#27AE60,-7.50941,-63.0474,6,0.33,0.196,0,339,83.3,64,15.7,202,51.5,LULA+EB,0.526,positiva,79.1,16.5,50.5
70,HUMAITÁ,"COM. DE DESCANSO, RIO MADEIRA",LULA+EB,#27AE60,-7.51159,-63.01673,6,0.312,0.226,0,340,81.5,65,15.6,218,54.5,LULA+EB,0.538,positiva,77.5,16.4,53.4
71,HUMAITÁ,"RUA DAS FLORES, 2082",DIFÍCIL,#E74C3C,-7.46396,-63.0062,6,-0.015,-0.104,0,324,48.8,318,47.9,136,21.6,DIFÍCIL,-0.119,estável,46.4,50.3,21.1
72,HUMAITÁ,RUA DA OLARIA,DIFÍCIL,#E74C3C,-7.49105,-63.04551,6,0.03,-0.05,0,317,53.3,249,41.8,154,26.9,DIFÍCIL,-0.021,positiva,50.6,43.9,26.4
73,HUMAITÁ,"AVENIDA BRASIL, 1320",DIFÍCIL,#E74C3C,-7.5065,-63.02623,6,-0.015,-0.106,0,268,48.8,267,48.6,111,21.3,DIFÍCIL,-0.121,estável,46.4,51.1,20.9
74,HUMAITÁ,"RUA SANTO ANTONIO, 290",DIFÍCIL,#E74C3C,-7.50217,-63.01848,6,0.065,-0.053,0,251,56.8,180,40.7,113,26.7,DIFÍCIL,0.012,positiva,53.9,42.8,26.1
75,HUMAITÁ,"RUA CIDADE DE BORBA, 2351",DIFÍCIL,#E74C3C,-7.50216,-63.01749,6,0.089,-0.079,0,358,59.3,229,37.9,137,24.1,DIFÍCIL,0.011,positiva,56.3,39.8,23.6
76,HUMAITÁ,"RUA DEPUTADO FRANCISCO MONTEIRO NETO, 2584",DIFÍCIL,#E74C3C,-7.5132,-63.01391,6,-0.083,-0.112,0,259,42.0,340,55.2,119,20.7,DIFÍCIL,-0.195,negativa,39.9,58.0,20.3
77,HUMAITÁ,"AVENIDA RIO MADEIRA, 699",DIFÍCIL,#E74C3C,-7.52351,-63.00713,6,-0.003,-0.07,0,313,50.0,300,47.9,146,25.0,DIFÍCIL,-0.073,estável,47.5,50.3,24.5
78,HUMAITÁ,"RUA CIRCULAR MUNICIPAL, 36",PURO_SWING,#F4D03F,-7.49501,-63.05004,6,0.075,-0.038,0,295,57.8,197,38.6,139,28.1,PURO_SWING,0.037,positiva,55.0,40.6,27.6
80,HUMAITÁ,"RUA DEZENOVE DE NOVEMBRO, 122",DIFÍCIL,#E74C3C,-7.49711,-63.02226,6,-0.037,-0.066,0,220,46.6,231,48.9,112,25.3,DIFÍCIL,-0.104,estável,44.3,51.4,24.8
81,HUMAITÁ,"RUA DAS FLORES, 2082",DIFÍCIL,#E74C3C,-7.47616,-63.03261,6,-0.004,-0.096,0,301,49.9,287,47.6,126,22.3,DIFÍCIL,-0.1,estável,47.4,50.0,21.9
82,HUMAITÁ,"RUA DAS CAMÉLIAS, 132",DIFÍCIL,#E74C3C,-7.55291,-63.0174,6,0.017,-0.098,0,303,52.0,258,44.3,121,22.1,DIFÍCIL,-0.082,positiva,49.4,46.5,21.7
83,HUMAITÁ,"RUA VILIBALDE, S/N",DIFÍCIL,#E74C3C,-7.51245,-63.01539,6,-0.034,-0.079,0,190,46.9,200,49.4,93,24.0,DIFÍCIL,-0.113,estável,44.6,51.9,23.6
84,HUMAITÁ,"AVENIDA BRASIL, 1320",DIFÍCIL,#E74C3C,-7.4894,-63.01475,6,-0.068,-0.063,0,244,43.5,306,54.5,134,25.6,DIFÍCIL,-0.131,negativa,41.3,57.3,25.1
85,HUMAITÁ,"RUA CIRCULAR  MUNICIPAL, SN, (EM FRENTE A RODOVIARIA)",DIFÍCIL,#E74C3C,-7.5313,-63.00121,6,-0.123,-0.15,0,237,38.0,365,58.5,100,17.0,DIFÍCIL,-0.273,negativa,36.1,61.4,16.6
86,HUMAITÁ,"RUA DEZENOVE DE NOVEMBRO, 122",DIFÍCIL,#E74C3C,-7.51274,-63.00771,6,-0.007,-0.06,0,238,49.6,221,46.0,115,25.9,DIFÍCIL,-0.068,estável,47.1,48.3,25.4
87,HUMAITÁ,"AVENIDA TRANSAMAZÔNICA, 1722",DIFÍCIL,#E74C3C,-7.48153,-63.00888,6,-0.099,-0.101,0,233,40.4,328,56.8,117,21.9,DIFÍCIL,-0.2,negativa,38.4,59.7,21.4
88,HUMAITÁ,"RUA DEPUTADO FRANCISCO MONTEIRO NETO, 2584",DIFÍCIL,#E74C3C,-7.51894,-63.01706,6,-0.047,-0.121,0,270,45.6,309,52.2,110,19.9,DIFÍCIL,-0.168,negativa,43.3,54.8,19.5
89,HUMAITÁ,"COM. TAPURU, ANCORADA A MARGEM ESQUERDA DA REGIÃO DO MÉDIO MADEIRA",LULA+EB,#27AE60,-7.48829,-63.06428,6,0.091,0.139,0,154,59.5,95,36.7,109,45.8,LULA+EB,0.23,positiva,56.5,38.5,44.9
90,HUMAITÁ,"AVENIDA RIO MADEIRA, 699",DIFÍCIL,#E74C3C,-7.53147,-63.06512,6,0.006,-0.107,0,309,50.9,281,46.3,121,21.2,DIFÍCIL,-0.101,estável,48.4,48.6,20.8
91,HUMAITÁ,RUA DA OLARIA,PURO_SWING,#F4D03F,-7.51692,-63.00755,6,0.023,0.018,0,324,52.6,271,44.0,199,33.7,PURO_SWING,0.041,positiva,50.0,46.2,33.1
92,HUMAITÁ,"RUA CIDADE DE BORBA, 2351",DIFÍCIL,#E74C3C,-7.50238,-63.01273,6,0.056,-0.098,0,334,55.9,245,41.0,125,22.1,DIFÍCIL,-0.042,positiva,53.1,43.1,21.7
93,HUMAITÁ,"RUA DAS FLORES, 2082",DIFÍCIL,#E74C3C,-7.49884,-63.02921,6,-0.024,-0.078,0,307,47.9,318,49.6,145,24.1,DIFÍCIL,-0.103,estável,45.5,52.1,23.6
95,HUMAITÁ,"RUA MONTEIRO, 43",LULA+EB,#27AE60,-7.50359,-62.9911,6,0.097,-0.008,0,257,60.0,163,38.1,127,31.1,LULA+EB,0.089,positiva,57.0,40.0,30.5
96,HUMAITÁ,"RUA DEPUTADO FRANCISCO MONTEIRO NETO, 2584",DIFÍCIL,#E74C3C,-7.55516,-63.00867,6,-0.066,-0.067,0,254,43.7,311,53.5,140,25.2,DIFÍCIL,-0.134,negativa,41.5,56.2,24.7
97,HUMAITÁ,"AVENIDA RIO MADEIRA, 699",DIFÍCIL,#E74C3C,-7.48115,-63.00931,6,-0.008,-0.086,0,288,49.6,276,47.5,129,23.4,DIFÍCIL,-0.093,estável,47.1,49.9,22.9
98,HUMAITÁ,"AVENIDA TRANSAMAZÔNICA, 1722",DIFÍCIL,#E74C3C,-7.48874,-63.06662,6,-0.043,-0.092,0,270,46.0,298,50.8,125,22.7,DIFÍCIL,-0.135,estável,43.7,53.3,22.3
99,HUMAITÁ,"RUA VILIBALDE, S/N",PURO_SWING,#F4D03F,-7.48101,-63.01614,6,0.032,0.019,0,222,53.5,177,42.7,131,33.9,PURO_SWING,0.051,positiva,50.8,44.8,33.2
102,HUMAITÁ,"BR 319 KM 100, DISTRITO DE  REALIDADE",DIFÍCIL,#E74C3C,-7.5032,-63.01511,6,-0.298,-0.25,0,103,20.6,384,76.6,33,7.0,DIFÍCIL,-0.547,negativa,19.5,80.5,6.8
103,HUMAITÁ,"RUA DAS FLORES, 2082",DIFÍCIL,#E74C3C,-7.52776,-63.0224,6,0.01,-0.078,0,284,51.4,250,45.2,122,24.1,DIFÍCIL,-0.068,positiva,48.8,47.5,23.6
104,HUMAITÁ,"AVENIDA RIO MADEIRA, 699",PURO_SWING,#F4D03F,-7.50063,-63.0211,6,0.019,-0.046,0,330,52.2,285,45.1,165,27.4,PURO_SWING,-0.027,positiva,49.6,47.3,26.8
106,HUMAITÁ,"RUA CIDADE DE BORBA, 2351",DIFÍCIL,#E74C3C,-7.54395,-63.05695,6,0.024,-0.085,0,313,52.7,264,44.4,130,23.4,DIFÍCIL,-0.061,positiva,50.1,46.7,23.0
107,HUMAITÁ,"AVENIDA BRASIL, 1320",DIFÍCIL,#E74C3C,-7.48763,-63.0219,6,-0.026,-0.111,0,259,47.7,263,48.4,108,20.8,DIFÍCIL,-0.137,estável,45.3,50.9,20.4
108,HUMAITÁ,"BR 319 KM 100, DISTRITO DE  REALIDADE",DIFÍCIL,#E74C3C,-7.52355,-63.0464,6,-0.296,-0.261,0,94,20.8,354,78.1,24,5.8,DIFÍCIL,-0.557,negativa,19.7,82.1,5.7
109,HUMAITÁ,"COM. CRISTOLÂNDIA, BR 319, KM 50",DIFÍCIL,#E74C3C,-7.50707,-63.02932,6,-0.326,-0.319,0,11,17.7,51,82.3,0,0.0,DIFÍCIL,-0.645,negativa,16.9,86.4,0.0
1,IPIXUNA,"RUA JOSÉ JORGE BARROSO, S/N, CENTRO",LULA+EB,#27AE60,-5.91739,-61.22294,6,0.088,0.245,0.59,324,59.1,200,36.5,298,56.4,LULA+EB,0.333,positiva,56.2,38.3,55.3
2,IPIXUNA,"RUA JOSÉ JORGE BARROSO, S/N, CENTRO",LULA+EB,#27AE60,-5.87095,-61.23922,6,0.11,0.243,0.61,334,61.3,186,34.1,298,56.2,LULA+EB,0.353,positiva,58.2,35.8,55.1
3,IPIXUNA,"AV MORCY BARROSO, S/N, CENTRO",LULA+EB,#27AE60,-5.8593,-61.20792,6,0.201,0.169,0.7,334,70.5,123,25.9,223,48.8,LULA+EB,0.37,positiva,66.9,27.2,47.8
4,IPIXUNA,"AV MORCY BARROSO, S/N, CENTRO",LULA+EB,#27AE60,-5.8426,-61.26201,6,0.13,0.141,0.63,288,63.3,149,32.7,203,46.0,LULA+EB,0.271,positiva,60.1,34.4,45.1
5,IPIXUNA,"AV MORCY BARROSO, S/N, CENTRO",LULA+EB,#27AE60,-5.8689,-61.23332,6,0.161,0.216,0.66,313,66.5,131,27.8,243,53.5,LULA+EB,0.377,positiva,63.1,29.2,52.5
6,IPIXUNA,"AV MORCY BARROSO, S/N, CENTRO",LULA+EB,#27AE60,-5.85815,-61.21728,6,0.199,0.173,0.7,333,70.3,126,26.6,226,49.2,LULA+EB,0.372,positiva,66.7,27.9,48.3
7,IPIXUNA,"AV MORCY BARROSO, S/N, CENTRO",LULA+EB,#27AE60,-5.90779,-61.23428,6,0.205,0.178,0.71,345,70.8,126,25.9,236,49.7,LULA+EB,0.383,positiva,67.3,27.2,48.7
8,IPIXUNA,"RUA ALVARO MAIA, S/N, CENTRO",LULA+EB,#27AE60,-5.88038,-61.25741,6,0.132,0.105,0.64,249,63.5,133,33.9,156,42.4,LULA+EB,0.237,positiva,60.3,35.6,41.5
9,IPIXUNA,"RUA ALVARO MAIA, S/N, CENTRO",LULA+EB,#27AE60,-5.91777,-61.24795,6,0.111,0.169,0.61,260,61.5,146,34.5,193,48.9,LULA+EB,0.281,positiva,58.4,36.2,47.9
10,IPIXUNA,"AV. VARCY HERCULANO, S/N, CENTRO",LULA+EB,#27AE60,-5.8814,-61.25365,6,0.183,0.25,0.69,345,68.6,144,28.6,271,56.9,LULA+EB,0.433,positiva,65.2,30.1,55.8
11,IPIXUNA,"RUA JOSÉ JORGE BARROSO, S/N, CENTRO",LULA+EB,#27AE60,-5.90736,-61.23183,6,0.099,0.269,0.6,341,60.2,207,36.6,326,58.8,LULA+EB,0.368,positiva,57.2,38.4,57.7
12,IPIXUNA,"AV. VARCY HERCULANO, S/N, CENTRO",LULA+EB,#27AE60,-5.86677,-61.22621,6,0.134,0.239,0.64,327,63.7,167,32.6,282,55.8,LULA+EB,0.373,positiva,60.6,34.2,54.7
13,IPIXUNA,"RUA ALVARO MAIA, S/N, CENTRO",LULA+EB,#27AE60,-5.8773,-61.23678,6,0.145,0.185,0.65,265,64.8,129,31.5,198,50.4,LULA+EB,0.329,positiva,61.6,33.1,49.4
14,IPIXUNA,"RUA ALVARO MAIA, S/N, CENTRO",LULA+EB,#27AE60,-5.90782,-61.21949,6,0.138,0.196,0.64,272,64.2,140,33.0,207,51.5,LULA+EB,0.334,positiva,60.9,34.7,50.5
24,IPIXUNA,"AV. VARCY HERCULANO, S/N, CENTRO",LULA+EB,#27AE60,-5.86607,-61.24811,6,0.13,0.234,0.63,340,63.3,176,32.8,289,55.4,LULA+EB,0.364,positiva,60.1,34.4,54.3
27,IPIXUNA,"AV. VARCY HERCULANO, S/N, CENTRO",LULA+EB,#27AE60,-5.89037,-61.22342,6,0.135,0.26,0.64,350,63.9,182,33.2,303,57.9,LULA+EB,0.396,positiva,60.7,34.9,56.8
34,IPIXUNA,"COM. DO PUCA, SERINGAL RIVALIZA, RIO JURUA, MARGEM DIREITA, ZONA RURAL",LULA+EB,#27AE60,-5.86565,-61.26255,6,0.139,0.296,0.64,178,64.3,93,33.6,166,61.5,LULA+EB,0.435,positiva,61.0,35.3,60.3
35,IPIXUNA,"COMUNIDADE PERNAMBUCO, RIO JURUA, MARGEM ESQUERDA, ZONA RURAL",LULA+EB,#27AE60,-5.8769,-61.21164,6,0.323,0.276,0.83,346,82.6,69,16.5,244,59.5,LULA+EB,0.598,positiva,78.4,17.3,58.3
36,IPIXUNA,"COM. SANTA CATARINA, RIO LIBERDADE, MARGEM DIREITA, S/N, ZONA RURAL",LULA+EB,#27AE60,-5.87668,-61.24177,6,0.163,0.376,0,335,66.6,130,25.8,335,69.5,LULA+EB,0.539,positiva,63.3,27.1,68.1
37,IPIXUNA,"COM. DO PUCA, SERINGAL RIVALIZA, RIO JURUA, MARGEM DIREITA, ZONA RURAL",LULA+EB,#27AE60,-5.87095,-61.24568,6,0.204,0.333,0.71,205,70.7,81,27.9,182,65.2,LULA+EB,0.537,positiva,67.2,29.3,63.9
41,IPIXUNA,"AV. VARCY HERCULANO, S/N, CENTRO",LULA+EB,#27AE60,-5.90758,-61.25587,6,0.113,0.26,0.62,337,61.6,189,34.6,306,58.0,LULA+EB,0.373,positiva,58.5,36.3,56.8
43,IPIXUNA,"RUA ALVARO MAIA, S/N, CENTRO",LULA+EB,#27AE60,-5.88389,-61.25119,6,0.158,0.18,0.66,304,66.1,143,31.1,221,49.9,LULA+EB,0.337,positiva,62.8,32.6,48.9
45,IPIXUNA,"RUA ALVARO MAIA, S/N, CENTRO",LULA+EB,#27AE60,-5.84961,-61.22112,6,0.173,0.207,0.68,299,67.6,124,28.1,227,52.7,LULA+EB,0.381,positiva,64.3,29.5,51.6
46,IPIXUNA,"RUA ALVARO MAIA, S/N, CENTRO",LULA+EB,#27AE60,-5.88971,-61.22781,6,0.11,0.146,0.61,276,61.3,156,34.7,203,46.6,LULA+EB,0.256,positiva,58.3,36.4,45.6
51,IPIXUNA,"COMUNIDADE SÃO LUÍS, RIO LIBERDADE, MARGEM ESQUERDA, ZONA RURAL",LULA+EB,#27AE60,-5.8613,-61.19399,6,0.257,0.486,0.76,337,76.1,82,18.5,343,80.5,LULA+EB,0.743,positiva,72.3,19.4,78.9
52,IPIXUNA,"COMUNIDADE ALDEIA PIAU, ZONA RURAL INDÍGENA",LULA+EB,#27AE60,-5.87862,-61.2447,6,0.354,0.201,0.86,174,85.7,2,1.0,101,52.1,LULA+EB,0.555,positiva,81.4,1.0,51.0
56,IPIXUNA,"RUA JOSÉ JORGE BARROSO, S/N, CENTRO",LULA+EB,#27AE60,-5.87417,-61.24858,6,0.107,0.276,0.61,333,61.0,178,32.6,312,59.5,LULA+EB,0.383,positiva,57.9,34.2,58.4
62,IPIXUNA,"COMUNIDADE PERNAMBUCO, RIO JURUA, MARGEM ESQUERDA, ZONA RURAL",LULA+EB,#27AE60,-5.88261,-61.198,6,0.293,0.294,0.8,363,79.6,82,18.0,277,61.3,LULA+EB,0.586,positiva,75.6,18.9,60.1
63,IPIXUNA,"COMUNIDADE ALDEIA PIAU, ZONA RURAL INDÍGENA",LULA+EB,#27AE60,-5.88509,-61.26418,6,0.327,0.313,0.83,166,83.0,6,3.0,124,63.3,LULA+EB,0.64,positiva,78.8,3.2,62.0
67,IPIXUNA,"RUA ALVARO MAIA, S/N, CENTRO",PURO_SWING,#F4D03F,-5.92544,-61.23727,6,0.033,0.211,0.54,212,53.7,163,41.3,202,53.0,PURO_SWING,0.244,positiva,51.0,43.3,52.0
68,IPIXUNA,"COMUNIDADE DO ASSAITUBA, RIO JURUÁ, MARGEM DIREITA, S/N, ZONA RURAL",PURO_SWING,#F4D03F,-5.85377,-61.28306,6,0.023,0.172,0.53,61,52.6,51,44.0,56,49.1,PURO_SWING,0.195,positiva,50.0,46.2,48.1
72,IPIXUNA,"AV. VARCY HERCULANO, S/N, CENTRO",LULA+EB,#27AE60,-5.88775,-61.25431,6,0.154,0.295,0.66,341,65.7,156,30.1,304,61.4,LULA+EB,0.449,positiva,62.4,31.6,60.2
73,IPIXUNA,"AV. VARCY HERCULANO, S/N, CENTRO",LULA+EB,#27AE60,-5.90825,-61.27015,6,0.158,0.266,0.66,330,66.1,155,31.1,281,58.5,LULA+EB,0.424,positiva,62.8,32.6,57.4
1,IRANDUBA,"AV. RIO MADEIRA, S/N",PURO_SWING,#F4D03F,-3.23853,-60.35451,6,0.06,-0.032,0.56,267,56.3,188,39.7,129,28.7,PURO_SWING,0.028,positiva,53.5,41.6,28.2
2,IRANDUBA,"AV. RIO MADEIRA, S/N",LULA+EB,#27AE60,-3.25834,-60.35513,6,0.064,-0.015,0.57,283,56.7,204,40.9,144,30.4,LULA+EB,0.049,positiva,53.9,42.9,29.8
3,IRANDUBA,"AV. RIO MADEIRA, S/N",LULA+EB,#27AE60,-3.21781,-60.37358,6,0.076,0.019,0.58,383,57.9,256,38.7,212,33.9,LULA+EB,0.096,positiva,55.0,40.7,33.2
4,IRANDUBA,"AV. RIO MADEIRA, S/N",PURO_SWING,#F4D03F,-3.23616,-60.35542,6,0.042,-0.024,0.55,263,54.6,198,41.1,135,29.5,PURO_SWING,0.019,positiva,51.8,43.1,28.9
5,IRANDUBA,"AV. RIO MADEIRA, S/N",PURO_SWING,#F4D03F,-3.27829,-60.34474,6,-0.014,-0.036,0.49,241,48.9,229,46.5,133,28.4,PURO_SWING,-0.05,estável,46.4,48.8,27.8
6,IRANDUBA,"AV. RIO MADEIRA, S/N",PURO_SWING,#F4D03F,-3.24254,-60.38823,6,-0.02,-0.033,0.48,234,48.3,237,49.0,131,28.6,PURO_SWING,-0.053,estável,45.9,51.4,28.0
7,IRANDUBA,"AV. RIO MADEIRA, S/N",PURO_SWING,#F4D03F,-3.21712,-60.36621,6,0.005,-0.017,0.51,254,50.8,220,44.0,144,30.3,PURO_SWING,-0.012,positiva,48.3,46.2,29.6
8,IRANDUBA,"AV. RIO MADEIRA, S/N",PURO_SWING,#F4D03F,-3.23977,-60.35611,6,0.011,0.006,0.51,267,51.4,229,44.1,160,32.5,PURO_SWING,0.017,positiva,48.9,46.3,31.9
9,IRANDUBA,"AV. RIO MADEIRA, S/N",PURO_SWING,#F4D03F,-3.25122,-60.35805,6,0.029,-0.015,0.53,275,53.2,218,42.2,150,30.4,PURO_SWING,0.014,positiva,50.5,44.3,29.8
10,IRANDUBA,"AV. RIO MADEIRA, S/N",PURO_SWING,#F4D03F,-3.22558,-60.35495,6,-0.006,-0.012,0.5,248,49.7,225,45.1,147,30.7,PURO_SWING,-0.019,estável,47.2,47.3,30.1
11,IRANDUBA,"AV. RIO MADEIRA, S/N",PURO_SWING,#F4D03F,-3.24498,-60.35321,6,0.049,-0.037,0.55,282,55.2,206,40.3,138,28.3,PURO_SWING,0.012,positiva,52.4,42.3,27.7
12,IRANDUBA,"AV. RIO MADEIRA, S/N",PURO_SWING,#F4D03F,-3.19664,-60.3252,6,0.007,-0.017,0.51,261,51.0,232,45.3,145,30.2,PURO_SWING,-0.011,positiva,48.4,47.6,29.6
13,IRANDUBA,"AV. RIO MADEIRA, S/N",DIFÍCIL,#E74C3C,-3.2762,-60.37917,6,-0.006,-0.054,0.5,245,49.7,227,46.0,122,26.5,DIFÍCIL,-0.06,estável,47.2,48.3,26.0
14,IRANDUBA,"AV. RIO MADEIRA, S/N",DIFÍCIL,#E74C3C,-3.20337,-60.39824,6,0.015,-0.06,0.52,280,51.9,233,43.1,130,25.9,DIFÍCIL,-0.045,positiva,49.3,45.3,25.4
15,IRANDUBA,"AV. RIO MADEIRA, S/N",PURO_SWING,#F4D03F,-3.2235,-60.40355,6,0.009,-0.036,0.51,272,51.2,246,46.3,141,28.4,PURO_SWING,-0.027,estável,48.7,48.6,27.8
16,IRANDUBA,COMUNIDADE NOSSA SENHORA DO PERPÉTUO SOCORRO ACAJATUBA,LULA+EB,#27AE60,-3.24425,-60.31288,6,0.248,0.029,0.75,224,75.2,67,22.5,98,34.9,LULA+EB,0.278,positiva,71.4,23.6,34.2
17,IRANDUBA,COMUNIDADE NOSSA SENHORA DO PERPÉTUO SOCORRO ACAJATUBA,LULA+EB,#27AE60,-3.22551,-60.31279,6,0.256,0.063,0.76,208,75.9,60,21.9,99,38.2,LULA+EB,0.319,positiva,72.1,23.0,37.5
18,IRANDUBA,ESTRADA MANOEL URBANO KM 0 CACAU PIRERA,PURO_SWING,#F4D03F,-3.24814,-60.37656,6,0.031,0.053,0.53,257,53.4,208,43.2,166,37.2,PURO_SWING,0.084,positiva,50.8,45.4,36.5
19,IRANDUBA,VILA DA CACHOEIRA DO CASTANHO RM DO KM 24 DA ESTRADA MANOEL URBANO,DIFÍCIL,#E74C3C,-3.23593,-60.40292,6,0.152,-0.058,0.65,186,65.5,93,32.7,71,26.1,DIFÍCIL,0.093,positiva,62.2,34.4,25.6
20,IRANDUBA,"VILA CAVALCANTE, ESTRADA DO JANDIRA/CALDEIRÃO",LULA+EB,#27AE60,-3.21913,-60.3675,6,0.211,0.07,0.71,200,71.4,73,26.1,104,39.0,LULA+EB,0.281,positiva,67.9,27.4,38.2
21,IRANDUBA,COMUNIDADE SANTA LUZIA DA ILHA DO BAIXIO RIO SOLIMÕES,LULA+EB,#27AE60,-3.22448,-60.35965,6,0.298,0.268,0.8,366,80.1,83,18.2,263,58.7,LULA+EB,0.565,positiva,76.1,19.1,57.5
23,IRANDUBA,COMUNIDADE SÃO JOSÉ DA ILHA DO JACURUTU RIO SOLIMÕES,LULA+EB,#27AE60,-3.21319,-60.34738,6,0.115,0.028,0.62,159,61.9,89,34.6,84,34.7,LULA+EB,0.143,positiva,58.8,36.4,34.0
24,IRANDUBA,VILA DO JANAUARI COMUNIDADE SÃO PEDRO RIO NEGRO,DIFÍCIL,#E74C3C,-3.24496,-60.33455,6,0.121,-0.088,0.62,191,62.4,107,35.0,66,23.2,DIFÍCIL,0.033,positiva,59.3,36.7,22.7
25,IRANDUBA,ILHA DA PACIENCIA RIO SOLIMOES COMUNIDADE N. S. DE FATIMA,LULA+EB,#27AE60,-3.23669,-60.35457,6,0.362,0.027,0.87,161,86.6,15,8.1,62,34.6,LULA+EB,0.389,positiva,82.2,8.5,33.9
26,IRANDUBA,LAGO DO LIMÃO - ESTRADA MANOEL URBANO KM 33 - COMUNIDADE SÃO JOSÉ,LULA+EB,#27AE60,-3.22177,-60.34367,6,0.195,0.033,0.7,218,69.9,90,28.8,100,35.2,LULA+EB,0.228,positiva,66.4,30.3,34.5
27,IRANDUBA,LAGO DO LIMÃO - ESTRADA MANOEL URBANO KM 33 - COMUNIDADE SÃO JOSÉ,LULA+EB,#27AE60,-3.2247,-60.36123,6,0.26,0.114,0.76,226,76.4,60,20.3,124,43.4,LULA+EB,0.375,positiva,72.5,21.3,42.5
28,IRANDUBA,RODOVIA MANOEL URBANO KM 0,LULA+EB,#27AE60,-3.24018,-60.35128,6,0.095,0.123,0.6,244,59.8,146,35.8,173,44.2,LULA+EB,0.218,positiva,56.8,37.6,43.4
29,IRANDUBA,RODOVIA MANOEL URBANO KM 0,LULA+EB,#27AE60,-3.27373,-60.36472,6,0.091,0.08,0.59,246,59.4,160,38.6,156,39.9,LULA+EB,0.171,positiva,56.4,40.6,39.1
30,IRANDUBA,RODOVIA MANOEL URBANO KM 0,LULA+EB,#27AE60,-3.24268,-60.39758,6,0.104,0.111,0.61,237,60.8,141,36.2,160,43.0,LULA+EB,0.215,positiva,57.7,38.0,42.2
31,IRANDUBA,RODOVIA MANOEL URBANO KM 0,LULA+EB,#27AE60,-3.26502,-60.35262,6,0.069,0.109,0.57,235,57.2,163,39.7,161,42.8,LULA+EB,0.177,positiva,54.3,41.6,42.0
32,IRANDUBA,RODOVIA MANOEL URBANO KM 0,LULA+EB,#27AE60,-3.27181,-60.38938,6,0.103,0.078,0.61,245,60.6,149,36.9,147,39.7,LULA+EB,0.181,positiva,57.6,38.7,38.9
33,IRANDUBA,RODOVIA MANOEL URBANO KM 0,PURO_SWING,#F4D03F,-3.24303,-60.33054,6,0.039,0.096,0.54,218,54.2,170,42.3,157,41.5,PURO_SWING,0.135,positiva,51.5,44.4,40.7
34,IRANDUBA,COMUNIDADE BENEFICENTE SANTA LUZIA XIBORENA RIO SOLIMÕES,LULA+EB,#27AE60,-3.26531,-60.37145,6,0.184,0.116,0.69,123,68.7,52,29.1,74,43.5,LULA+EB,0.3,positiva,65.3,30.5,42.7
36,IRANDUBA,COMUNIDADE SÃO FRANCISCO ILHA DA MARCHANTARIA RIO SOLIMÕES,LULA+EB,#27AE60,-3.23415,-60.40521,6,0.207,0.132,0.71,201,71.0,72,25.4,124,45.1,LULA+EB,0.339,positiva,67.5,26.7,44.2
39,IRANDUBA,COMUNIDADE MENINO JESUS AÇUTUBA RIO NEGRO,LULA+EB,#27AE60,-3.23062,-60.35561,6,0.081,0.045,0.58,204,58.5,127,36.4,121,36.4,LULA+EB,0.126,positiva,55.5,38.2,35.7
40,IRANDUBA,ESTRADA MANOEL URBANO  KM  36 RIO ARIAÚ,LULA+EB,#27AE60,-3.24607,-60.35727,6,0.082,0.014,0.59,165,58.5,108,38.3,92,33.3,LULA+EB,0.096,positiva,55.6,40.2,32.7
41,IRANDUBA,ESTRADA MANOEL URBANO KM 30 COMUNIDADE SÃO SEBASTIÃO SERRA BAIXA,DIFÍCIL,#E74C3C,-3.23371,-60.40327,6,0.007,-0.096,0.51,153,51.0,137,45.7,64,22.3,DIFÍCIL,-0.09,positiva,48.4,48.0,21.9
42,IRANDUBA,ESTRADA MANOEL URBANO KM 02 ALTO DE NAZARÉ,PURO_SWING,#F4D03F,-3.2336,-60.34151,6,0.006,0.061,0.51,259,50.9,226,44.4,184,38.0,PURO_SWING,0.066,positiva,48.3,46.6,37.3
43,IRANDUBA,RAMAL DO KM 13 ESTRADA MANOEL URBANO COMUNIDADE SÃO SEBASTIÃO DO AREAL,DIFÍCIL,#E74C3C,-3.2128,-60.36092,6,0.041,-0.146,0,141,54.4,116,44.8,43,17.3,DIFÍCIL,-0.105,positiva,51.7,47.0,17.0
44,IRANDUBA,COMUNIDADE PARICATUBA RIO NEGRO,DIFÍCIL,#E74C3C,-3.22097,-60.33773,6,-0.115,-0.138,0.39,117,38.9,176,58.5,52,18.1,DIFÍCIL,-0.253,negativa,36.9,61.4,17.8
45,IRANDUBA,COMUNIDADE SANTO ANTÔNIO FURO DO PARACUÚBA RIO SOLIMÕES,LULA+EB,#27AE60,-3.22822,-60.34221,6,0.383,0.143,0.89,210,88.6,23,9.7,105,46.3,LULA+EB,0.526,positiva,84.2,10.2,45.3
46,IRANDUBA,COMUNIDADE SÃO SEBASTIÃO DO SARACÁ RIO NEGRO,LULA+EB,#27AE60,-3.21517,-60.31001,6,0.37,-0.012,0.87,249,87.4,34,11.9,85,30.7,LULA+EB,0.358,positiva,83.0,12.5,30.1
47,IRANDUBA,VILA DA CACHOEIRA DO CASTANHO RM DO KM 24 DA ESTRADA MANOEL URBANO,DIFÍCIL,#E74C3C,-3.23242,-60.36221,6,0.001,-0.186,0,116,50.4,103,44.8,30,13.3,DIFÍCIL,-0.185,positiva,47.9,47.0,13.1
48,IRANDUBA,ESTRADA MANOEL URBANO  KM  36 RIO ARIAÚ,LULA+EB,#27AE60,-3.24686,-60.36701,6,0.078,0.005,0.58,165,58.1,109,38.4,86,32.5,LULA+EB,0.083,positiva,55.2,40.3,31.8
50,IRANDUBA,RAMAL DO KM 13 ESTRADA MANOEL URBANO COMUNIDADE SÃO SEBASTIÃO DO AREAL,DIFÍCIL,#E74C3C,-3.19413,-60.34973,6,0.014,-0.137,0.52,149,51.7,134,46.5,51,18.2,DIFÍCIL,-0.123,positiva,49.1,48.9,17.8
51,IRANDUBA,PARANÁ DO IRANDUBA RIO SOLIMÕES,LULA+EB,#27AE60,-3.23318,-60.34935,6,0.283,0.074,0.79,180,78.6,43,18.8,87,39.4,LULA+EB,0.357,positiva,74.7,19.7,38.6
52,IRANDUBA,RUA AUTON FURTADO S/N,PURO_SWING,#F4D03F,-3.25001,-60.33236,6,0.016,0.013,0.52,150,51.9,128,44.3,91,33.2,PURO_SWING,0.029,positiva,49.3,46.5,32.5
53,IRANDUBA,RUA AUTON FURTADO S/N,PURO_SWING,#F4D03F,-3.22001,-60.37553,6,0.006,0.008,0,145,50.9,132,46.3,89,32.7,PURO_SWING,0.013,estável,48.3,48.6,32.1
54,IRANDUBA,ESTRADA MANOEL URBANO  KM  36 RIO ARIAÚ,DIFÍCIL,#E74C3C,-3.23432,-60.34111,6,0.047,-0.055,0.55,153,55.0,120,43.2,71,26.4,DIFÍCIL,-0.008,positiva,52.3,45.3,25.9
56,IRANDUBA,RUA AUTON FURTADO S/N,PURO_SWING,#F4D03F,-3.24417,-60.31541,6,0.008,-0.027,0.51,155,51.2,139,45.9,84,29.3,PURO_SWING,-0.018,positiva,48.6,48.2,28.7
57,IRANDUBA,"VILA CAVALCANTE, ESTRADA DO JANDIRA/CALDEIRÃO",LULA+EB,#27AE60,-3.26102,-60.39667,6,0.159,-0.011,0.66,188,66.2,90,31.7,85,30.8,LULA+EB,0.147,positiva,62.9,33.3,30.2
58,IRANDUBA,ESTRADA MANOEL URBANO KM 0 CACAU PIRERA,LULA+EB,#27AE60,-3.27104,-60.32284,6,0.13,0.117,0.63,313,63.4,164,33.2,202,43.6,LULA+EB,0.247,positiva,60.2,34.9,42.8
60,IRANDUBA,RUA AUTON FURTADO S/N,DIFÍCIL,#E74C3C,-3.25697,-60.38817,6,-0.003,-0.059,0.5,140,50.0,130,46.4,70,26.0,DIFÍCIL,-0.062,estável,47.5,48.8,25.5
61,IRANDUBA,RUA AUTON FURTADO S/N,LULA+EB,#27AE60,-3.25647,-60.34478,6,0.057,-0.006,0.56,157,56.1,114,40.7,85,31.4,LULA+EB,0.052,positiva,53.3,42.8,30.7
62,IRANDUBA,LAGO DO LIMÃO - ESTRADA MANOEL URBANO KM 33 - COMUNIDADE SÃO JOSÉ,LULA+EB,#27AE60,-3.18526,-60.35896,6,0.141,-0.008,0.64,203,64.4,99,31.4,91,31.2,LULA+EB,0.134,positiva,61.2,33.0,30.5
63,IRANDUBA,RAMAL DO KM 13 ESTRADA MANOEL URBANO COMUNIDADE SÃO SEBASTIÃO DO AREAL,DIFÍCIL,#E74C3C,-3.22861,-60.33691,6,-0.125,-0.219,0,103,37.9,162,59.6,26,10.0,DIFÍCIL,-0.343,negativa,36.0,62.5,9.8
64,IRANDUBA,ACESSO PELO KM 26 DA ESTRADA MANOEL URBANO - RAMAL DO 26 - KM 03,DIFÍCIL,#E74C3C,-3.26355,-60.37776,6,0.182,-0.096,0.69,218,68.6,98,30.8,70,22.3,DIFÍCIL,0.086,positiva,65.1,32.4,21.8
65,IRANDUBA,"RUA AÇAÍ, S/N",LULA+EB,#27AE60,-3.23135,-60.33718,6,0.092,0.018,0.6,290,59.5,182,37.4,153,33.7,LULA+EB,0.11,positiva,56.6,39.2,33.0
66,IRANDUBA,"RUA AÇAÍ, S/N",LULA+EB,#27AE60,-3.1974,-60.37506,6,0.116,0.003,0.62,307,61.9,165,33.3,151,32.2,LULA+EB,0.118,positiva,58.8,34.9,31.6
67,IRANDUBA,"RUA AÇAÍ, S/N",PURO_SWING,#F4D03F,-3.22984,-60.35614,6,0.059,-0.029,0.56,280,56.2,208,41.8,137,29.0,PURO_SWING,0.03,positiva,53.4,43.9,28.4
68,IRANDUBA,"RUA AÇAÍ, S/N",LULA+EB,#27AE60,-3.19799,-60.33973,6,0.073,-0.019,0.58,283,57.6,188,38.3,141,30.0,LULA+EB,0.054,positiva,54.8,40.2,29.4
69,IRANDUBA,"RUA AÇAÍ, S/N",PURO_SWING,#F4D03F,-3.22515,-60.40863,6,0.033,0.002,0.54,272,53.6,207,40.8,156,32.2,PURO_SWING,0.036,positiva,51.0,42.9,31.5
70,IRANDUBA,"AV. AMAZONAS, S/N (ENTRADA DA CIDADE)",PURO_SWING,#F4D03F,-3.25297,-60.32956,6,-0.013,-0.03,0.49,261,49.1,255,47.9,147,28.9,PURO_SWING,-0.043,estável,46.6,50.3,28.3
71,IRANDUBA,RUA AUTON FURTADO S/N,PURO_SWING,#F4D03F,-3.2485,-60.34527,6,-0.02,-0.003,0.48,130,48.3,130,48.3,80,31.6,PURO_SWING,-0.023,estável,45.9,50.7,31.0
72,IRANDUBA,COMUNIDADE AGRÍCOLA SÃO FRANCISCO DA COSTA DE IRANDUBA RIO SOLIMÕES,LULA+EB,#27AE60,-3.24176,-60.30389,6,0.256,0.08,0.76,224,75.9,63,21.4,113,39.9,LULA+EB,0.336,positiva,72.1,22.4,39.1
73,IRANDUBA,"AV. RIO MADEIRA, S/N",PURO_SWING,#F4D03F,-3.2384,-60.35185,6,-0.009,-0.044,0.49,247,49.4,229,45.8,128,27.5,PURO_SWING,-0.053,estável,46.9,48.1,27.0
74,IRANDUBA,RAMAL DO KM 06 ESTRADA DO IRANDUBA,DIFÍCIL,#E74C3C,-3.18894,-60.35253,6,0.06,-0.052,0.56,161,56.3,116,40.6,72,26.8,DIFÍCIL,0.008,positiva,53.5,42.6,26.2
75,IRANDUBA,"AV. AMAZONAS, S/N (ENTRADA DA CIDADE)",PURO_SWING,#F4D03F,-3.21893,-60.37146,6,-0.0,-0.001,0.5,269,50.3,246,46.0,161,31.8,PURO_SWING,-0.002,estável,47.8,48.3,31.2
76,IRANDUBA,COMUNIDADE TERRA PRETA RIO NEGRO,DIFÍCIL,#E74C3C,-3.24757,-60.39377,6,0.221,-0.12,0.72,213,72.4,77,26.2,57,19.9,DIFÍCIL,0.101,positiva,68.8,27.5,19.5
77,IRANDUBA,RUA AUTON FURTADO S/N,BOLSO+EB,#E67E22,-3.22678,-60.34952,6,-0.059,-0.023,0.44,128,44.4,155,53.8,80,29.6,BOLSO+EB,-0.082,negativa,42.2,56.5,29.0
78,IRANDUBA,RUA AUTON FURTADO S/N,LULA+EB,#27AE60,-3.19921,-60.39453,6,0.087,0.028,0.59,174,59.0,115,39.0,98,34.8,LULA+EB,0.115,positiva,56.0,40.9,34.1
79,IRANDUBA,ESTRADA MANOEL URBANO KM 02 ALTO DE NAZARÉ,PURO_SWING,#F4D03F,-3.23749,-60.3851,6,0.015,0.019,0.52,271,51.8,240,45.9,167,33.9,PURO_SWING,0.034,positiva,49.2,48.2,33.2
80,IRANDUBA,"RUA VALPEZ, S/N (PROXIMO A TORRE DA OI TELEFONIA)",PURO_SWING,#F4D03F,-3.23003,-60.32471,6,0.041,-0.02,0.54,234,54.4,186,43.3,123,29.9,PURO_SWING,0.021,positiva,51.7,45.4,29.3
81,IRANDUBA,COMUNIDADE SETE DE SETEMBRO COSTA DE IRANDUBA,LULA+EB,#27AE60,-3.24418,-60.38465,6,0.216,0.134,0.72,228,71.9,73,23.0,137,45.4,LULA+EB,0.35,positiva,68.3,24.2,44.5
82,IRANDUBA,"AV. AMAZONAS, S/N (ENTRADA DA CIDADE)",PURO_SWING,#F4D03F,-3.22399,-60.35118,6,0.002,-0.043,0.5,266,50.5,240,45.5,138,27.6,PURO_SWING,-0.042,estável,48.0,47.8,27.0
84,IRANDUBA,"AV. AMAZONAS, S/N (ENTRADA DA CIDADE)",LULA+EB,#27AE60,-3.26311,-60.32331,6,0.063,0.023,0.57,306,56.7,218,40.4,175,34.2,LULA+EB,0.087,positiva,53.8,42.4,33.6
85,IRANDUBA,VILA DO JANAUARI COMUNIDADE SÃO PEDRO RIO NEGRO,LULA+EB,#27AE60,-3.23381,-60.34608,6,0.185,-0.007,0.69,212,68.8,83,26.9,90,31.2,LULA+EB,0.178,positiva,65.4,28.3,30.6
86,IRANDUBA,"RUA VALPEZ, S/N (PROXIMO A TORRE DA OI TELEFONIA)",PURO_SWING,#F4D03F,-3.2329,-60.35176,6,0.038,-0.011,0.54,228,54.2,178,42.3,124,30.8,PURO_SWING,0.028,positiva,51.4,44.4,30.2
87,IRANDUBA,ESTRADA MANOEL URBANO KM 0 CACAU PIRERA,PURO_SWING,#F4D03F,-3.2577,-60.31243,6,0.043,0.047,0.55,283,54.6,212,40.9,175,36.6,PURO_SWING,0.09,positiva,51.9,43.0,35.9
88,IRANDUBA,COMUNIDADE PARICATUBA RIO NEGRO,DIFÍCIL,#E74C3C,-3.20349,-60.39562,6,-0.086,-0.121,0.42,124,41.8,163,54.9,58,19.8,DIFÍCIL,-0.207,negativa,39.7,57.6,19.4
89,IRANDUBA,ESTRADA MANOEL URBANO KM 02 ALTO DE NAZARÉ,PURO_SWING,#F4D03F,-3.24077,-60.35962,6,0.026,0.019,0.53,263,52.9,217,43.7,155,33.8,PURO_SWING,0.045,positiva,50.3,45.8,33.2
90,IRANDUBA,LAGO DO LIMÃO - ESTRADA MANOEL URBANO KM 33 - COMUNIDADE SÃO JOSÉ,PURO_SWING,#F4D03F,-3.20319,-60.36771,6,0.095,-0.024,0.6,192,59.8,121,37.7,91,29.5,PURO_SWING,0.071,positiva,56.8,39.6,29.0
91,IRANDUBA,"VILA CAVALCANTE, ESTRADA DO JANDIRA/CALDEIRÃO",DIFÍCIL,#E74C3C,-3.22689,-60.32638,6,0.093,-0.076,0.6,174,59.6,103,35.3,66,24.4,DIFÍCIL,0.017,positiva,56.6,37.0,23.9
92,IRANDUBA,RAMAL DO KM 06 ESTRADA DO IRANDUBA,PURO_SWING,#F4D03F,-3.22525,-60.36449,6,0.022,-0.014,0.53,155,52.5,132,44.7,86,30.5,PURO_SWING,0.008,positiva,49.9,47.0,29.9
93,IRANDUBA,COMUNIDADE NOSSA SENHORA APARECIDA DO LAGO DO CATALÃO,LULA+EB,#27AE60,-3.20692,-60.38931,6,0.051,0.067,0.55,216,55.4,162,41.5,142,38.6,LULA+EB,0.117,positiva,52.6,43.6,37.8
95,IRANDUBA,"RUA AÇAÍ, S/N",LULA+EB,#27AE60,-3.25907,-60.34864,6,0.062,-0.005,0.56,279,56.5,194,39.3,147,31.5,LULA+EB,0.057,positiva,53.7,41.2,30.8
96,IRANDUBA,VILA DO JANAUARI COMUNIDADE SÃO PEDRO RIO NEGRO,DIFÍCIL,#E74C3C,-3.22255,-60.40173,6,0.113,-0.052,0.62,191,61.6,112,36.1,80,26.8,DIFÍCIL,0.061,positiva,58.5,37.9,26.2
97,IRANDUBA,"RUA VALPEZ, S/N (PROXIMO A TORRE DA OI TELEFONIA)",PURO_SWING,#F4D03F,-3.23604,-60.36524,6,-0.029,-0.035,0.47,212,47.4,219,49.0,121,28.4,PURO_SWING,-0.064,estável,45.1,51.4,27.8
98,IRANDUBA,ESTRADA MANOEL URBANO KM 0 CACAU PIRERA,LULA+EB,#27AE60,-3.21146,-60.31155,6,0.055,0.12,0.56,278,55.8,200,40.2,204,44.0,LULA+EB,0.175,positiva,53.0,42.2,43.1
99,IRANDUBA,ESTRADA MANOEL URBANO  KM  36 RIO ARIAÚ,PURO_SWING,#F4D03F,-3.24526,-60.34737,6,0.029,-0.008,0.53,167,53.2,142,45.2,88,31.1,PURO_SWING,0.02,positiva,50.5,47.5,30.5
100,IRANDUBA,ESTRADA DO CALDEIRÃO KM 05 ACESSO PELA ESTRADA MANOEL URBANO KM 13,LULA+EB,#27AE60,-3.21913,-60.3348,6,0.105,-0.015,0.61,196,60.9,116,36.0,96,30.5,LULA+EB,0.091,positiva,57.8,37.8,29.9
101,IRANDUBA,ESTRADA MANOEL URBANO KM 30 COMUNIDADE SÃO SEBASTIÃO SERRA BAIXA,DIFÍCIL,#E74C3C,-3.229,-60.35054,6,-0.113,-0.107,0.39,125,39.1,184,57.5,67,21.3,DIFÍCIL,-0.219,negativa,37.1,60.4,20.8
103,IRANDUBA,COMUNIDADE PARICATUBA RIO NEGRO,DIFÍCIL,#E74C3C,-3.22779,-60.32731,6,-0.125,-0.158,0.38,109,37.8,173,60.1,44,16.2,DIFÍCIL,-0.282,negativa,36.0,63.1,15.9
104,IRANDUBA,ESTRADA MANOEL URBANO KM 0 CACAU PIRERA,LULA+EB,#27AE60,-3.21573,-60.37204,6,0.08,0.086,0.58,295,58.3,194,38.3,195,40.5,LULA+EB,0.166,positiva,55.4,40.3,39.7
106,IRANDUBA,"RUA VALPEZ, S/N (PROXIMO A TORRE DA OI TELEFONIA)",EB_PURO,#8E44AD,-3.20771,-60.3765,6,-0.032,-0.015,0.47,208,47.2,212,48.1,128,30.5,EB_PURO,-0.046,estável,44.8,50.5,29.9
108,IRANDUBA,ESTRADA DO CALDEIRÃO KM 05 ACESSO PELA ESTRADA MANOEL URBANO KM 13,LULA+EB,#27AE60,-3.21899,-60.35027,6,0.053,-0.008,0.56,178,55.6,129,40.3,90,31.1,LULA+EB,0.045,positiva,52.8,42.3,30.5
109,IRANDUBA,ESTRADA MANOEL URBANO  KM  36 RIO ARIAÚ,PURO_SWING,#F4D03F,-3.23394,-60.34958,6,-0.005,-0.045,0.5,146,49.8,142,48.5,76,27.4,PURO_SWING,-0.05,estável,47.3,50.9,26.9
110,IRANDUBA,COMUNIDADE BENEFICENTE SANTA LUZIA XIBORENA RIO SOLIMÕES,LULA+EB,#27AE60,-3.22011,-60.36681,6,0.121,0.053,0,108,62.4,59,34.1,61,37.2,LULA+EB,0.174,positiva,59.3,35.8,36.5
114,IRANDUBA,ESTRADA MANOEL URBANO KM 0 CACAU PIRERA,PURO_SWING,#F4D03F,-3.22626,-60.32588,6,0.047,0.131,0.55,267,55.1,205,42.3,198,45.0,PURO_SWING,0.178,positiva,52.3,44.4,44.1
115,IRANDUBA,ESTRADA MANOEL URBANO KM 02 ALTO DE NAZARÉ,PURO_SWING,#F4D03F,-3.22303,-60.38451,6,-0.002,0.003,0.5,265,50.1,250,47.3,162,32.3,PURO_SWING,0.001,estável,47.6,49.6,31.6
116,IRANDUBA,"AV. AMAZONAS, S/N (ENTRADA DA CIDADE)",PURO_SWING,#F4D03F,-3.24146,-60.35015,6,-0.021,-0.007,0.48,259,48.2,258,48.0,162,31.2,PURO_SWING,-0.028,estável,45.8,50.4,30.6
117,IRANDUBA,RAMAL DO KM 06 ESTRADA DO IRANDUBA,PURO_SWING,#F4D03F,-3.20876,-60.3491,6,0.038,-0.002,0.54,158,54.1,124,42.5,90,31.7,PURO_SWING,0.035,positiva,51.4,44.6,31.1
118,IRANDUBA,"RUA VALPEZ, S/N (PROXIMO A TORRE DA OI TELEFONIA)",PURO_SWING,#F4D03F,-3.23309,-60.35305,6,0.014,-0.014,0.52,212,51.7,187,45.6,119,30.5,PURO_SWING,-0.0,positiva,49.1,47.9,29.9
119,IRANDUBA,COMUNIDADE NOSSA SENHORA DO PERPÉTUO SOCORRO ACAJATUBA,LULA+EB,#27AE60,-3.28204,-60.3508,6,0.16,0.085,0.66,183,66.3,87,31.5,108,40.4,LULA+EB,0.245,positiva,63.0,33.1,39.6
120,IRANDUBA,LAGO DO LIMÃO - ESTRADA MANOEL URBANO KM 33 - COMUNIDADE SÃO JOSÉ,PURO_SWING,#F4D03F,-3.27858,-60.35646,6,0.025,0.009,0.53,157,52.9,129,43.4,94,32.9,PURO_SWING,0.035,positiva,50.2,45.6,32.2
122,IRANDUBA,COMUNIDADE PARICATUBA RIO NEGRO,DIFÍCIL,#E74C3C,-3.20915,-60.32345,6,-0.18,-0.174,0.32,89,32.4,177,64.4,38,14.6,DIFÍCIL,-0.353,negativa,30.7,67.6,14.3
123,IRANDUBA,ESTRADA MANOEL URBANO KM 0 CACAU PIRERA,LULA+EB,#27AE60,-3.21636,-60.37965,6,0.067,0.089,0,251,57.0,174,39.5,165,40.8,LULA+EB,0.156,positiva,54.2,41.5,40.0
124,IRANDUBA,"AV. AMAZONAS, S/N (ENTRADA DA CIDADE)",PURO_SWING,#F4D03F,-3.20243,-60.32376,6,-0.013,0.01,0.49,249,49.0,246,48.4,158,32.9,PURO_SWING,-0.003,estável,46.6,50.8,32.3
125,IRANDUBA,"AV. AMAZONAS, S/N (ENTRADA DA CIDADE)",PURO_SWING,#F4D03F,-3.26405,-60.35321,6,-0.028,-0.037,0.47,264,47.5,267,48.0,145,28.2,PURO_SWING,-0.066,estável,45.1,50.4,27.6
126,IRANDUBA,"RUA VALPEZ, S/N (PROXIMO A TORRE DA OI TELEFONIA)",PURO_SWING,#F4D03F,-3.26495,-60.35594,6,-0.035,-0.046,0.47,214,46.8,222,48.6,118,27.3,PURO_SWING,-0.081,estável,44.5,51.0,26.8
127,IRANDUBA,"RUA AÇAÍ, S/N",PURO_SWING,#F4D03F,-3.23917,-60.31095,6,-0.016,0.004,0.49,237,48.8,234,48.1,150,32.3,PURO_SWING,-0.012,estável,46.3,50.6,31.7
128,IRANDUBA,ESTRADA MANOEL URBANO KM 0 CACAU PIRERA,PURO_SWING,#F4D03F,-3.22961,-60.33886,6,0.039,0.046,0.54,256,54.2,195,41.3,162,36.6,PURO_SWING,0.086,positiva,51.5,43.4,35.8
129,IRANDUBA,RAMAL DO KM 13 ESTRADA MANOEL URBANO COMUNIDADE SÃO SEBASTIÃO DO AREAL,DIFÍCIL,#E74C3C,-3.23574,-60.40315,6,-0.042,-0.123,0.46,126,46.2,135,49.5,49,19.6,DIFÍCIL,-0.165,estável,43.8,51.9,19.2
130,IRANDUBA,"VILA CAVALCANTE, ESTRADA DO JANDIRA/CALDEIRÃO",LULA+EB,#27AE60,-3.21707,-60.34166,6,0.15,0.027,0.65,175,65.3,86,32.1,87,34.7,LULA+EB,0.177,positiva,62.0,33.7,34.0
132,IRANDUBA,ESTRADA MANOEL URBANO KM 02 ALTO DE NAZARÉ,EB_PURO,#8E44AD,-3.22806,-60.37477,6,-0.021,0.022,0.48,330,48.2,332,48.5,223,34.1,EB_PURO,0.0,estável,45.8,50.9,33.4
133,IRANDUBA,"AV. AMAZONAS, S/N (ENTRADA DA CIDADE)",PURO_SWING,#F4D03F,-3.24076,-60.34266,6,0.008,-0.034,0.51,275,51.1,239,44.4,145,28.5,PURO_SWING,-0.026,positiva,48.6,46.6,28.0
134,IRANDUBA,"RUA VALPEZ, S/N (PROXIMO A TORRE DA OI TELEFONIA)",PURO_SWING,#F4D03F,-3.25245,-60.34203,6,0.004,0.015,0.51,217,50.7,194,45.3,138,33.4,PURO_SWING,0.019,positiva,48.2,47.6,32.7
135,IRANDUBA,ESTRADA MANOEL URBANO KM 0 CACAU PIRERA,LULA+EB,#27AE60,-3.1942,-60.38422,6,0.061,0.084,0.56,290,56.4,201,39.1,198,40.3,LULA+EB,0.145,positiva,53.6,41.1,39.5
136,IRANDUBA,ESTRADA MANOEL URBANO KM 0,LULA+EB,#27AE60,-3.23138,-60.35448,6,0.098,0.124,0.6,211,60.1,132,37.6,144,44.3,LULA+EB,0.222,positiva,57.1,39.5,43.4
137,IRANDUBA,"AV. AMAZONAS, S/N (ENTRADA DA CIDADE)",DIFÍCIL,#E74C3C,-3.26345,-60.34226,6,-0.023,-0.051,0.48,253,48.0,248,47.1,135,26.8,DIFÍCIL,-0.074,estável,45.6,49.4,26.3
138,IRANDUBA,RUA AUTON FURTADO S/N,PURO_SWING,#F4D03F,-3.24859,-60.32526,6,-0.012,-0.047,0.49,145,49.2,143,48.5,75,27.3,PURO_SWING,-0.058,estável,46.7,50.9,26.7
139,IRANDUBA,"RUA VALPEZ, S/N (PROXIMO A TORRE DA OI TELEFONIA)",PURO_SWING,#F4D03F,-3.23222,-60.35149,6,0.06,-0.027,0.56,255,56.3,181,40.0,128,29.2,PURO_SWING,0.033,positiva,53.5,42.0,28.6
140,IRANDUBA,ESTRADA MANOEL URBANO KM 0 CACAU PIRERA,LULA+EB,#27AE60,-3.20493,-60.39358,6,0.092,0.065,0.6,302,59.6,179,35.3,188,38.4,LULA+EB,0.158,positiva,56.6,37.1,37.7
141,IRANDUBA,ESTRADA DO CALDEIRÃO KM 05 ACESSO PELA ESTRADA MANOEL URBANO KM 13,DIFÍCIL,#E74C3C,-3.18605,-60.3483,6,-0.025,-0.068,0.48,144,47.8,147,48.8,69,25.1,DIFÍCIL,-0.093,estável,45.4,51.3,24.6
142,IRANDUBA,RAMAL DO KM 06 ESTRADA DO IRANDUBA,PURO_SWING,#F4D03F,-3.20458,-60.35692,6,0.031,0.049,0.53,157,53.4,129,43.9,103,36.8,PURO_SWING,0.079,positiva,50.7,46.1,36.1
143,IRANDUBA,ACESSO PELO KM 26 DA ESTRADA MANOEL URBANO - RAMAL DO 26 - KM 03,DIFÍCIL,#E74C3C,-3.1887,-60.36589,6,0.045,-0.096,0,188,54.8,140,40.8,72,22.4,DIFÍCIL,-0.051,positiva,52.1,42.9,21.9
144,IRANDUBA,"AV. AMAZONAS, S/N (ENTRADA DA CIDADE)",PURO_SWING,#F4D03F,-3.24295,-60.32431,6,-0.004,0.003,0.5,257,49.9,245,47.6,157,32.2,PURO_SWING,-0.001,estável,47.4,50.0,31.6
145,IRANDUBA,ESTRADA MANOEL URBANO KM 02 ALTO DE NAZARÉ,PURO_SWING,#F4D03F,-3.25699,-60.31044,6,-0.01,0.017,0.49,238,49.3,229,47.4,152,33.6,PURO_SWING,0.007,estável,46.8,49.8,33.0
146,IRANDUBA,LAGO DO LIMÃO - ESTRADA MANOEL URBANO KM 33 - COMUNIDADE SÃO JOSÉ,LULA+EB,#27AE60,-3.28048,-60.35956,6,0.147,0.103,0.65,186,65.0,95,33.2,109,42.2,LULA+EB,0.25,positiva,61.8,34.9,41.4
147,IRANDUBA,ESTRADA MANOEL URBANO KM 30 COMUNIDADE SÃO SEBASTIÃO SERRA BAIXA,DIFÍCIL,#E74C3C,-3.23441,-60.32417,6,-0.099,-0.134,0,122,40.4,176,58.3,54,18.5,DIFÍCIL,-0.234,negativa,38.4,61.2,18.1
148,IRANDUBA,"RUA AÇAÍ, S/N",PURO_SWING,#F4D03F,-3.22643,-60.3339,6,0.031,-0.016,0.53,234,53.4,191,43.6,124,30.3,PURO_SWING,0.015,positiva,50.8,45.8,29.7
149,IRANDUBA,RUA AUTON FURTADO S/N,BOLSO+EB,#E67E22,-3.25065,-60.34696,6,-0.084,-0.031,0.42,112,41.9,144,53.9,72,28.8,BOLSO+EB,-0.115,negativa,39.9,56.6,28.2
150,IRANDUBA,"RUA DEPUTADO PAUDERNEY AVELINO, S/N",PURO_SWING,#F4D03F,-3.23212,-60.33919,6,-0.039,-0.033,0.46,144,46.5,154,49.7,84,28.7,PURO_SWING,-0.071,estável,44.1,52.2,28.1
151,IRANDUBA,RODOVIA MANOEL URBANO KM 0,EB_PURO,#8E44AD,-3.22773,-60.33806,6,-0.025,0.067,0.48,212,47.9,219,49.4,162,38.7,EB_PURO,0.043,estável,45.5,51.9,37.9
152,IRANDUBA,RUA AUTON FURTADO S/N,PURO_SWING,#F4D03F,-3.27028,-60.331,6,-0.016,-0.008,0.49,134,48.7,132,48.0,82,31.2,PURO_SWING,-0.023,estável,46.3,50.4,30.6
153,IRANDUBA,RAMAL DO KM 06 ESTRADA DO IRANDUBA,PURO_SWING,#F4D03F,-3.23689,-60.36046,6,0.023,0.004,0.53,150,52.6,120,42.1,89,32.4,PURO_SWING,0.027,positiva,50.0,44.2,31.7
154,IRANDUBA,ESTRADA MANOEL URBANO KM 02 ALTO DE NAZARÉ,EB_PURO,#8E44AD,-3.20187,-60.3552,6,-0.034,-0.01,0.47,226,46.9,242,50.2,137,30.9,EB_PURO,-0.044,estável,44.5,52.7,30.3
155,IRANDUBA,"RUA DEPUTADO PAUDERNEY AVELINO, S/N",PURO_SWING,#F4D03F,-3.22004,-60.37746,6,0.011,-0.006,0.51,167,51.4,153,47.1,97,31.3,PURO_SWING,0.004,estável,48.8,49.4,30.7
156,IRANDUBA,VILA DO JANAUARI COMUNIDADE SÃO PEDRO RIO NEGRO,DIFÍCIL,#E74C3C,-3.24248,-60.35925,6,0.021,-0.073,0,153,52.4,131,44.9,68,24.6,DIFÍCIL,-0.052,positiva,49.8,47.1,24.1
158,IRANDUBA,RODOVIA MANOEL URBANO KM 0,LULA+EB,#27AE60,-3.23179,-60.35283,6,0.0,0.083,0,204,50.4,189,46.7,150,40.2,LULA+EB,0.083,estável,47.9,49.0,39.4
159,IRANDUBA,"RUA DEPUTADO PAUDERNEY AVELINO, S/N",DIFÍCIL,#E74C3C,-3.19724,-60.35259,6,-0.082,-0.06,0,125,42.1,168,56.6,73,25.9,DIFÍCIL,-0.143,negativa,40.0,59.4,25.4
160,IRANDUBA,"RUA DEPUTADO PAUDERNEY AVELINO, S/N",PURO_SWING,#F4D03F,-3.23577,-60.40122,6,-0.01,-0.003,0,150,49.3,147,48.4,91,31.6,PURO_SWING,-0.013,estável,46.9,50.8,31.0
161,IRANDUBA,COMUNIDADE VILA NOVA,LULA+EB,#27AE60,-3.26419,-60.31796,6,0.143,-0.003,0,157,64.6,81,33.3,73,31.6,LULA+EB,0.14,positiva,61.4,35.0,31.0
162,IRANDUBA,ESTRADA CARLOS BRAGA,DIFÍCIL,#E74C3C,-3.21926,-60.34639,6,-0.067,-0.059,0,218,43.6,258,51.6,126,26.0,DIFÍCIL,-0.127,negativa,41.4,54.2,25.5
163,IRANDUBA,ESTRADA DO CALDEIRÃO KM 05 ACESSO PELA ESTRADA MANOEL URBANO KM 13,DIFÍCIL,#E74C3C,-3.24908,-60.35927,6,-0.063,-0.104,0,133,44.0,152,50.3,63,21.5,DIFÍCIL,-0.167,negativa,41.8,52.8,21.1
164,IRANDUBA,"RUA DEPUTADO PAUDERNEY AVELINO, S/N",BOLSO+EB,#E67E22,-3.20711,-60.32405,6,-0.051,-0.042,0,148,45.3,164,50.2,85,27.7,BOLSO+EB,-0.093,estável,43.0,52.7,27.1
165,IRANDUBA,ESTRADA MANOEL URBANO KM 0,LULA+EB,#27AE60,-3.26011,-60.36599,6,0.045,0.063,0,154,54.8,124,44.1,101,38.3,LULA+EB,0.108,positiva,52.1,46.3,37.5
167,IRANDUBA,ESTRADA CARLOS BRAGA,DIFÍCIL,#E74C3C,-3.22906,-60.36073,6,-0.137,-0.059,0,195,36.7,315,59.2,130,26.1,DIFÍCIL,-0.195,negativa,34.8,62.2,25.5
168,IRANDUBA,VILA DO JANAUARI COMUNIDADE SÃO PEDRO RIO NEGRO,DIFÍCIL,#E74C3C,-3.24284,-60.31216,6,-0.011,-0.106,0,149,49.2,150,49.5,61,21.3,DIFÍCIL,-0.117,estável,46.7,52.0,20.9
169,IRANDUBA,RAMAL DO KM 06 ESTRADA DO IRANDUBA,LULA+EB,#27AE60,-3.25456,-60.38813,6,0.104,0.025,0,170,60.7,101,36.1,92,34.5,LULA+EB,0.129,positiva,57.7,37.9,33.8
170,IRANDUBA,LAGO DO LIMÃO - ESTRADA MANOEL URBANO KM 33 - COMUNIDADE SÃO JOSÉ,LULA+EB,#27AE60,-3.22953,-60.36615,6,0.057,0.039,0,144,56.0,104,40.5,91,35.8,LULA+EB,0.096,positiva,53.2,42.5,35.1
172,IRANDUBA,COMUNIDADE PARICATUBA RIO NEGRO,DIFÍCIL,#E74C3C,-3.25475,-60.36598,6,-0.12,-0.132,0,77,38.3,114,56.7,36,18.8,DIFÍCIL,-0.252,negativa,36.4,59.6,18.4
174,IRANDUBA,ESTRADA MANOEL URBANO  KM  36 RIO ARIAÚ,DIFÍCIL,#E74C3C,-3.19298,-60.39291,6,-0.015,-0.05,0,81,48.8,82,49.4,42,26.9,DIFÍCIL,-0.065,estável,46.4,51.9,26.4
1,ITACOATIARA,"RUA MONSENHOR JOAQUIM PEREIRA, 186",PURO_SWING,#F4D03F,-3.12903,-58.43291,6,0.043,0.162,0.55,188,54.7,145,42.2,154,48.1,PURO_SWING,0.205,positiva,51.9,44.3,47.2
2,ITACOATIARA,"RUA MONSENHOR JOAQUIM PEREIRA, 186",PURO_SWING,#F4D03F,-3.1298,-58.43646,6,0.049,0.173,0.55,196,55.2,146,41.1,158,49.2,PURO_SWING,0.222,positiva,52.5,43.2,48.2
3,ITACOATIARA,"RUA MONSENHOR JOAQUIM PEREIRA, 186",LULA+EB,#27AE60,-3.12843,-58.43811,6,0.082,0.148,0.59,209,58.5,135,37.8,157,46.7,LULA+EB,0.23,positiva,55.6,39.7,45.8
4,ITACOATIARA,"AVENIDA SETE DE SETEMBRO, 926",PURO_SWING,#F4D03F,-3.14189,-58.38827,6,0.006,0.104,0.51,186,51.0,162,44.4,149,42.3,PURO_SWING,0.11,positiva,48.4,46.6,41.5
5,ITACOATIARA,"AVENIDA PARQUE, S/N",PURO_SWING,#F4D03F,-3.1284,-58.43733,6,0.019,0.133,0.52,274,52.2,228,43.4,225,45.2,PURO_SWING,0.151,positiva,49.6,45.6,44.3
6,ITACOATIARA,"AVENIDA PARQUE, S/N",PURO_SWING,#F4D03F,-3.14057,-58.43882,6,0.047,0.102,0.55,263,55.0,196,41.0,194,42.2,PURO_SWING,0.149,positiva,52.3,43.1,41.3
7,ITACOATIARA,RUA 05 DE SETEMBRO,LULA+EB,#27AE60,-3.12989,-58.44904,6,0.152,0.233,0.66,238,65.6,110,30.3,189,55.3,LULA+EB,0.386,positiva,62.3,31.8,54.2
8,ITACOATIARA,RUA 05 DE SETEMBRO,LULA+EB,#27AE60,-3.10811,-58.40209,6,0.238,0.159,0,192,74.1,62,23.9,120,47.8,LULA+EB,0.397,positiva,70.4,25.1,46.9
10,ITACOATIARA,"AVENIDA SETE DE SETEMBRO, 926",PURO_SWING,#F4D03F,-3.111,-58.39706,6,-0.005,0.067,0.5,170,49.9,157,46.0,127,38.6,PURO_SWING,0.062,estável,47.4,48.3,37.8
11,ITACOATIARA,"AVENIDA PARQUE, S/N",PURO_SWING,#F4D03F,-3.12242,-58.41127,6,0.031,0.106,0.53,224,53.5,174,41.5,172,42.6,PURO_SWING,0.138,positiva,50.8,43.6,41.7
12,ITACOATIARA,"AVENIDA PARQUE, S/N",LULA+EB,#27AE60,-3.12546,-58.47509,6,0.103,0.15,0.61,273,60.7,167,37.1,202,47.0,LULA+EB,0.254,positiva,57.6,39.0,46.0
13,ITACOATIARA,"RUA FRANCISCO GLICÉRIO, S/N",LULA+EB,#27AE60,-3.12996,-58.43615,6,0.085,0.197,0.59,251,58.8,158,37.0,212,51.6,LULA+EB,0.281,positiva,55.8,38.9,50.5
14,ITACOATIARA,"RUA FRANCISCO GLICÉRIO, S/N",LULA+EB,#27AE60,-3.14463,-58.39685,6,0.105,0.225,0.61,266,60.9,151,34.6,228,54.4,LULA+EB,0.33,positiva,57.8,36.3,53.3
15,ITACOATIARA,"RUA FRANCISCO GLICÉRIO, S/N",LULA+EB,#27AE60,-3.12905,-58.45605,6,0.123,0.219,0.63,270,62.6,141,32.7,224,53.8,LULA+EB,0.342,positiva,59.5,34.4,52.8
16,ITACOATIARA,"RUA NOSSA SENHORA DO ROSÁRIO, 2822",LULA+EB,#27AE60,-3.1703,-58.45826,6,0.105,0.197,0.61,354,60.8,206,35.4,288,51.6,LULA+EB,0.302,positiva,57.8,37.2,50.6
17,ITACOATIARA,"RUA NOSSA SENHORA DO ROSÁRIO, 2822",LULA+EB,#27AE60,-3.16152,-58.41042,6,0.14,0.2,0.64,333,64.3,167,32.2,259,51.9,LULA+EB,0.339,positiva,61.1,33.9,50.9
18,ITACOATIARA,"RUA NOSSA SENHORA DO ROSÁRIO, 2822",LULA+EB,#27AE60,-3.1705,-58.41074,6,0.076,0.152,0.58,315,57.9,202,37.1,247,47.1,LULA+EB,0.228,positiva,55.0,39.0,46.2
19,ITACOATIARA,"RUA NOSSA SENHORA DO ROSÁRIO, 2822",LULA+EB,#27AE60,-3.09912,-58.40248,6,0.065,0.196,0.57,322,56.8,210,37.0,278,51.6,LULA+EB,0.261,positiva,54.0,38.9,50.5
20,ITACOATIARA,"RUA MONSENHOR JOAQUIM PEREIRA, 186",PURO_SWING,#F4D03F,-3.12799,-58.44691,6,0.036,0.123,0.54,194,53.9,150,41.7,150,44.2,PURO_SWING,0.159,positiva,51.2,43.8,43.4
21,ITACOATIARA,RUA ADAMASTOR DE FIGUEIREDO,LULA+EB,#27AE60,-3.13694,-58.42989,6,0.182,0.169,0.69,357,68.5,143,27.4,248,48.8,LULA+EB,0.351,positiva,65.1,28.8,47.8
22,ITACOATIARA,RUA ADAMASTOR DE FIGUEIREDO,LULA+EB,#27AE60,-3.11482,-58.42246,6,0.174,0.192,0.68,361,67.7,152,28.5,256,51.1,LULA+EB,0.366,positiva,64.3,29.9,50.1
23,ITACOATIARA,RUA ADAMASTOR DE FIGUEIREDO,LULA+EB,#27AE60,-3.1809,-58.43155,6,0.178,0.189,0.68,344,68.1,148,29.3,247,50.8,LULA+EB,0.367,positiva,64.7,30.8,49.8
24,ITACOATIARA,RUA ADAMASTOR DE FIGUEIREDO,LULA+EB,#27AE60,-3.10314,-58.44341,6,0.2,0.17,0.7,381,70.3,146,26.9,257,49.0,LULA+EB,0.37,positiva,66.8,28.3,48.0
25,ITACOATIARA,"RUA ÁLVARO FRANÇA, S/N",EB_PURO,#8E44AD,-3.12434,-58.42865,6,-0.031,0.142,0.47,287,47.2,291,47.9,266,46.1,EB_PURO,0.111,estável,44.8,50.3,45.2
26,ITACOATIARA,"RUA ÁLVARO FRANÇA, S/N",EB_PURO,#8E44AD,-3.15353,-58.42253,6,-0.027,0.126,0.48,265,47.7,268,48.2,242,44.5,EB_PURO,0.099,estável,45.3,50.6,43.6
27,ITACOATIARA,"RUA ÁLVARO FRANÇA, S/N",EB_PURO,#8E44AD,-3.11001,-58.43643,6,-0.073,0.122,0.43,241,43.0,285,50.9,238,44.2,EB_PURO,0.049,negativa,40.9,53.4,43.3
28,ITACOATIARA,"AVENIDA PARQUE, S/N",LULA+EB,#27AE60,-3.12822,-58.43363,6,0.092,0.194,0.59,279,59.5,167,35.6,232,51.3,LULA+EB,0.286,positiva,56.5,37.4,50.3
29,ITACOATIARA,"AVENIDA PARQUE, S/N",PURO_SWING,#F4D03F,-3.12175,-58.39925,6,0.049,0.134,0.55,247,55.3,175,39.1,195,45.3,PURO_SWING,0.184,positiva,52.5,41.1,44.4
30,ITACOATIARA,"RUA NOSSA SENHORA DO ROSÁRIO, 3401",LULA+EB,#27AE60,-3.09556,-58.44605,6,0.159,0.241,0.66,362,66.2,161,29.4,293,56.0,LULA+EB,0.4,positiva,62.9,30.9,54.9
31,ITACOATIARA,"RUA NOSSA SENHORA DO ROSÁRIO, 3401",LULA+EB,#27AE60,-3.14996,-58.41869,6,0.143,0.188,0.65,349,64.6,174,32.2,259,50.7,LULA+EB,0.331,positiva,61.4,33.8,49.7
32,ITACOATIARA,"RUA NOSSA SENHORA DO ROSÁRIO, 3401",LULA+EB,#27AE60,-3.14127,-58.40434,6,0.121,0.169,0.62,369,62.4,197,33.3,284,48.8,LULA+EB,0.29,positiva,59.3,35.0,47.8
33,ITACOATIARA,"AVENIDA PARQUE, S/N",LULA+EB,#27AE60,-3.08582,-58.46412,6,0.078,0.172,0.58,271,58.2,178,38.2,220,49.1,LULA+EB,0.25,positiva,55.2,40.1,48.1
34,ITACOATIARA,"AVENIDA PARQUE, S/N",PURO_SWING,#F4D03F,-3.15117,-58.43279,6,0.026,0.119,0.53,234,52.9,192,43.4,182,43.9,PURO_SWING,0.145,positiva,50.3,45.6,43.0
35,ITACOATIARA,"AVENIDA PARQUE, S/N",PURO_SWING,#F4D03F,-3.08418,-58.46202,6,0.05,0.13,0.55,245,55.3,176,39.7,191,44.9,PURO_SWING,0.18,positiva,52.5,41.7,44.0
36,ITACOATIARA,"AVENIDA PARQUE, S/N",LULA+EB,#27AE60,-3.17319,-58.45301,6,0.087,0.154,0.59,265,59.0,160,35.6,204,47.3,LULA+EB,0.241,positiva,56.1,37.4,46.4
37,ITACOATIARA,"AVENIDA PARQUE, S/N",PURO_SWING,#F4D03F,-3.09068,-58.45347,6,0.022,0.063,0.53,237,52.5,199,44.1,163,38.3,PURO_SWING,0.086,positiva,49.9,46.3,37.5
38,ITACOATIARA,RUA NOSSA SENHORA DO ROSÁRIO,LULA+EB,#27AE60,-3.13178,-58.43421,6,0.052,0.123,0.56,196,55.5,136,38.5,153,44.2,LULA+EB,0.175,positiva,52.7,40.5,43.3
40,ITACOATIARA,RUA NOSSA SENHORA DO ROSÁRIO,LULA+EB,#27AE60,-3.14773,-58.38791,6,0.054,0.138,0,239,55.7,160,37.3,188,45.7,LULA+EB,0.192,positiva,52.9,39.2,44.8
45,ITACOATIARA,RUA NOSSA SENHORA DO ROSÁRIO,LULA+EB,#27AE60,-3.12978,-58.43904,6,0.155,0.188,0.66,346,65.8,157,29.8,259,50.7,LULA+EB,0.342,positiva,62.5,31.3,49.7
46,ITACOATIARA,"RUA BENJAMIM CONSTANT, 3735",LULA+EB,#27AE60,-3.14106,-58.45535,6,0.077,0.19,0.58,313,58.1,206,38.2,260,50.9,LULA+EB,0.267,positiva,55.2,40.1,49.9
47,ITACOATIARA,"RUA BENJAMIM CONSTANT, 3735",LULA+EB,#27AE60,-3.13711,-58.41424,6,0.139,0.212,0.64,336,64.2,171,32.7,268,53.2,LULA+EB,0.352,positiva,61.0,34.3,52.1
48,ITACOATIARA,"RUA BENJAMIM CONSTANT, 3735",LULA+EB,#27AE60,-3.11087,-58.40331,6,0.119,0.245,0.62,313,62.2,155,30.8,273,56.4,LULA+EB,0.364,positiva,59.1,32.4,55.3
49,ITACOATIARA,"RUA BENJAMIM CONSTANT, 3735",LULA+EB,#27AE60,-3.13302,-58.43285,6,0.14,0.211,0.64,334,64.4,172,33.1,259,53.1,LULA+EB,0.352,positiva,61.1,34.8,52.0
50,ITACOATIARA,"RUA BENJAMIM CONSTANT, 3735",LULA+EB,#27AE60,-3.13835,-58.4595,6,0.081,0.183,0.58,295,58.4,193,38.2,246,50.2,LULA+EB,0.264,positiva,55.5,40.1,49.2
51,ITACOATIARA,"RUA CORONEL QUEIRÓZ, 995",LULA+EB,#27AE60,-3.10912,-58.45489,6,0.1,0.219,0.6,343,60.3,195,34.3,294,53.8,LULA+EB,0.319,positiva,57.3,36.0,52.8
52,ITACOATIARA,"RUA CORONEL QUEIRÓZ, 995",LULA+EB,#27AE60,-3.13395,-58.42592,6,0.116,0.157,0.62,372,61.9,208,34.6,280,47.6,LULA+EB,0.273,positiva,58.8,36.3,46.7
55,ITACOATIARA,"AVENIDA SETE DE SETEMBRO, 926",PURO_SWING,#F4D03F,-3.17208,-58.40788,6,0.035,0.082,0.54,190,53.8,151,42.8,138,40.1,PURO_SWING,0.117,positiva,51.1,44.9,39.3
56,ITACOATIARA,"AVENIDA SETE DE SETEMBRO, 1864",PURO_SWING,#F4D03F,-3.1164,-58.43856,6,0.012,0.073,0.51,190,51.5,158,42.8,142,39.2,PURO_SWING,0.085,positiva,48.9,45.0,38.4
57,ITACOATIARA,"AVENIDA PARQUE, S/N",LULA+EB,#27AE60,-3.09456,-58.4556,6,0.092,0.171,0.6,293,59.6,171,34.8,229,49.0,LULA+EB,0.263,positiva,56.6,36.5,48.1
58,ITACOATIARA,"AVENIDA PARQUE, S/N",LULA+EB,#27AE60,-3.16841,-58.41356,6,0.078,0.142,0.58,278,58.2,185,38.7,211,46.2,LULA+EB,0.221,positiva,55.3,40.6,45.2
59,ITACOATIARA,"AVENIDA PARQUE, S/N",LULA+EB,#27AE60,-3.11353,-58.46193,6,0.079,0.091,0.58,283,58.2,180,37.0,195,41.1,LULA+EB,0.17,positiva,55.3,38.9,40.2
60,ITACOATIARA,"AVENIDA MÁRIO ANDREAZZA, S/N",LULA+EB,#27AE60,-3.15291,-58.45651,6,0.179,0.199,0.68,395,68.2,170,29.4,285,51.8,LULA+EB,0.378,positiva,64.8,30.8,50.8
61,ITACOATIARA,"AVENIDA MÁRIO ANDREAZZA, S/N",LULA+EB,#27AE60,-3.11127,-58.44726,6,0.162,0.219,0.66,357,66.5,163,30.4,283,53.8,LULA+EB,0.38,positiva,63.2,31.9,52.7
62,ITACOATIARA,"COM. CRISTO REDENTOR, ILHA DO CUMARU",LULA+EB,#27AE60,-3.12523,-58.43275,6,0.247,0.294,0.75,309,75.0,91,22.1,247,61.3,LULA+EB,0.54,positiva,71.2,23.2,60.1
63,ITACOATIARA,"COM. LAGO DO AGOSTINHO, COSTA DO TABOCAL",LULA+EB,#27AE60,-3.13335,-58.46693,6,0.345,0.317,0.85,117,84.8,17,12.3,84,63.6,LULA+EB,0.662,positiva,80.5,12.9,62.4
64,ITACOATIARA,"COM. SÃO SEBASTIÃO, COSTA DO VARRE-VENTO",LULA+EB,#27AE60,-3.15142,-58.45513,6,0.052,0.162,0.56,135,55.6,99,40.7,114,48.1,LULA+EB,0.214,positiva,52.8,42.8,47.1
65,ITACOATIARA,"COM. SAGRADO CORAÇÃO DE MARIA, LAGO DO MUTUCA, RIO ARARI",LULA+EB,#27AE60,-3.12909,-58.46057,6,0.136,0.147,0.64,220,64.0,103,29.9,157,46.6,LULA+EB,0.283,positiva,60.8,31.4,45.7
66,ITACOATIARA,"COM. SANTA ROSA DO GUAJARA, RIO ARARI",LULA+EB,#27AE60,-3.14668,-58.38737,6,0.388,0.426,0.89,327,89.1,34,9.3,266,74.5,LULA+EB,0.814,positiva,84.6,9.7,73.0
67,ITACOATIARA,"COM. SÃO JOSE DO AMATARI, VILA DO AMATARY",LULA+EB,#27AE60,-3.13393,-58.43786,6,0.186,0.092,0.69,270,68.9,115,29.3,148,41.1,LULA+EB,0.277,positiva,65.4,30.8,40.3
68,ITACOATIARA,"COM. NOSSA SENHORA DAS GRAÇAS, COSTA DA CONCEIÇÃO",LULA+EB,#27AE60,-3.1796,-58.45861,6,0.148,0.066,0.65,258,65.2,124,31.3,148,38.5,LULA+EB,0.214,positiva,61.9,32.9,37.8
69,ITACOATIARA,"COM. SANTA ROSA, ILHA DO SORIANO",LULA+EB,#27AE60,-3.13556,-58.47948,6,0.424,0.375,0.93,152,92.7,8,4.9,109,69.4,LULA+EB,0.799,positiva,88.0,5.1,68.0
70,ITACOATIARA,"COM. NOSSA SENHORA DAS GRAÇAS, COSTA DA CONCEIÇÃO",LULA+EB,#27AE60,-3.11348,-58.44044,6,0.203,0.133,0.71,308,70.6,112,25.7,189,45.2,LULA+EB,0.336,positiva,67.1,27.0,44.3
71,ITACOATIARA,"COM. SÃO JOSÉ, PARANÁ DA SIMPLÍCIA",LULA+EB,#27AE60,-3.17104,-58.40032,6,0.167,0.153,0.67,222,67.1,89,26.9,155,47.3,LULA+EB,0.321,positiva,63.7,28.2,46.3
72,ITACOATIARA,"COM. NATÁRIA, RIO ARARI",LULA+EB,#27AE60,-3.14548,-58.42483,6,0.344,0.224,0.85,383,84.7,57,12.6,241,54.3,LULA+EB,0.568,positiva,80.5,13.2,53.2
74,ITACOATIARA,"VILA BATISTA, RIO ARARI",LULA+EB,#27AE60,-3.11048,-58.42418,6,0.227,0.171,0.73,378,73.0,136,26.3,242,49.0,LULA+EB,0.397,positiva,69.3,27.6,48.0
75,ITACOATIARA,"COM. SÃO JOSÉ, RIO ARARI",LULA+EB,#27AE60,-3.16521,-58.4417,6,0.178,0.195,0.68,259,68.2,119,31.3,181,51.4,LULA+EB,0.373,positiva,64.8,32.9,50.4
76,ITACOATIARA,"COM. NOSSA SENHORA DE FÁTIMA, PARANÁ DO AMATARI",LULA+EB,#27AE60,-3.12246,-58.42644,6,0.096,0.063,0.6,331,60.0,206,37.3,207,38.2,LULA+EB,0.159,positiva,57.0,39.2,37.4
77,ITACOATIARA,ILHA DO JANUÁRIO,LULA+EB,#27AE60,-3.12437,-58.45714,6,0.215,0.156,0.72,364,71.8,125,24.7,231,47.5,LULA+EB,0.371,positiva,68.2,25.9,46.6
78,ITACOATIARA,"COSTA DO TARUMÃ, MARGEM DIREITA DO RIO AMAZONAS",PURO_SWING,#F4D03F,-3.1738,-58.42576,6,0.247,-0.027,0.75,66,75.0,21,23.9,24,29.3,PURO_SWING,0.22,positiva,71.2,25.1,28.7
79,ITACOATIARA,"COM. SANTA TEREZA, RIO ARARI",LULA+EB,#27AE60,-3.08577,-58.43702,6,0.41,0.207,0.91,295,91.3,18,5.6,160,52.6,LULA+EB,0.617,positiva,86.8,5.9,51.6
80,ITACOATIARA,"ESTRADA TORQUATO TAPAJOS (AM-010), KM 185",LULA+EB,#27AE60,-3.11215,-58.44247,6,0.08,0.077,0.58,263,58.3,175,38.8,168,39.6,LULA+EB,0.157,positiva,55.4,40.7,38.8
81,ITACOATIARA,"COM. SÃO JOÃO, RIO PRETO DA EVA",LULA+EB,#27AE60,-3.15947,-58.4606,6,0.287,0.209,0.79,230,79.0,54,18.6,151,52.8,LULA+EB,0.496,positiva,75.1,19.5,51.7
82,ITACOATIARA,"COM. MONTE SINAI, RIO PRETO DA EVA",EB_PURO,#8E44AD,-3.13646,-58.44111,6,-0.08,0.02,0.42,127,42.3,160,53.3,97,33.9,EB_PURO,-0.06,negativa,40.2,56.0,33.2
83,ITACOATIARA,"RUA ACÁCIO LEITE, S/N",LULA+EB,#27AE60,-3.09681,-58.46461,6,0.112,0.189,0.61,321,61.5,183,35.1,254,50.8,LULA+EB,0.3,positiva,58.4,36.8,49.8
84,ITACOATIARA,"COM. SÃO JOÃO, RIO PRETO DA EVA",LULA+EB,#27AE60,-3.11887,-58.48612,6,0.191,0.285,0.69,220,69.4,83,26.2,185,60.5,LULA+EB,0.476,positiva,65.9,27.5,59.2
85,ITACOATIARA,"COM. SÃO JOSÉ, PARANÁ DO SUCURIJU, RIO URUBU",LULA+EB,#27AE60,-3.13016,-58.4358,6,0.336,0.229,0.84,281,83.9,46,13.7,181,54.8,LULA+EB,0.565,positiva,79.7,14.4,53.8
86,ITACOATIARA,"RUA BENJAMIM CONSTANT, 3735",LULA+EB,#27AE60,-3.14954,-58.42074,6,0.13,0.194,0.63,340,63.3,181,33.7,269,51.3,LULA+EB,0.324,positiva,60.1,35.4,50.3
87,ITACOATIARA,"COM. SÃO FRANCISCO, LAGO DO ITAPAIÚNA, RIO ARARI",LULA+EB,#27AE60,-3.14046,-58.4281,6,0.317,0.207,0.82,416,82.1,79,15.6,259,52.6,LULA+EB,0.524,positiva,77.9,16.4,51.6
88,ITACOATIARA,"COM. NOSSA SENHORA DE FÁTIMA, RIO ARARI",LULA+EB,#27AE60,-3.09986,-58.47357,6,0.391,0.161,0.89,328,89.4,30,8.2,169,48.0,LULA+EB,0.551,positiva,84.9,8.6,47.1
89,ITACOATIARA,"COM. SANTA LUZIA, RIO MADEIRA",LULA+EB,#27AE60,-3.10638,-58.43407,6,0.081,0.024,0.58,80,58.4,48,35.0,45,34.4,LULA+EB,0.105,positiva,55.5,36.8,33.7
90,ITACOATIARA,"AVENIDA PARQUE, S/N",LULA+EB,#27AE60,-3.08043,-58.44255,6,0.082,0.102,0.59,281,58.5,181,37.7,194,42.2,LULA+EB,0.185,positiva,55.6,39.6,41.3
92,ITACOATIARA,RUA ADAMASTOR DE FIGUEIREDO,LULA+EB,#27AE60,-3.11156,-58.42172,6,0.234,0.22,0.74,404,73.7,130,23.7,284,53.9,LULA+EB,0.454,positiva,70.0,24.9,52.8
93,ITACOATIARA,"COM. SAGRADO CORAÇÃO DE MARIA, LAGO DO MUTUCA, RIO ARARI",LULA+EB,#27AE60,-3.1049,-58.44905,6,0.202,0.233,0.71,237,70.5,83,24.7,179,55.2,LULA+EB,0.435,positiva,67.0,25.9,54.1
95,ITACOATIARA,"AVENIDA SETE DE SETEMBRO, 1864",PURO_SWING,#F4D03F,-3.09787,-58.42344,6,-0.012,0.078,0.49,207,49.2,187,44.4,160,39.7,PURO_SWING,0.066,estável,46.7,46.6,38.9
96,ITACOATIARA,"RUA BENJAMIM CONSTANT, 3735",LULA+EB,#27AE60,-3.12711,-58.40299,6,0.121,0.151,0.62,352,62.4,189,33.5,255,47.0,LULA+EB,0.272,positiva,59.3,35.2,46.1
97,ITACOATIARA,"COM. SÃO JOSÉ, COLÔNIA DO PIQUIÁ",LULA+EB,#27AE60,-3.12708,-58.48656,6,0.33,0.191,0.83,449,83.3,79,14.7,266,51.1,LULA+EB,0.521,positiva,79.1,15.4,50.0
98,ITACOATIARA,"RUA MONSENHOR JOAQUIM PEREIRA, 186",PURO_SWING,#F4D03F,-3.13136,-58.43201,6,0.021,0.185,0.52,204,52.4,171,44.0,188,50.4,PURO_SWING,0.206,positiva,49.8,46.2,49.4
99,ITACOATIARA,"RUA MONSENHOR JOAQUIM PEREIRA, 186",LULA+EB,#27AE60,-3.13518,-58.43583,6,0.06,0.141,0.56,205,56.3,145,39.8,161,46.0,LULA+EB,0.201,positiva,53.5,41.8,45.1
100,ITACOATIARA,"RUA MONSENHOR JOAQUIM PEREIRA, 186",LULA+EB,#27AE60,-3.13574,-58.39446,6,0.137,0.176,0.64,235,64.0,124,33.8,170,49.6,LULA+EB,0.313,positiva,60.8,35.5,48.6
101,ITACOATIARA,"RUA MONSENHOR JOAQUIM PEREIRA, 186",LULA+EB,#27AE60,-3.10586,-58.46023,6,0.087,0.204,0.59,212,59.1,137,38.2,180,52.3,LULA+EB,0.291,positiva,56.1,40.1,51.3
103,ITACOATIARA,"AVENIDA PARQUE, S/N",LULA+EB,#27AE60,-3.13542,-58.4404,6,0.103,0.166,0.61,289,60.6,166,34.8,220,48.6,LULA+EB,0.269,positiva,57.6,36.5,47.6
104,ITACOATIARA,"AVENIDA SETE DE SETEMBRO, 1864",LULA+EB,#27AE60,-3.11511,-58.46472,6,0.071,0.148,0.57,243,57.4,163,38.5,193,46.7,LULA+EB,0.219,positiva,54.6,40.5,45.8
105,ITACOATIARA,"RUA BENJAMIM CONSTANT, 3735",LULA+EB,#27AE60,-3.12012,-58.47744,6,0.133,0.215,0.64,360,63.6,181,32.0,288,53.4,LULA+EB,0.348,positiva,60.4,33.6,52.4
106,ITACOATIARA,"RUA BENJAMIM CONSTANT, 3735",LULA+EB,#27AE60,-3.09179,-58.42245,6,0.159,0.199,0.66,381,66.3,175,30.4,287,51.8,LULA+EB,0.358,positiva,62.9,32.0,50.8
107,ITACOATIARA,"RUA NOSSA SENHORA DO ROSÁRIO, 2822",PURO_SWING,#F4D03F,-3.16026,-58.47594,6,0.038,0.1,0.54,301,54.1,231,41.5,228,41.9,PURO_SWING,0.138,positiva,51.4,43.6,41.1
108,ITACOATIARA,RUA ADAMASTOR DE FIGUEIREDO,LULA+EB,#27AE60,-3.15123,-58.40199,6,0.22,0.241,0.72,390,72.4,139,25.8,294,56.0,LULA+EB,0.461,positiva,68.7,27.1,54.9
109,ITACOATIARA,"RUA ÁLVARO FRANÇA, S/N",PURO_SWING,#F4D03F,-3.11454,-58.38779,6,-0.022,0.145,0.48,288,48.1,283,47.2,268,46.4,PURO_SWING,0.123,estável,45.7,49.6,45.5
110,ITACOATIARA,"RUA BENJAMIM CONSTANT, 3735",LULA+EB,#27AE60,-3.17352,-58.4434,6,0.104,0.178,0.61,317,60.7,184,35.2,249,49.7,LULA+EB,0.282,positiva,57.7,37.0,48.7
111,ITACOATIARA,"COM. MENINO JESUS, NOVO REMANSO",LULA+EB,#27AE60,-3.11124,-58.39392,6,0.073,0.011,0.58,332,57.6,214,37.2,182,33.0,LULA+EB,0.084,positiva,54.8,39.0,32.4
113,ITACOATIARA,"COM. SAGRADO CORAÇÃO, PARANÁ DA EVA",PURO_SWING,#F4D03F,-3.14229,-58.4095,6,0.013,0.137,0.52,288,51.6,259,46.4,245,45.6,PURO_SWING,0.15,positiva,49.0,48.7,44.7
114,ITACOATIARA,"COM. NOSSA SENHORA DO CARMO, PARANÁ DA EVA",LULA+EB,#27AE60,-3.14925,-58.45053,6,0.208,0.207,0.71,195,71.2,62,22.6,141,52.6,LULA+EB,0.415,positiva,67.6,23.8,51.6
115,ITACOATIARA,"AVENIDA MÁRIO ANDREAZZA, S/N",LULA+EB,#27AE60,-3.09246,-58.47145,6,0.136,0.228,0.64,386,63.9,198,32.8,318,54.7,LULA+EB,0.364,positiva,60.7,34.4,53.6
116,ITACOATIARA,"RUA ACÁCIO LEITE, S/N",LULA+EB,#27AE60,-3.1312,-58.43672,6,0.15,0.181,0.65,333,65.3,157,30.8,241,50.0,LULA+EB,0.33,positiva,62.0,32.3,49.0
117,ITACOATIARA,"COM. MONTE CRISTO, RIO ARARI",LULA+EB,#27AE60,-3.13132,-58.43432,6,0.252,0.151,0.75,197,75.5,54,20.7,119,47.0,LULA+EB,0.403,positiva,71.7,21.7,46.1
118,ITACOATIARA,"COMUNIDADE PRIMAVERA, RIO ARARI",LULA+EB,#27AE60,-3.12536,-58.43337,6,0.37,0.188,0.87,235,87.4,21,7.8,131,50.8,LULA+EB,0.559,positiva,83.0,8.2,49.8
119,ITACOATIARA,"RUA ACÁCIO LEITE, S/N",LULA+EB,#27AE60,-3.08859,-58.46334,6,0.123,0.179,0.63,181,62.6,93,32.2,141,49.8,LULA+EB,0.302,positiva,59.5,33.8,48.8
120,ITACOATIARA,"ESTRADA TORQUATO TAPAJOS (AM-010), KM 185",LULA+EB,#27AE60,-3.10711,-58.40862,6,0.081,0.018,0.58,321,58.5,210,38.3,178,33.7,LULA+EB,0.099,positiva,55.5,40.2,33.0
121,ITACOATIARA,"COM. MENINO JESUS, NOVO REMANSO",LULA+EB,#27AE60,-3.13494,-58.438,6,0.08,0.062,0.58,334,58.3,223,38.9,211,38.1,LULA+EB,0.141,positiva,55.4,40.9,37.3
122,ITACOATIARA,"COM. EBENÉZER, LAGO DO STANISLAU, RIO ARARI",LULA+EB,#27AE60,-3.13184,-58.43848,6,0.191,0.176,0.69,227,69.4,92,28.1,157,49.5,LULA+EB,0.367,positiva,65.9,29.5,48.5
123,ITACOATIARA,"COM. NOSSA SENHORA DO ROSÁRIO, LAGO PRETO, RIO ARARI",LULA+EB,#27AE60,-3.14202,-58.39013,6,0.104,0.128,0.61,218,60.7,128,35.7,161,44.7,LULA+EB,0.232,positiva,57.7,37.4,43.8
124,ITACOATIARA,"COM. SÃO RAIMUNDO, RIO ARARI",LULA+EB,#27AE60,-3.11845,-58.48033,6,0.154,0.102,0.66,253,65.7,125,32.5,156,42.2,LULA+EB,0.256,positiva,62.4,34.1,41.3
125,ITACOATIARA,"COM. NOSSA SENHORA DAS GRAÇAS, RIO ARARI",LULA+EB,#27AE60,-3.13151,-58.42045,6,0.277,0.074,0.78,324,78.1,76,18.3,155,39.3,LULA+EB,0.352,positiva,74.2,19.2,38.6
126,ITACOATIARA,"COM. SÃO JOSÉ II, PARANÁ DO CORRENTEZA, RIO URUBU",PURO_SWING,#F4D03F,-3.14484,-58.45282,6,0.049,0.106,0.55,197,55.2,149,41.7,150,42.5,PURO_SWING,0.154,positiva,52.4,43.8,41.6
127,ITACOATIARA,"COM. JERUSALÉM, ILHA DO RISCO",LULA+EB,#27AE60,-3.10667,-58.46536,6,0.262,0.201,0.77,241,76.5,70,22.2,152,52.1,LULA+EB,0.463,positiva,72.7,23.3,51.0
128,ITACOATIARA,"COM. SÃO LÁZARO, ILHA DO BEIJA-FLOR",LULA+EB,#27AE60,-3.13624,-58.45299,6,0.282,0.102,0.79,205,78.5,44,16.9,107,42.1,LULA+EB,0.384,positiva,74.6,17.7,41.3
129,ITACOATIARA,COM. SÃO PEDRO IRACEMA,LULA+EB,#27AE60,-3.13089,-58.44217,6,0.268,0.125,0.77,307,77.1,84,21.1,172,44.4,LULA+EB,0.393,positiva,73.3,22.2,43.6
130,ITACOATIARA,"AVENIDA PARQUE, S/N",PURO_SWING,#F4D03F,-3.16467,-58.45136,6,0.036,0.141,0.54,242,53.9,189,42.1,196,46.0,PURO_SWING,0.177,positiva,51.2,44.2,45.1
132,ITACOATIARA,"AVENIDA SETE DE SETEMBRO, 926",EB_PURO,#8E44AD,-3.18219,-58.44785,6,-0.085,0.086,0.42,154,41.8,203,55.2,143,40.5,EB_PURO,0.001,negativa,39.8,57.9,39.7
133,ITACOATIARA,"COM. MENINO JESUS, NOVO REMANSO",LULA+EB,#27AE60,-3.11383,-58.39001,6,0.064,0.009,0.57,332,56.8,234,40.0,185,32.9,LULA+EB,0.074,positiva,53.9,42.0,32.2
134,ITACOATIARA,"COM. BENJAMIM CONSTANT, COSTA DO AMATARI",LULA+EB,#27AE60,-3.11283,-58.42587,6,0.11,0.019,0.61,217,61.3,125,35.3,110,33.8,LULA+EB,0.129,positiva,58.2,37.1,33.2
135,ITACOATIARA,"RUA NOSSA SENHORA DO ROSÁRIO, 2822",PURO_SWING,#F4D03F,-3.08879,-58.46998,6,0.042,0.159,0.55,305,54.6,236,42.2,257,47.9,PURO_SWING,0.202,positiva,51.8,44.3,46.9
136,ITACOATIARA,RUA ADAMASTOR DE FIGUEIREDO,LULA+EB,#27AE60,-3.15597,-58.45937,6,0.181,0.183,0.68,359,68.4,147,28.0,254,50.2,LULA+EB,0.363,positiva,65.0,29.4,49.2
137,ITACOATIARA,"AVENIDA PARQUE, S/N",PURO_SWING,#F4D03F,-3.10364,-58.39546,6,0.038,0.118,0.54,249,54.1,189,41.1,187,43.7,PURO_SWING,0.156,positiva,51.4,43.1,42.8
138,ITACOATIARA,"AVENIDA MÁRIO ANDREAZZA, S/N",LULA+EB,#27AE60,-3.10499,-58.43685,6,0.111,0.232,0.61,356,61.4,200,34.5,309,55.1,LULA+EB,0.342,positiva,58.3,36.2,54.0
139,ITACOATIARA,"COM. NOSSA SENHORA DE FÁTIMA, RIO ARARI",LULA+EB,#27AE60,-3.15117,-58.43068,6,0.3,0.075,0.8,303,80.4,60,15.9,147,39.4,LULA+EB,0.375,positiva,76.4,16.7,38.6
140,ITACOATIARA,"RUA NOSSA SENHORA DO ROSÁRIO, 2822",LULA+EB,#27AE60,-3.13826,-58.4839,6,0.094,0.144,0.6,328,59.7,197,35.9,246,46.3,LULA+EB,0.238,positiva,56.8,37.7,45.4
141,ITACOATIARA,"AVENIDA MÁRIO ANDREAZZA, S/N",LULA+EB,#27AE60,-3.1731,-58.4563,6,0.158,0.19,0.66,384,66.1,186,32.0,282,50.9,LULA+EB,0.347,positiva,62.8,33.6,49.9
142,ITACOATIARA,RUA ADAMASTOR DE FIGUEIREDO,LULA+EB,#27AE60,-3.14362,-58.44023,6,0.195,0.217,0.7,382,69.8,143,26.1,283,53.6,LULA+EB,0.412,positiva,66.3,27.4,52.5
143,ITACOATIARA,"RUA NOSSA SENHORA DO ROSÁRIO, 3401",LULA+EB,#27AE60,-3.1126,-58.41991,6,0.127,0.194,0.63,371,63.0,198,33.6,291,51.3,LULA+EB,0.321,positiva,59.8,35.3,50.3
144,ITACOATIARA,"AVENIDA SETE DE SETEMBRO, 1864",PURO_SWING,#F4D03F,-3.12441,-58.38348,6,-0.006,0.128,0.5,199,49.8,183,45.8,175,44.8,PURO_SWING,0.123,estável,47.3,48.0,43.9
145,ITACOATIARA,"AVENIDA PARQUE, S/N",LULA+EB,#27AE60,-3.10402,-58.48116,6,0.074,0.137,0.58,280,57.7,191,39.4,212,45.6,LULA+EB,0.211,positiva,54.8,41.4,44.7
146,ITACOATIARA,"AVENIDA MÁRIO ANDREAZZA, S/N",LULA+EB,#27AE60,-3.13244,-58.43601,6,0.092,0.182,0.6,346,59.6,217,37.3,286,50.2,LULA+EB,0.275,positiva,56.6,39.2,49.2
147,ITACOATIARA,"COM. SANTA LUZIA, ILHA DO SORIANO",LULA+EB,#27AE60,-3.12842,-58.42803,6,0.202,0.174,0.7,320,70.5,124,27.3,216,49.3,LULA+EB,0.375,positiva,67.0,28.7,48.3
148,ITACOATIARA,"AVENIDA MÁRIO ANDREAZZA, S/N",LULA+EB,#27AE60,-3.14282,-58.48528,6,0.15,0.223,0.65,305,65.3,154,33.0,244,54.2,LULA+EB,0.373,positiva,62.0,34.6,53.1
149,ITACOATIARA,"RUA CORONEL QUEIRÓZ, 995",LULA+EB,#27AE60,-3.10256,-58.42822,6,0.126,0.176,0.63,386,63.0,210,34.3,293,49.6,LULA+EB,0.303,positiva,59.8,36.0,48.6
150,ITACOATIARA,"RUA ÁLVARO FRANÇA, S/N",PURO_SWING,#F4D03F,-3.08015,-58.41907,6,0.031,0.131,0.53,324,53.4,252,41.5,263,45.0,PURO_SWING,0.162,positiva,50.7,43.6,44.1
151,ITACOATIARA,"AVENIDA PARQUE, S/N",PURO_SWING,#F4D03F,-3.1291,-58.43517,6,0.032,0.11,0.53,245,53.5,197,43.0,191,42.9,PURO_SWING,0.142,positiva,50.8,45.2,42.1
152,ITACOATIARA,"RUA FRANCISCO GLICÉRIO, S/N",LULA+EB,#27AE60,-3.13301,-58.43711,6,0.078,0.183,0.58,258,58.1,168,37.8,215,50.2,LULA+EB,0.261,positiva,55.2,39.7,49.2
153,ITACOATIARA,"AVENIDA MÁRIO ANDREAZZA, S/N",LULA+EB,#27AE60,-3.13571,-58.42141,6,0.193,0.182,0.7,410,69.6,162,27.5,289,50.2,LULA+EB,0.375,positiva,66.1,28.9,49.2
154,ITACOATIARA,"COM. NOVA JERUSALÉM, COSTA DO QUELÉ, S/N",LULA+EB,#27AE60,-3.13251,-58.44101,6,0.254,0.205,0.76,125,75.8,38,23.0,85,52.5,LULA+EB,0.46,positiva,72.0,24.2,51.4
155,ITACOATIARA,"COM. DIVINO SÃO SEBASTIÃO, PARANÁ DE SERPA",LULA+EB,#27AE60,-3.09942,-58.42704,6,0.399,0.527,0.9,287,90.3,22,6.9,264,84.6,LULA+EB,0.926,positiva,85.7,7.3,82.9
156,ITACOATIARA,"COM. SANTO ANTÔNIO DO SANGAUA, RIO URUBU",LULA+EB,#27AE60,-3.10704,-58.38846,6,0.293,0.253,0.8,278,79.7,63,18.1,191,57.2,LULA+EB,0.546,positiva,75.7,19.0,56.0
157,ITACOATIARA,"COM. NOVO SIÃO, RIO URUBU",DIFÍCIL,#E74C3C,-3.11289,-58.42454,6,0.193,-0.059,0.7,238,69.6,102,29.8,86,26.0,DIFÍCIL,0.133,positiva,66.1,31.3,25.5
158,ITACOATIARA,"COM. SANTO ANTÔNIO DO MAQUARÁ, RIO URUBU",LULA+EB,#27AE60,-3.14321,-58.40779,6,0.497,0.463,1.0,76,100.0,0,0.0,61,78.2,LULA+EB,0.96,positiva,95.0,0.0,76.6
159,ITACOATIARA,"COM. SOCIAL SÃO JOSÉ, AM 010, KM 121",LULA+EB,#27AE60,-3.10004,-58.44585,6,0.224,0.05,0.73,354,72.7,121,24.8,171,36.9,LULA+EB,0.274,positiva,69.1,26.1,36.2
160,ITACOATIARA,"RUA ACÁCIO LEITE, S/N",LULA+EB,#27AE60,-3.13565,-58.43535,6,0.197,0.212,0.7,395,70.0,163,28.9,287,53.1,LULA+EB,0.409,positiva,66.5,30.3,52.1
161,ITACOATIARA,"AVENIDA MÁRIO ANDREAZZA, S/N",LULA+EB,#27AE60,-3.08049,-58.42513,6,0.167,0.183,0.67,323,67.0,151,31.3,226,50.2,LULA+EB,0.35,positiva,63.7,32.9,49.2
162,ITACOATIARA,"RUA NOSSA SENHORA DO ROSÁRIO, 2822",LULA+EB,#27AE60,-3.14979,-58.47479,6,0.09,0.159,0.59,321,59.3,199,36.8,250,47.8,LULA+EB,0.249,positiva,56.4,38.6,46.8
163,ITACOATIARA,RUA ADAMASTOR DE FIGUEIREDO,LULA+EB,#27AE60,-3.13272,-58.44364,6,0.127,0.166,0.63,337,63.0,184,34.4,253,48.6,LULA+EB,0.293,positiva,59.8,36.1,47.6
164,ITACOATIARA,"RUA ACÁCIO LEITE, S/N",LULA+EB,#27AE60,-3.1308,-58.43289,6,0.059,0.216,0.56,304,56.2,216,39.9,275,53.5,LULA+EB,0.274,positiva,53.4,41.9,52.4
165,ITACOATIARA,"COM. NOVA ALIANÇA, AM 010, KM 138, IPORÁ",LULA+EB,#27AE60,-3.16635,-58.47226,6,0.226,0.059,0.73,377,72.9,120,23.2,189,37.9,LULA+EB,0.285,positiva,69.3,24.4,37.1
166,ITACOATIARA,"COM. SÃO FRANCISCO, PARANÁ DO JACARÉ",LULA+EB,#27AE60,-3.1243,-58.42004,6,0.149,0.12,0.65,124,65.3,53,27.9,83,43.9,LULA+EB,0.269,positiva,62.0,29.3,43.0
167,ITACOATIARA,COM. SANTO ANTÔNIO DO CANAÇARI,LULA+EB,#27AE60,-3.12243,-58.39504,6,0.322,0.23,0.83,430,82.5,85,16.3,280,54.9,LULA+EB,0.552,positiva,78.4,17.1,53.8
168,ITACOATIARA,"RUA ACÁCIO LEITE, S/N",LULA+EB,#27AE60,-3.13768,-58.42473,6,0.113,0.177,0.62,321,61.6,187,35.9,252,49.6,LULA+EB,0.29,positiva,58.5,37.7,48.6
169,ITACOATIARA,"AVENIDA MÁRIO ANDREAZZA, S/N",LULA+EB,#27AE60,-3.1371,-58.39866,6,0.181,0.178,0.68,301,68.4,130,29.5,213,49.8,LULA+EB,0.359,positiva,65.0,31.0,48.8
170,ITACOATIARA,"COM. MENINO JESUS, NOVO REMANSO",LULA+EB,#27AE60,-3.15561,-58.4675,6,0.064,0.075,0.57,326,56.7,231,40.2,217,39.4,LULA+EB,0.138,positiva,53.9,42.2,38.6
171,ITACOATIARA,RUA ADAMASTOR DE FIGUEIREDO,LULA+EB,#27AE60,-3.13005,-58.43121,6,0.148,0.157,0.65,319,65.1,155,31.6,223,47.6,LULA+EB,0.305,positiva,61.8,33.2,46.7
172,ITACOATIARA,COM. NOSSA SENHORA DO PERPÉTUO SOCORRO,LULA+EB,#27AE60,-3.15224,-58.44088,6,0.341,0.205,0.84,308,84.4,42,11.5,184,52.4,LULA+EB,0.546,positiva,80.2,12.1,51.4
173,ITACOATIARA,"COM. SÃO PEDRO, ESTRADA RONDON II, KM 7",LULA+EB,#27AE60,-3.11953,-58.46176,6,0.356,0.192,0.86,404,86.0,58,12.3,233,51.1,LULA+EB,0.548,positiva,81.7,13.0,50.1
174,ITACOATIARA,"RUA NOSSA SENHORA DO ROSÁRIO, 3401",LULA+EB,#27AE60,-3.13231,-58.45877,6,0.061,0.164,0.56,314,56.4,232,41.7,261,48.3,LULA+EB,0.225,positiva,53.6,43.7,47.4
175,ITACOATIARA,"VILA BATISTA, RIO ARARI",LULA+EB,#27AE60,-3.13221,-58.43523,6,0.163,0.08,0.67,343,66.6,165,32.0,201,40.0,LULA+EB,0.243,positiva,63.3,33.6,39.2
176,ITACOATIARA,"COM. SANTA RITA, ESTRADA DA SUDAM, KM 11",LULA+EB,#27AE60,-3.10952,-58.38674,6,0.286,0.399,0.79,325,78.9,75,18.2,288,71.8,LULA+EB,0.685,positiva,74.9,19.1,70.4
177,ITACOATIARA,"COM. MENINO JESUS, NOVO REMANSO",LULA+EB,#27AE60,-3.10361,-58.4236,6,0.112,0.054,0.62,333,61.6,187,34.6,197,37.3,LULA+EB,0.166,positiva,58.5,36.3,36.6
178,ITACOATIARA,"RUA ÁLVARO FRANÇA, S/N",EB_PURO,#8E44AD,-3.12676,-58.43949,6,-0.064,0.108,0.44,251,44.0,300,52.5,235,42.7,EB_PURO,0.044,negativa,41.8,55.2,41.9
179,ITACOATIARA,"RUA ACÁCIO LEITE, S/N",LULA+EB,#27AE60,-3.15683,-58.4666,6,0.102,0.224,0.61,314,60.5,183,35.3,271,54.3,LULA+EB,0.326,positiva,57.5,37.0,53.2
180,ITACOATIARA,"COM. SAGRADO CORAÇÃO, PARANÁ DA EVA",PURO_SWING,#F4D03F,-3.1096,-58.38637,6,-0.008,0.09,0.5,252,49.5,245,48.1,200,40.9,PURO_SWING,0.082,estável,47.0,50.5,40.1
181,ITACOATIARA,"AVENIDA MÁRIO ANDREAZZA, S/N",LULA+EB,#27AE60,-3.17398,-58.45832,6,0.161,0.169,0.66,289,66.4,127,29.2,205,48.8,LULA+EB,0.33,positiva,63.1,30.7,47.8
182,ITACOATIARA,"AVENIDA MÁRIO ANDREAZZA, S/N",LULA+EB,#27AE60,-3.08933,-58.44475,6,0.109,0.207,0.61,340,61.3,198,35.7,279,52.6,LULA+EB,0.317,positiva,58.2,37.5,51.6
183,ITACOATIARA,"COM. MENINO JESUS, NOVO REMANSO",LULA+EB,#27AE60,-3.10916,-58.38749,6,0.09,0.065,0.59,326,59.3,204,37.1,203,38.4,LULA+EB,0.155,positiva,56.3,38.9,37.7
185,ITACOATIARA,"ESTRADA TORQUATO TAPAJOS (AM-010), KM 185",LULA+EB,#27AE60,-3.13572,-58.39574,6,0.121,0.059,0.62,284,62.4,163,35.8,166,37.8,LULA+EB,0.18,positiva,59.3,37.6,37.1
186,ITACOATIARA,"RUA 26, S/N",LULA+EB,#27AE60,-3.13653,-58.43307,6,0.096,0.144,0.6,303,59.9,194,38.3,225,46.3,LULA+EB,0.239,positiva,56.9,40.3,45.4
187,ITACOATIARA,"RUA ACÁCIO LEITE, S/N",LULA+EB,#27AE60,-3.1339,-58.43047,6,0.053,0.16,0.56,267,55.6,197,41.0,222,47.9,LULA+EB,0.213,positiva,52.8,43.1,47.0
188,ITACOATIARA,"COM. SAGRADO CORAÇÃO, PARANÁ DA EVA",LULA+EB,#27AE60,-3.1465,-58.45901,6,0.138,0.209,0,166,64.1,88,34.0,132,52.8,LULA+EB,0.346,positiva,60.9,35.7,51.7
189,ITACOATIARA,"COM. SÃO JOÃO, LAGO DO ARAÇÁ, RIO ARARI",LULA+EB,#27AE60,-3.14434,-58.44028,6,0.368,0.339,0.87,265,87.2,33,10.9,195,65.9,LULA+EB,0.708,positiva,82.8,11.4,64.6
191,ITACOATIARA,"RUA ÁLVARO FRANÇA, S/N",PURO_SWING,#F4D03F,-3.12967,-58.44467,6,-0.0,0.136,0.5,274,50.3,250,45.9,244,45.5,PURO_SWING,0.135,estável,47.8,48.2,44.6
193,ITACOATIARA,"AVENIDA MÁRIO ANDREAZZA, S/N",LULA+EB,#27AE60,-3.11278,-58.44298,6,0.153,0.207,0.66,300,65.6,149,32.6,228,52.7,LULA+EB,0.361,positiva,62.4,34.2,51.6
194,ITACOATIARA,"AVENIDA MÁRIO ANDREAZZA, S/N",PURO_SWING,#F4D03F,-3.12596,-58.42934,6,0.035,0.15,0.54,286,53.9,230,43.3,238,46.9,PURO_SWING,0.186,positiva,51.2,45.5,46.0
195,ITACOATIARA,"COM. MENINO JESUS, NOVO REMANSO",LULA+EB,#27AE60,-3.13068,-58.42544,6,0.074,0.049,0.58,321,57.7,215,38.7,193,36.8,LULA+EB,0.123,positiva,54.8,40.6,36.1
196,ITACOATIARA,"AVENIDA MÁRIO ANDREAZZA, S/N",LULA+EB,#27AE60,-3.12309,-58.44955,6,0.185,0.252,0.69,316,68.8,127,27.7,252,57.1,LULA+EB,0.437,positiva,65.4,29.1,56.0
197,ITACOATIARA,"AVENIDA MÁRIO ANDREAZZA, S/N",LULA+EB,#27AE60,-3.13831,-58.4136,6,0.175,0.191,0.68,367,67.8,163,30.1,267,51.1,LULA+EB,0.366,positiva,64.4,31.6,50.0
198,ITACOATIARA,"RUA 26, S/N",LULA+EB,#27AE60,-3.11979,-58.47208,6,0.077,0.179,0.58,300,58.0,201,38.9,245,49.8,LULA+EB,0.256,positiva,55.1,40.8,48.8
199,ITACOATIARA,"RUA ACÁCIO LEITE, S/N",LULA+EB,#27AE60,-3.13025,-58.43595,6,0.114,0.18,0.62,313,61.7,180,35.5,246,49.9,LULA+EB,0.294,positiva,58.6,37.3,48.9
200,ITACOATIARA,"AVENIDA MÁRIO ANDREAZZA, S/N",LULA+EB,#27AE60,-3.11372,-58.45122,6,0.092,0.252,0.6,340,59.5,214,37.5,314,57.1,LULA+EB,0.344,positiva,56.6,39.4,55.9
201,ITACOATIARA,COM. SÃO RAIMUNDO DA ILHA GRANDE DO SORIANO,LULA+EB,#27AE60,-3.15239,-58.42153,6,0.097,0.189,0.6,111,60.0,72,38.9,90,50.8,LULA+EB,0.286,positiva,57.0,40.9,49.8
204,ITACOATIARA,"AVENIDA MÁRIO ANDREAZZA, S/N",LULA+EB,#27AE60,-3.13609,-58.48506,6,0.15,0.266,0.65,283,65.4,133,30.7,244,58.5,LULA+EB,0.416,positiva,62.1,32.3,57.3
205,ITACOATIARA,"COM. MENINO JESUS, NOVO REMANSO",LULA+EB,#27AE60,-3.1607,-58.43712,6,0.078,0.055,0.58,331,58.2,224,39.4,202,37.4,LULA+EB,0.133,positiva,55.3,41.3,36.7
206,ITACOATIARA,"AVENIDA MÁRIO ANDREAZZA, S/N",PURO_SWING,#F4D03F,-3.09065,-58.4259,6,0.021,0.191,0.52,285,52.4,236,43.4,265,51.1,PURO_SWING,0.212,positiva,49.8,45.6,50.0
207,ITACOATIARA,"RUA NOSSA SENHORA DO ROSÁRIO, 3401",LULA+EB,#27AE60,-3.13419,-58.42372,6,0.058,0.128,0.56,311,56.1,222,40.1,239,44.8,LULA+EB,0.186,positiva,53.3,42.1,43.9
208,ITACOATIARA,"AVENIDA PARQUE, S/N",LULA+EB,#27AE60,-3.14446,-58.43813,6,0.086,0.118,0.59,267,58.9,167,36.9,197,43.8,LULA+EB,0.205,positiva,56.0,38.7,42.9
209,ITACOATIARA,"RUA ÁLVARO FRANÇA, S/N",PURO_SWING,#F4D03F,-3.10608,-58.47601,6,0.027,0.159,0.53,292,53.0,225,40.8,256,47.9,PURO_SWING,0.186,positiva,50.3,42.9,46.9
210,ITACOATIARA,"AVENIDA PARQUE, 1452",LULA+EB,#27AE60,-3.13162,-58.43589,6,0.051,0.106,0.55,220,55.4,157,39.5,157,42.5,LULA+EB,0.157,positiva,52.6,41.5,41.7
211,ITACOATIARA,"COM. SAGRADO CORAÇÃO, PARANÁ DA EVA",EB_PURO,#8E44AD,-3.14444,-58.42353,6,-0.035,0.08,0.47,199,46.8,208,48.9,165,40.0,EB_PURO,0.045,estável,44.5,51.4,39.2
212,ITACOATIARA,"COM. DE SÃO JOÃO BATISTA, IGARAPÉ DA CHOCOLATEIRA",LULA+EB,#27AE60,-3.12882,-58.43514,6,0.428,0.262,0.93,202,93.1,13,6.0,121,58.2,LULA+EB,0.69,positiva,88.4,6.3,57.0
213,ITACOATIARA,"AVENIDA MÁRIO ANDREAZZA, S/N",LULA+EB,#27AE60,-3.12435,-58.42778,6,0.163,0.229,0.67,292,66.7,132,30.1,232,54.8,LULA+EB,0.393,positiva,63.3,31.6,53.7
214,ITACOATIARA,"RUA 26, S/N",LULA+EB,#27AE60,-3.14862,-58.44914,6,0.127,0.196,0.63,332,63.0,180,34.2,261,51.5,LULA+EB,0.322,positiva,59.8,35.9,50.4
215,ITACOATIARA,"AVENIDA MÁRIO ANDREAZZA, S/N",LULA+EB,#27AE60,-3.13064,-58.43425,6,0.206,0.191,0.71,324,70.9,122,26.7,226,51.0,LULA+EB,0.397,positiva,67.4,28.0,50.0
216,ITACOATIARA,"ESTRADA TORQUATO TAPAJOS (AM-010), KM 185",LULA+EB,#27AE60,-3.12067,-58.4355,6,0.115,0.05,0.62,279,61.9,153,33.9,154,36.9,LULA+EB,0.165,positiva,58.8,35.6,36.2
217,ITACOATIARA,"AVENIDA MÁRIO ANDREAZZA, S/N",LULA+EB,#27AE60,-3.1291,-58.44417,6,0.119,0.235,0.62,334,62.2,193,35.9,286,55.4,LULA+EB,0.354,positiva,59.1,37.7,54.3
218,ITACOATIARA,"RUA BENJAMIM CONSTANT, 3735",LULA+EB,#27AE60,-3.1446,-58.41125,6,0.069,0.135,0.57,293,57.2,204,39.8,223,45.4,LULA+EB,0.204,positiva,54.4,41.8,44.5
219,ITACOATIARA,"COM. SOCIAL SÃO JOSÉ, AM 010, KM 121",LULA+EB,#27AE60,-3.08624,-58.46332,6,0.197,0.101,0.7,306,70.0,122,27.9,177,42.0,LULA+EB,0.298,positiva,66.5,29.3,41.2
220,ITACOATIARA,"COM. SANTO ANTÔNIO DO SANGAUA, RIO URUBU",LULA+EB,#27AE60,-3.15886,-58.44706,6,0.22,0.105,0.72,241,72.4,76,22.8,134,42.4,LULA+EB,0.325,positiva,68.8,24.0,41.6
221,ITACOATIARA,"AVENIDA MÁRIO ANDREAZZA, S/N",LULA+EB,#27AE60,-3.14214,-58.43218,6,0.189,0.204,0.69,304,69.2,122,27.8,222,52.4,LULA+EB,0.394,positiva,65.8,29.2,51.3
222,ITACOATIARA,"AVENIDA MÁRIO ANDREAZZA, S/N",LULA+EB,#27AE60,-3.14027,-58.45382,6,0.192,0.217,0.69,378,69.5,155,28.5,279,53.7,LULA+EB,0.409,positiva,66.0,29.9,52.6
223,ITACOATIARA,"COM. MENINO JESUS, NOVO REMANSO",PURO_SWING,#F4D03F,-3.13305,-58.44364,6,0.03,0.039,0.53,285,53.4,234,43.8,178,35.8,PURO_SWING,0.069,positiva,50.7,46.0,35.1
224,ITACOATIARA,"RUA VEREADOR ADOLFO OLIMPIO, N 3636",PURO_SWING,#F4D03F,-3.11994,-58.43504,6,0.049,0.171,0.55,270,55.2,192,39.3,233,49.1,PURO_SWING,0.22,positiva,52.5,41.2,48.1
225,ITACOATIARA,"RUA 26, S/N",LULA+EB,#27AE60,-3.11541,-58.40727,6,0.121,0.229,0.62,309,62.4,171,34.5,263,54.8,LULA+EB,0.35,positiva,59.3,36.3,53.7
226,ITACOATIARA,"COM. SÃO PEDRO, ESTRADA RONDON II, KM 7",LULA+EB,#27AE60,-3.09278,-58.47159,6,0.319,0.171,0.82,292,82.3,55,15.5,169,49.0,LULA+EB,0.49,positiva,78.1,16.3,48.0
227,ITACOATIARA,"COM. SÃO JOSÉ, COLÔNIA DO PIQUIÁ",LULA+EB,#27AE60,-3.16365,-58.42602,6,0.213,0.15,0.72,215,71.7,72,24.0,137,46.9,LULA+EB,0.363,positiva,68.1,25.2,46.0
228,ITACOATIARA,"RUA PURUS, N 4540",LULA+EB,#27AE60,-3.16098,-58.47344,6,0.226,0.229,0.73,272,72.9,92,24.7,198,54.8,LULA+EB,0.455,positiva,69.3,25.9,53.8
229,ITACOATIARA,"RUA VEREADOR ADOLFO OLIMPIO, N 3636",LULA+EB,#27AE60,-3.12891,-58.43297,6,0.089,0.214,0.59,291,59.3,180,36.7,249,53.3,LULA+EB,0.303,positiva,56.3,38.5,52.3
230,ITACOATIARA,"AVENIDA MÁRIO ANDREAZZA, S/N",LULA+EB,#27AE60,-3.14219,-58.44066,6,0.112,0.227,0.62,261,61.6,150,35.4,217,54.7,LULA+EB,0.34,positiva,58.5,37.1,53.6
231,ITACOATIARA,COM. SÃO PEDRO IRACEMA,LULA+EB,#27AE60,-3.1277,-58.47637,6,0.167,0.086,0,203,67.0,95,31.4,117,40.5,LULA+EB,0.252,positiva,63.6,32.9,39.7
275,ITACOATIARA,"RUA VEREADOR ADOLFO OLIMPIO, N 3636",LULA+EB,#27AE60,-3.17047,-58.46496,6,0.131,0.224,0.63,321,63.4,161,31.8,264,54.3,LULA+EB,0.355,positiva,60.3,33.4,53.2
276,ITACOATIARA,"RUA ÁLVARO FRANÇA, S/N",PURO_SWING,#F4D03F,-3.14405,-58.45268,6,0.045,0.126,0.55,305,54.9,227,40.8,235,44.5,PURO_SWING,0.171,positiva,52.1,42.9,43.6
277,ITACOATIARA,"COM. SAGRADO CORAÇÃO, PARANÁ DA EVA",PURO_SWING,#F4D03F,-3.13846,-58.45128,6,0.043,0.154,0.55,255,54.6,205,43.9,213,47.3,PURO_SWING,0.197,positiva,51.9,46.1,46.4
278,ITACOATIARA,"AVENIDA PARQUE, S/N",LULA+EB,#27AE60,-3.09871,-58.43688,6,0.099,0.169,0.6,283,60.2,174,37.0,224,48.8,LULA+EB,0.268,positiva,57.2,38.9,47.8
279,ITACOATIARA,"RUA PURUS, N 4540",LULA+EB,#27AE60,-3.1256,-58.44542,6,0.139,0.178,0,250,64.3,131,33.7,185,49.7,LULA+EB,0.317,positiva,61.1,35.4,48.7
280,ITACOATIARA,"RUA JARI, S/N, RESIDENCIAL PORANGA",LULA+EB,#27AE60,-3.14744,-58.46223,6,0.214,0.195,0,414,71.8,146,25.3,290,51.4,LULA+EB,0.409,positiva,68.2,26.6,50.4
281,ITACOATIARA,"COM. BACABAL, RIO ARARI",LULA+EB,#27AE60,-3.12957,-58.4467,6,0.297,0.066,0,112,80.0,25,17.9,54,38.6,LULA+EB,0.363,positiva,76.0,18.8,37.8
282,ITACOATIARA,"RUA VEREADOR ADOLFO OLIMPIO, N 3636",LULA+EB,#27AE60,-3.10845,-58.42244,6,0.14,0.223,0,351,64.3,178,32.6,288,54.2,LULA+EB,0.363,positiva,61.1,34.2,53.2
283,ITACOATIARA,"AVENIDA MÁRIO ANDREAZZA, S/N",LULA+EB,#27AE60,-3.12122,-58.46789,6,0.167,0.218,0,272,67.0,126,31.0,207,53.8,LULA+EB,0.385,positiva,63.6,32.6,52.7
284,ITACOATIARA,"COM. IRMÃOS UNIDOS, MUIRAPUCIZINHO, AM 010, KM 214, RIO URUBU",LULA+EB,#27AE60,-3.16316,-58.43837,6,0.228,0.148,0,174,73.1,59,24.8,106,46.7,LULA+EB,0.376,positiva,69.5,26.0,45.8
286,ITACOATIARA,"ESTRADA TORQUATO TAPAJOS (AM-010), KM 185",LULA+EB,#27AE60,-3.09471,-58.41276,6,0.168,0.011,0,272,67.2,127,31.4,130,33.0,LULA+EB,0.179,positiva,63.8,32.9,32.3
287,ITACOATIARA,"COM. MENINO JESUS, NOVO REMANSO",LULA+EB,#27AE60,-3.13426,-58.38314,6,0.035,0.046,0,322,53.8,256,42.8,207,36.6,LULA+EB,0.082,positiva,51.2,44.9,35.8
288,ITACOATIARA,"RUA 26, S/N",LULA+EB,#27AE60,-3.11215,-58.4525,6,0.19,0.193,0,379,69.3,151,27.6,268,51.2,LULA+EB,0.383,positiva,65.8,29.0,50.2
289,ITACOATIARA,"RUA PURUS, N 4540",LULA+EB,#27AE60,-3.13544,-58.4431,6,0.148,0.146,0,321,65.1,159,32.3,220,46.5,LULA+EB,0.294,positiva,61.9,33.9,45.6
290,ITACOATIARA,AVENIDA JOSÉ TADROS,LULA+EB,#27AE60,-3.13149,-58.43344,6,0.14,0.184,0,220,64.3,116,33.9,169,50.3,LULA+EB,0.324,positiva,61.1,35.6,49.3
291,ITACOATIARA,"COM. SÃO JOSÉ DAS PEDRAS, RIO URUBU",PURO_SWING,#F4D03F,-3.1289,-58.40284,6,0.012,0.019,0,132,51.6,119,46.5,84,33.9,PURO_SWING,0.032,positiva,49.0,48.8,33.2
292,ITACOATIARA,AVENIDA JOSÉ TADROS,LULA+EB,#27AE60,-3.13558,-58.44131,6,0.075,0.157,0,189,57.8,119,36.4,149,47.6,LULA+EB,0.232,positiva,54.9,38.2,46.7
293,ITACOATIARA,"RUA ÁLVARO FRANÇA, S/N",LULA+EB,#27AE60,-3.116,-58.44234,6,-0.009,0.178,0,93,49.5,81,43.1,94,49.7,LULA+EB,0.17,positiva,47.0,45.2,48.7
294,ITACOATIARA,AVENIDA JOSÉ TADROS,LULA+EB,#27AE60,-3.13014,-58.43618,6,0.12,0.256,0,119,62.3,66,34.6,107,57.5,LULA+EB,0.376,positiva,59.2,36.3,56.4
296,ITACOATIARA,"COM. MENINO JESUS, NOVO REMANSO",PURO_SWING,#F4D03F,-3.15415,-58.45534,6,0.035,0.001,0,84,53.8,70,44.9,48,32.0,PURO_SWING,0.036,positiva,51.2,47.1,31.4
1,ITAMARATI,"RUA VITORIA REGIA, 130",LULA+EB,#27AE60,-4.27104,-68.55861,6,0.246,0.34,0.75,325,74.9,96,22.1,282,65.9,LULA+EB,0.585,positiva,71.1,23.2,64.6
2,ITAMARATI,"RUA VITORIA REGIA, 130",LULA+EB,#27AE60,-4.22873,-68.54459,6,0.19,0.406,0.69,314,69.3,134,29.6,317,72.5,LULA+EB,0.596,positiva,65.8,31.1,71.1
3,ITAMARATI,"RUA VITORIA REGIA, 130",LULA+EB,#27AE60,-4.30377,-68.5579,6,0.24,0.396,0.74,319,74.4,99,23.1,299,71.5,LULA+EB,0.636,positiva,70.6,24.2,70.1
4,ITAMARATI,"RUA VITORIA REGIA, 130",LULA+EB,#27AE60,-4.25413,-68.53819,6,0.172,0.434,0.68,308,67.5,135,29.6,335,75.3,LULA+EB,0.606,positiva,64.2,31.1,73.8
5,ITAMARATI,"RUA FRANCISCO PEREIRA DA SILVA, S/N, PRÉDIO, SÃO PEDRO",LULA+EB,#27AE60,-4.27202,-68.53406,6,0.168,0.401,0.67,208,67.1,97,31.3,216,72.0,LULA+EB,0.568,positiva,63.7,32.9,70.6
6,ITAMARATI,"RUA PADRE GODOFREDO, 258",LULA+EB,#27AE60,-4.27269,-68.54481,6,0.219,0.394,0.72,403,72.2,146,26.2,386,71.3,LULA+EB,0.613,positiva,68.6,27.5,69.9
7,ITAMARATI,"RUA PADRE GODOFREDO, 258",LULA+EB,#27AE60,-4.26177,-68.51108,6,0.24,0.414,0.74,416,74.3,129,23.0,409,73.3,LULA+EB,0.653,positiva,70.6,24.2,71.8
8,ITAMARATI,"RUA PADRE GODOFREDO, 258",LULA+EB,#27AE60,-4.27417,-68.53796,6,0.187,0.37,0.69,343,69.0,138,27.8,341,68.9,LULA+EB,0.557,positiva,65.6,29.2,67.5
9,ITAMARATI,"RUA PADRE GODOFREDO, 258",LULA+EB,#27AE60,-4.25372,-68.53812,6,0.212,0.388,0.72,354,71.5,128,25.9,333,70.7,LULA+EB,0.6,positiva,67.9,27.2,69.3
10,ITAMARATI,"RUA FRANCISCO PEREIRA DA SILVA, S/N, PRÉDIO, SÃO PEDRO",LULA+EB,#27AE60,-4.30684,-68.55518,6,0.212,0.4,0.72,231,71.5,80,24.8,226,72.0,LULA+EB,0.612,positiva,67.9,26.0,70.5
11,ITAMARATI,"RUA TUPA SUPE, S/N, PRÉDIO",LULA+EB,#27AE60,-4.28005,-68.54183,6,0.275,0.405,0.78,343,77.8,90,20.4,313,72.5,LULA+EB,0.68,positiva,73.9,21.4,71.0
12,ITAMARATI,"RUA TUPA SUPE, S/N, PRÉDIO",LULA+EB,#27AE60,-4.27761,-68.53862,6,0.242,0.381,0.75,336,74.5,100,22.2,311,70.0,LULA+EB,0.623,positiva,70.8,23.3,68.6
13,ITAMARATI,"RUA FRANCISCO PEREIRA DA SILVA, S/N, PRÉDIO, SÃO PEDRO",LULA+EB,#27AE60,-4.31286,-68.52056,6,0.288,0.357,0.79,292,79.1,67,18.2,242,67.6,LULA+EB,0.645,positiva,75.2,19.1,66.2
14,ITAMARATI,"RUA OZÓRIO CAVALCANTE, S/N",LULA+EB,#27AE60,-4.29876,-68.53415,6,0.197,0.435,0.7,327,70.0,130,27.8,341,75.4,LULA+EB,0.632,positiva,66.5,29.2,73.9
15,ITAMARATI,"RUA TUPA SUPE, S/N, PRÉDIO",LULA+EB,#27AE60,-4.26711,-68.52357,6,0.24,0.409,0.74,321,74.3,102,23.6,306,72.9,LULA+EB,0.649,positiva,70.6,24.8,71.4
16,ITAMARATI,"ALDEIA MORADA NOVA, RIO XERUÃ, MARGEM ESQUERDA",LULA+EB,#27AE60,-4.30804,-68.56508,6,0.457,0.607,0.96,773,96.0,12,1.5,692,92.6,LULA+EB,1.064,positiva,91.2,1.6,90.8
18,ITAMARATI,"COM. PETRÓPOLIS (ARACU), ALTO RIO JURUÁ",LULA+EB,#27AE60,-4.28405,-68.54532,6,0.388,0.549,0.89,90,89.1,8,7.9,86,86.9,LULA+EB,0.937,positiva,84.7,8.3,85.1
19,ITAMARATI,"COM. DONA NENEM, IGARAPÉ CANAMÃ 1, RIO JURUÁ",LULA+EB,#27AE60,-4.2675,-68.57152,6,0.308,0.405,0.81,301,81.1,64,17.3,252,72.4,LULA+EB,0.713,positiva,77.1,18.1,71.0
21,ITAMARATI,"RUA OZÓRIO CAVALCANTE, S/N",LULA+EB,#27AE60,-4.31504,-68.55976,6,0.21,0.411,0.71,318,71.3,120,26.9,317,73.0,LULA+EB,0.621,positiva,67.7,28.3,71.6
24,ITAMARATI,"RUA GRANDE CIRCULAR, S/N",LULA+EB,#27AE60,-4.23368,-68.53318,6,0.249,0.45,0.75,373,75.2,116,23.4,373,76.9,LULA+EB,0.699,positiva,71.4,24.6,75.4
25,ITAMARATI,"RUA GRANDE CIRCULAR, S/N",LULA+EB,#27AE60,-4.32364,-68.52817,6,0.281,0.397,0,331,78.4,82,19.4,291,71.7,LULA+EB,0.679,positiva,74.5,20.4,70.2
28,ITAMARATI,"RUA VITORIA REGIA, 130",LULA+EB,#27AE60,-4.28912,-68.5602,6,0.112,0.38,0,261,61.6,157,37.0,290,69.9,LULA+EB,0.492,positiva,58.5,38.9,68.5
1,ITAPIRANGA,"RUA ANTONIO DE ALMEIDA SANTOS, N. 243, CENTRO",PURO_SWING,#F4D03F,-5.1391,-69.94959,6,0.046,0.197,0.55,308,54.9,232,41.4,283,51.6,PURO_SWING,0.243,positiva,52.2,43.4,50.6
2,ITAPIRANGA,"RUA ANTONIO DE ALMEIDA SANTOS, N. 243, CENTRO",PURO_SWING,#F4D03F,-5.13116,-69.88961,6,0.001,0.135,0.5,275,50.5,252,46.2,240,45.5,PURO_SWING,0.137,estável,47.9,48.6,44.5
3,ITAPIRANGA,"RUA ANTONIO DE ALMEIDA SANTOS, N. 243, CENTRO",LULA+EB,#27AE60,-5.15056,-69.91344,6,0.058,0.208,0.56,327,56.1,255,43.7,297,52.8,LULA+EB,0.266,positiva,53.3,45.9,51.7
4,ITAPIRANGA,"RUA ANTONIO DE ALMEIDA SANTOS, N. 243, CENTRO",PURO_SWING,#F4D03F,-5.12379,-69.90708,6,0.016,0.207,0.52,289,51.9,255,45.8,280,52.6,PURO_SWING,0.223,positiva,49.3,48.1,51.6
5,ITAPIRANGA,"AVENIDA ADEMAR GRANA VIANA, S/N, BAIRRO JARDIM PRIMAVERA",LULA+EB,#27AE60,-5.12163,-69.95473,6,0.122,0.176,0.62,325,62.5,190,36.5,247,49.5,LULA+EB,0.297,positiva,59.4,38.4,48.5
6,ITAPIRANGA,"RUA CARLOS AMORIM, N 275, CENTRO",LULA+EB,#27AE60,-5.11968,-69.89781,6,0.1,0.18,0.6,303,60.4,187,37.3,243,49.9,LULA+EB,0.28,positiva,57.3,39.1,48.9
7,ITAPIRANGA,"COMUNIDADE SAO JOSE DA ENSEADA, ESTRADA DA ENSEADA, KM 6",LULA+EB,#27AE60,-5.14701,-69.92281,6,0.307,0.329,0.81,477,81.0,106,18.0,371,64.9,LULA+EB,0.636,positiva,76.9,18.9,63.6
8,ITAPIRANGA,"NOSSA SENHORA DO ROSARIO ILHA DO MADRUBA, LAGO DO MADRUBAR, DIREITA",LULA+EB,#27AE60,-5.15842,-69.94179,6,0.354,0.054,0.86,307,85.8,50,14.0,128,37.3,LULA+EB,0.408,positiva,81.5,14.7,36.6
9,ITAPIRANGA,"SAO FRANCISCO DAS CHAGAS DO CARIBI - RDS UATUMA, RIO UATUMÃ, DIREITA.",LULA+EB,#27AE60,-5.1509,-69.92116,6,0.108,0.376,0.61,99,61.1,59,36.4,107,69.5,LULA+EB,0.483,positiva,58.1,38.2,68.1
21,ITAPIRANGA,"RUA CARLOS AMORIM, N 275, CENTRO",PURO_SWING,#F4D03F,-5.12545,-69.90005,6,0.03,0.197,0.53,270,53.4,223,44.1,248,51.7,PURO_SWING,0.228,positiva,50.7,46.3,50.6
22,ITAPIRANGA,"RUA CARLOS AMORIM, N 275, CENTRO",LULA+EB,#27AE60,-5.14384,-69.9184,6,0.136,0.27,0.64,337,63.9,180,34.2,297,58.9,LULA+EB,0.406,positiva,60.7,35.9,57.8
23,ITAPIRANGA,"AVENIDA ADEMAR GRANA VIANA, S/N, BAIRRO JARDIM PRIMAVERA",PURO_SWING,#F4D03F,-5.17906,-69.8863,6,0.021,0.128,0.52,284,52.4,245,45.2,229,44.7,PURO_SWING,0.149,positiva,49.8,47.5,43.8
24,ITAPIRANGA,"RUA CARLOS AMORIM, N 275, CENTRO",LULA+EB,#27AE60,-5.12676,-69.9634,6,0.072,0.2,0.58,287,57.5,198,39.7,252,52.0,LULA+EB,0.272,positiva,54.6,41.7,50.9
25,ITAPIRANGA,"AVENIDA ADEMAR GRANA VIANA, S/N, BAIRRO JARDIM PRIMAVERA",EB_PURO,#8E44AD,-5.11025,-69.94868,6,-0.02,0.162,0.48,253,48.3,260,49.6,241,48.1,EB_PURO,0.141,estável,45.9,52.1,47.1
26,ITAPIRANGA,"AVENIDA ADEMAR GRANA VIANA, S/N, BAIRRO JARDIM PRIMAVERA",LULA+EB,#27AE60,-5.1203,-69.88901,6,0.132,0.162,0.63,327,63.5,180,35.0,237,48.2,LULA+EB,0.294,positiva,60.3,36.7,47.2
27,ITAPIRANGA,"RUA PAPA JOÃO PAULO II, S/N, BAIRRO GILBERTO MESTRINHO",EB_PURO,#8E44AD,-5.17308,-69.93036,6,-0.019,0.135,0.48,360,48.4,376,50.5,325,45.4,EB_PURO,0.115,estável,46.0,53.1,44.5
29,ITAPIRANGA,"RUA PAPA JOÃO PAULO II, S/N, BAIRRO GILBERTO MESTRINHO",PURO_SWING,#F4D03F,-5.10989,-69.92392,6,-0.003,0.215,0.5,197,50.0,185,47.0,205,53.4,PURO_SWING,0.211,estável,47.5,49.3,52.3
30,ITAPIRANGA,"AVENIDA ADEMAR GRANA VIANA, S/N, BAIRRO JARDIM PRIMAVERA",LULA+EB,#27AE60,-5.15191,-69.91031,6,0.074,0.138,0.58,273,57.7,193,40.8,207,45.7,LULA+EB,0.212,positiva,54.8,42.8,44.8
31,ITAPIRANGA,"RUA PAPA JOÃO PAULO II, S/N, BAIRRO GILBERTO MESTRINHO",PURO_SWING,#F4D03F,-5.16005,-69.96431,6,0.02,0.144,0.52,377,52.4,326,45.3,331,46.3,PURO_SWING,0.164,positiva,49.7,47.5,45.4
32,ITAPIRANGA,"RUA CARLOS AMORIM, N 275, CENTRO",LULA+EB,#27AE60,-5.12572,-69.90569,6,0.112,0.227,0.61,289,61.5,175,37.2,249,54.6,LULA+EB,0.338,positiva,58.4,39.1,53.5
34,ITAPIRANGA,"RUA ANTONIO DE ALMEIDA SANTOS, N. 243, CENTRO",LULA+EB,#27AE60,-5.14994,-69.89421,6,0.075,0.206,0.58,324,57.9,225,40.2,286,52.6,LULA+EB,0.282,positiva,55.0,42.2,51.5
35,ITAPIRANGA,"AVENIDA ADEMAR GRANA VIANA, S/N, BAIRRO JARDIM PRIMAVERA",LULA+EB,#27AE60,-5.14887,-69.92824,6,0.082,0.168,0.58,307,58.5,209,39.8,249,48.7,LULA+EB,0.25,positiva,55.6,41.8,47.8
60,ITAPIRANGA,"RUA ANTONIO DE ALMEIDA SANTOS, N. 243, CENTRO",LULA+EB,#27AE60,-5.15428,-69.89432,6,0.048,0.2,0,281,55.1,222,43.5,256,51.9,LULA+EB,0.248,positiva,52.3,45.7,50.9
62,ITAPIRANGA,"ESTRADA DA ENSEADA, KM 0",LULA+EB,#27AE60,-5.12709,-69.87477,6,0.073,0.181,0,121,57.6,88,41.9,103,50.0,LULA+EB,0.254,positiva,54.7,44.0,49.0
64,ITAPIRANGA,"COMUNIDADE RURAL JACAREQUARA, RIO URUBU, ESQUERDA",LULA+EB,#27AE60,-5.15888,-69.90912,6,0.443,0.14,0,141,94.6,8,5.4,67,45.9,LULA+EB,0.583,positiva,89.9,5.6,45.0
66,ITAPIRANGA,COMUNIDADE RURAL SÃO BENEDITO,LULA+EB,#27AE60,-5.13883,-69.92076,6,0.215,0.036,0,79,71.8,28,25.5,37,35.6,LULA+EB,0.251,positiva,68.2,26.7,34.9
1,JAPURÁ,"RUA RAIMUNDO CRUZ, S/N, CENTRO",DIFÍCIL,#E74C3C,-1.31444,-66.2356,6,0.078,-0.123,0,279,58.1,167,34.8,91,19.6,DIFÍCIL,-0.045,positiva,55.2,36.5,19.2
2,JAPURÁ,"COM. VILA BITENCOURT, MARGEM DIREITA DO RIO JAPURA, ZONA RURAL",DIFÍCIL,#E74C3C,-1.36754,-66.2003,6,0.028,-0.127,0,94,53.1,76,42.9,32,19.3,DIFÍCIL,-0.099,positiva,50.5,45.1,18.9
3,JAPURÁ,"RUA RAIMUNDO CRUZ, S/N, CENTRO",DIFÍCIL,#E74C3C,-1.38664,-66.23418,6,0.052,-0.096,0,286,55.5,196,38.1,110,22.3,DIFÍCIL,-0.044,positiva,52.8,40.0,21.9
4,JAPURÁ,"COM. VILA ACANAUI, MARGEM DIREITA DO RIO JAPURA, ZONA RURAL",DIFÍCIL,#E74C3C,-1.33752,-66.20371,6,-0.031,-0.268,0,230,47.2,230,47.2,24,5.2,DIFÍCIL,-0.299,estável,44.9,49.6,5.1
5,JAPURÁ,"RUA RAIMUNDO CRUZ, S/N, CENTRO",DIFÍCIL,#E74C3C,-1.34524,-66.21038,6,0.055,-0.114,0,285,55.8,194,38.0,99,20.5,DIFÍCIL,-0.06,positiva,53.0,39.9,20.1
6,JAPURÁ,"RUA RAIMUNDO CRUZ, S/N, CENTRO",DIFÍCIL,#E74C3C,-1.3765,-66.23548,6,0.051,-0.092,0,276,55.4,195,39.2,110,22.7,DIFÍCIL,-0.041,positiva,52.7,41.1,22.3
9,JAPURÁ,"RUA RAIMUNDO CRUZ, S/N, CENTRO",DIFÍCIL,#E74C3C,-1.39174,-66.24553,6,0.003,-0.125,0,272,50.7,241,44.9,102,19.4,DIFÍCIL,-0.122,positiva,48.1,47.1,19.0
10,JAPURÁ,"RUA RAIMUNDO CRUZ, S/N, CENTRO",DIFÍCIL,#E74C3C,-1.36277,-66.21884,6,-0.007,-0.122,0,246,49.6,219,44.2,95,19.7,DIFÍCIL,-0.129,positiva,47.1,46.4,19.3
12,JAPURÁ,"COM. S. JOSÉ DO APAPORIS,MARGEM ESQUERDA,RIO APAPORIS, ALTO RIO JAPURÁ",DIFÍCIL,#E74C3C,-1.34504,-66.19775,6,0.488,-0.273,0,327,99.1,2,0.6,15,4.7,DIFÍCIL,0.215,positiva,94.1,0.6,4.6
13,JAPURÁ,"COM. NOVA JERUSALEM, LAGO DO JUTAÍ , PARANÁ DO BUÁ BUÁ, ZONA RURAL",DIFÍCIL,#E74C3C,-1.36051,-66.23322,6,0.232,-0.115,0,264,73.5,91,25.3,71,20.4,DIFÍCIL,0.117,positiva,69.9,26.6,20.0
14,JAPURÁ,"COM. VENCEDOR, AUATI-PARANÁ, ZONA RURAL",DIFÍCIL,#E74C3C,-1.36574,-66.23693,6,0.322,-0.151,0,397,82.5,72,15.0,80,16.9,DIFÍCIL,0.172,positiva,78.4,15.7,16.5
15,JAPURÁ,"RUA RAIMUNDO CRUZ, S/N, CENTRO",DIFÍCIL,#E74C3C,-1.38112,-66.22355,6,0.017,-0.139,0,255,52.0,203,41.4,84,18.1,DIFÍCIL,-0.121,positiva,49.4,43.5,17.7
16,JAPURÁ,"RUA RAIMUNDO CRUZ, S/N, CENTRO",DIFÍCIL,#E74C3C,-1.36264,-66.26792,6,0.013,-0.089,0,221,51.6,187,43.7,95,23.0,DIFÍCIL,-0.076,positiva,49.1,45.9,22.5
17,JAPURÁ,"RUA RAIMUNDO CRUZ, S/N, CENTRO",DIFÍCIL,#E74C3C,-1.39768,-66.26474,6,-0.011,-0.13,0,214,49.2,207,47.6,80,18.9,DIFÍCIL,-0.141,estável,46.7,50.0,18.5
1,JURUÁ,"RUA FRANCISCO DE PAULA, 131, TANCREDO NEVES",LULA+EB,#27AE60,-1.73945,-65.80288,6,0.109,0.138,0,242,61.3,132,33.4,182,45.7,LULA+EB,0.247,positiva,58.2,35.1,44.8
2,JURUÁ,"RUA FRANCISCO DE PAULA, 131, TANCREDO NEVES",LULA+EB,#27AE60,-1.74415,-65.79098,6,0.097,0.103,0,237,60.0,145,36.7,161,42.3,LULA+EB,0.2,positiva,57.0,38.5,41.4
3,JURUÁ,"RUA FRANCISCO DE PAULA, 131, TANCREDO NEVES",LULA+EB,#27AE60,-1.74537,-65.76776,6,0.08,0.132,0,239,58.3,150,36.6,176,45.1,LULA+EB,0.212,positiva,55.4,38.4,44.2
4,JURUÁ,"RUA FRANCISCO DE PAULA, 131, TANCREDO NEVES",LULA+EB,#27AE60,-1.74453,-65.77008,6,0.07,0.164,0,252,57.3,171,38.9,208,48.4,LULA+EB,0.234,positiva,54.4,40.8,47.4
5,JURUÁ,"RUA FRANCISCO DE PAULA, 131, TANCREDO NEVES",LULA+EB,#27AE60,-1.73791,-65.78847,6,0.015,0.108,0,214,51.8,182,44.1,174,42.8,LULA+EB,0.123,positiva,49.2,46.3,41.9
6,JURUÁ,"RUA FRANCISCO DE PAULA, 96, CENTRO.",LULA+EB,#27AE60,-1.73947,-65.76362,6,0.06,0.112,0,170,56.3,116,38.4,129,43.1,LULA+EB,0.172,positiva,53.5,40.3,42.3
7,JURUÁ,"RUA FRANCISCO DE PAULA, 96, CENTRO.",LULA+EB,#27AE60,-1.7134,-65.78891,6,0.115,0.168,0,181,61.8,99,33.8,138,48.8,LULA+EB,0.283,positiva,58.7,35.5,47.8
8,JURUÁ,"RUA FRANCISCO DE PAULA, 96, CENTRO.",LULA+EB,#27AE60,-1.73882,-65.7916,6,0.081,0.137,0,183,58.5,117,37.4,137,45.7,LULA+EB,0.219,positiva,55.5,39.2,44.8
9,JURUÁ,"RUA FRANCISCO DE PAULA, 96, CENTRO.",LULA+EB,#27AE60,-1.74867,-65.77612,6,0.07,0.111,0,176,57.3,116,37.8,126,43.0,LULA+EB,0.181,positiva,54.5,39.7,42.1
10,JURUÁ,"RUA FRANCISCO DE PAULA, 96, CENTRO.",LULA+EB,#27AE60,-1.70352,-65.79352,6,0.029,0.075,0,158,53.2,129,43.4,114,39.4,LULA+EB,0.104,positiva,50.5,45.6,38.7
11,JURUÁ,"RUA 15 DE NOVEMBRO, 29, TANCREDO NEVES",LULA+EB,#27AE60,-1.72125,-65.80076,6,0.142,0.143,0,246,64.6,120,31.5,176,46.2,LULA+EB,0.285,positiva,61.3,33.1,45.3
12,JURUÁ,"RUA 15 DE NOVEMBRO, 29, TANCREDO NEVES",LULA+EB,#27AE60,-1.75878,-65.77972,6,0.133,0.17,0,276,63.6,139,32.0,203,48.9,LULA+EB,0.303,positiva,60.4,33.6,47.9
13,JURUÁ,"RUA 15 DE NOVEMBRO, 29, TANCREDO NEVES",LULA+EB,#27AE60,-1.74695,-65.79207,6,0.216,0.209,0,315,71.9,108,24.7,225,52.8,LULA+EB,0.425,positiva,68.3,25.9,51.8
14,JURUÁ,"RUA FRANCISCO DE PAULA, 96, CENTRO.",LULA+EB,#27AE60,-1.74877,-65.78788,6,0.066,0.105,0,157,56.9,114,41.3,112,42.4,LULA+EB,0.171,positiva,54.0,43.4,41.6
15,JURUÁ,"RUA FRANCISCO DE PAULA, 85, CENTRO",LULA+EB,#27AE60,-1.74104,-65.79181,6,0.075,0.091,0,387,57.8,259,38.7,273,41.0,LULA+EB,0.166,positiva,55.0,40.7,40.2
16,JURUÁ,"RUA FRANCISCO DE PAULA, 98, ESQUINA COM A RUA CLOVES CELANE, CENTRO",LULA+EB,#27AE60,-1.73872,-65.79193,6,0.028,0.09,0,331,53.1,272,43.7,247,40.9,LULA+EB,0.118,positiva,50.5,45.8,40.1
17,JURUÁ,"COM. UARÁ, RIO AMAZONAS, MARGEM ESQUERDA, ZONA RURAL",LULA+EB,#27AE60,-1.71801,-65.74999,6,0.272,0.188,0,272,77.5,64,18.2,171,50.7,LULA+EB,0.46,positiva,73.6,19.1,49.7
18,JURUÁ,"COM. TAMANICUÁ, RIO AMAZONAS, MARGEM ESQUERDA, ZONA RURAL",LULA+EB,#27AE60,-1.7818,-65.81362,6,0.17,0.264,0,241,67.3,89,24.9,203,58.3,LULA+EB,0.434,positiva,64.0,26.1,57.2
19,JURUÁ,"COM. ESTIRÃO DO CAMALEÃO, RIO JURUÁ, MARGEM DIREITA, ZONA RURAL INDÍGE",LULA+EB,#27AE60,-1.73833,-65.78918,6,0.258,0.171,0,86,76.1,12,10.6,48,49.0,LULA+EB,0.428,positiva,72.3,11.2,48.0
20,JURUÁ,"COM. FORTE DAS GRAÇAS, RIO JURUÁ, MARGEM ESQUERDA, ZONA RURAL",EB_PURO,#8E44AD,-1.68566,-65.78462,6,-0.044,0.025,0,175,45.9,180,47.2,128,34.4,EB_PURO,-0.019,estável,43.6,49.6,33.7
22,JURUÁ,"COM. SÃO JOÃO DO MENERUÁ, RIO MINERUÁ, MARGEM ESQUERDA, ZONA RURAL",EB_PURO,#8E44AD,-1.74693,-65.78691,6,-0.071,0.165,0,90,43.3,107,51.4,94,48.5,EB_PURO,0.095,negativa,41.1,54.0,47.5
24,JURUÁ,"COM. VALE DA BENÇÃO, RIO AMAZONAS, MARGEM ESQUERDA, ZONA RURAL",LULA+EB,#27AE60,-1.72665,-65.77849,6,0.141,0.079,0,78,64.5,42,34.7,47,39.8,LULA+EB,0.22,positiva,61.2,36.4,39.0
28,JURUÁ,"COM. TAMANICUÁ, RIO AMAZONAS, MARGEM ESQUERDA, ZONA RURAL",LULA+EB,#27AE60,-1.73422,-65.75156,6,0.133,0.263,0,250,63.6,117,29.8,220,58.2,LULA+EB,0.396,positiva,60.4,31.3,57.0
30,JURUÁ,"RUA 15 DE NOVEMBRO, 29, TANCREDO NEVES",LULA+EB,#27AE60,-1.78207,-65.79942,6,0.142,0.169,0,262,64.5,132,32.5,190,48.8,LULA+EB,0.311,positiva,61.3,34.1,47.9
32,JURUÁ,"RUA 15 DE NOVEMBRO, 29, TANCREDO NEVES",LULA+EB,#27AE60,-1.72813,-65.79407,6,0.169,0.22,0,279,67.2,124,29.9,219,53.9,LULA+EB,0.389,positiva,63.9,31.4,52.9
34,JURUÁ,"RUA FRANCISCO DE PAULA, 131, TANCREDO NEVES",LULA+EB,#27AE60,-1.74508,-65.81279,6,0.079,0.167,0,238,58.2,164,40.1,192,48.6,LULA+EB,0.245,positiva,55.3,42.1,47.6
42,JURUÁ,"RUA FRANCISCO DE PAULA, 96, CENTRO.",LULA+EB,#27AE60,-1.74902,-65.76516,6,0.057,0.105,0,154,56.0,107,38.9,114,42.4,LULA+EB,0.161,positiva,53.2,40.9,41.5
1,JUTAÍ,RUA FRANCISCO CAMPOS,LULA+EB,#27AE60,-2.25335,-65.35816,6,0.266,0.241,0,370,76.9,96,20.0,262,56.0,LULA+EB,0.507,positiva,73.1,21.0,54.9
2,JUTAÍ,RUA FRANCISCO CAMPOS,LULA+EB,#27AE60,-2.24494,-65.31751,6,0.22,0.241,0,347,72.3,118,24.6,255,56.0,LULA+EB,0.461,positiva,68.7,25.8,54.9
3,JUTAÍ,RUA FRANCISCO CAMPOS,LULA+EB,#27AE60,-2.26785,-65.35689,6,0.244,0.243,0,400,74.8,118,22.1,284,56.2,LULA+EB,0.488,positiva,71.0,23.2,55.1
4,JUTAÍ,"RUA BRASILIA, N. 100",LULA+EB,#27AE60,-2.30136,-65.39645,6,0.229,0.229,0,392,73.3,121,22.6,276,54.9,LULA+EB,0.459,positiva,69.6,23.7,53.8
5,JUTAÍ,R BRASILIA SN,LULA+EB,#27AE60,-2.28968,-65.36158,6,0.227,0.249,0,308,73.0,89,21.1,238,56.8,LULA+EB,0.475,positiva,69.3,22.1,55.7
6,JUTAÍ,"RUA BRASILIA, N. 100",LULA+EB,#27AE60,-2.2648,-65.35659,6,0.281,0.274,0,450,78.4,104,18.1,327,59.3,LULA+EB,0.555,positiva,74.5,19.0,58.2
7,JUTAÍ,"RUA BRASILIA, N. 100",LULA+EB,#27AE60,-2.25483,-65.3535,6,0.205,0.217,0,366,70.8,130,25.1,272,53.6,LULA+EB,0.422,positiva,67.3,26.4,52.6
8,JUTAÍ,R BRASILIA SN,LULA+EB,#27AE60,-2.3008,-65.31898,6,0.27,0.246,0,337,77.3,89,20.4,239,56.5,LULA+EB,0.515,positiva,73.4,21.4,55.4
9,JUTAÍ,RUA TEOTONILIO CAVALCANTE SN,LULA+EB,#27AE60,-2.24084,-65.32407,6,0.171,0.198,0,263,67.4,112,28.7,197,51.7,LULA+EB,0.369,positiva,64.1,30.2,50.7
10,JUTAÍ,RUA FRANCISCO CAMPOS,LULA+EB,#27AE60,-2.25425,-65.34687,6,0.215,0.225,0,378,71.9,126,24.0,270,54.4,LULA+EB,0.44,positiva,68.3,25.2,53.3
11,JUTAÍ,RUA FRANCISCO CAMPOS,LULA+EB,#27AE60,-2.2995,-65.36,6,0.237,0.245,0,373,74.0,103,20.4,277,56.4,LULA+EB,0.482,positiva,70.3,21.5,55.3
12,JUTAÍ,"RUA BRASILIA, N. 100",LULA+EB,#27AE60,-2.26888,-65.37427,6,0.305,0.292,0,433,80.8,87,16.2,312,61.2,LULA+EB,0.597,positiva,76.7,17.0,60.0
13,JUTAÍ,RUA FRANCISCO CAMPOS,LULA+EB,#27AE60,-2.25411,-65.3625,6,0.177,0.217,0,341,68.1,133,26.5,257,53.7,LULA+EB,0.395,positiva,64.7,27.9,52.6
14,JUTAÍ,"RUA BRASILIA, N. 100",LULA+EB,#27AE60,-2.29192,-65.33803,6,0.228,0.228,0,370,73.1,120,23.7,267,54.7,LULA+EB,0.456,positiva,69.5,24.9,53.6
15,JUTAÍ,RUA TEOTONILIO CAVALCANTE SN,LULA+EB,#27AE60,-2.23749,-65.36285,6,0.197,0.241,0,280,70.0,101,25.2,209,56.0,LULA+EB,0.438,positiva,66.5,26.5,54.9
16,JUTAÍ,RUA TEOTONILIO CAVALCANTE SN,LULA+EB,#27AE60,-2.26691,-65.35815,6,0.249,0.269,0,297,75.2,87,22.0,224,58.8,LULA+EB,0.517,positiva,71.4,23.1,57.6
17,JUTAÍ,RUA TEOTONILIO CAVALCANTE SN,LULA+EB,#27AE60,-2.25506,-65.33705,6,0.212,0.217,0,284,71.5,98,24.7,199,53.6,LULA+EB,0.429,positiva,68.0,25.9,52.6
18,JUTAÍ,RUA TEOTONILIO CAVALCANTE SN,LULA+EB,#27AE60,-2.27434,-65.33657,6,0.177,0.206,0,268,68.0,113,28.7,199,52.5,LULA+EB,0.383,positiva,64.6,30.1,51.5
19,JUTAÍ,R BRASILIA SN,LULA+EB,#27AE60,-2.22808,-65.34391,6,0.225,0.16,0,311,72.8,104,24.4,194,47.9,LULA+EB,0.385,positiva,69.2,25.6,46.9
20,JUTAÍ,R MARIO ANDREAZZA,LULA+EB,#27AE60,-2.251,-65.31827,6,0.213,0.185,0,398,71.6,136,24.5,268,50.5,LULA+EB,0.398,positiva,68.0,25.7,49.5
21,JUTAÍ,R MARIO ANDREAZZA,LULA+EB,#27AE60,-2.26079,-65.32973,6,0.202,0.192,0,380,70.5,133,24.7,265,51.2,LULA+EB,0.394,positiva,67.0,25.9,50.1
22,JUTAÍ,R BRASILIA SN,LULA+EB,#27AE60,-2.27077,-65.35472,6,0.246,0.21,0,340,74.9,98,21.6,234,52.9,LULA+EB,0.456,positiva,71.1,22.7,51.9
23,JUTAÍ,RUA FRANCISCO CAMPOS,LULA+EB,#27AE60,-2.23195,-65.38264,6,0.223,0.192,0,371,72.6,127,24.9,251,51.1,LULA+EB,0.415,positiva,69.0,26.1,50.1
24,JUTAÍ,R MARIO ANDREAZZA,LULA+EB,#27AE60,-2.31513,-65.37285,6,0.246,0.277,0,409,74.9,115,21.1,316,59.6,LULA+EB,0.523,positiva,71.2,22.1,58.4
25,JUTAÍ,R BRASILIA SN,LULA+EB,#27AE60,-2.28078,-65.33435,6,0.255,0.234,0,342,75.8,97,21.5,239,55.3,LULA+EB,0.489,positiva,72.0,22.6,54.2
26,JUTAÍ,RUA FRANCISCO CAMPOS,LULA+EB,#27AE60,-2.24405,-65.34246,6,0.213,0.207,0,346,71.6,121,25.1,247,52.7,LULA+EB,0.42,positiva,68.1,26.3,51.6
27,JUTAÍ,RUA FRANCISCO CAMPOS,LULA+EB,#27AE60,-2.25675,-65.31766,6,0.153,0.191,0,308,65.7,137,29.2,225,51.0,LULA+EB,0.344,positiva,62.4,30.7,50.0
28,JUTAÍ,RUA TEOTONILIO CAVALCANTE SN,LULA+EB,#27AE60,-2.30994,-65.3846,6,0.211,0.182,0,270,71.4,96,25.4,184,50.1,LULA+EB,0.393,positiva,67.9,26.7,49.1
29,JUTAÍ,R BRASILIA SN,LULA+EB,#27AE60,-2.26295,-65.35574,6,0.222,0.219,0,320,72.6,107,24.3,223,53.9,LULA+EB,0.442,positiva,68.9,25.5,52.8
30,JUTAÍ,R BRASILIA SN,LULA+EB,#27AE60,-2.27704,-65.34238,6,0.211,0.221,0,300,71.4,107,25.5,219,54.1,LULA+EB,0.433,positiva,67.9,26.8,53.0
31,JUTAÍ,RUA TEOTONILIO CAVALCANTE SN,LULA+EB,#27AE60,-2.30611,-65.33917,6,0.215,0.215,0,285,71.8,91,22.9,204,53.4,LULA+EB,0.429,positiva,68.2,24.1,52.3
32,JUTAÍ,R MARIO ANDREAZZA,LULA+EB,#27AE60,-2.2748,-65.38283,6,0.217,0.248,0,378,72.0,125,23.8,284,56.7,LULA+EB,0.464,positiva,68.4,25.0,55.6
33,JUTAÍ,RUA FRANCISCO CAMPOS,LULA+EB,#27AE60,-2.21995,-65.33368,6,0.193,0.225,0,317,69.7,120,26.4,239,54.4,LULA+EB,0.419,positiva,66.2,27.7,53.4
34,JUTAÍ,RUA TEOTONILIO CAVALCANTE SN,LULA+EB,#27AE60,-2.26375,-65.35854,6,0.248,0.277,0,323,75.1,91,21.2,247,59.7,LULA+EB,0.525,positiva,71.4,22.2,58.5
35,JUTAÍ,R MARIO ANDREAZZA,LULA+EB,#27AE60,-2.27645,-65.35989,6,0.288,0.302,0,398,79.1,92,18.3,298,62.1,LULA+EB,0.59,positiva,75.2,19.2,60.8
36,JUTAÍ,RUA FRANCISCO CAMPOS,LULA+EB,#27AE60,-2.26773,-65.33709,6,0.148,0.205,0,258,65.2,125,31.6,197,52.4,LULA+EB,0.353,positiva,61.9,33.1,51.3
37,JUTAÍ,"RUA BRASILIA, N. 100",LULA+EB,#27AE60,-2.26863,-65.35976,6,0.223,0.202,0,299,72.6,102,24.8,205,52.2,LULA+EB,0.425,positiva,68.9,26.0,51.1
38,JUTAÍ,"RUA BRASILIA, N. 100",LULA+EB,#27AE60,-2.28546,-65.40141,6,0.24,0.237,0,330,74.3,96,21.6,237,55.6,LULA+EB,0.477,positiva,70.6,22.7,54.5
39,JUTAÍ,"RUA BRASILIA, N. 100",LULA+EB,#27AE60,-2.24913,-65.37493,6,0.195,0.242,0,386,69.8,137,24.8,303,56.1,LULA+EB,0.437,positiva,66.3,26.0,55.0
3,LÁBREA,"RUA LUIZ FALCÃO, 2487",LULA+EB,#27AE60,-7.27825,-64.7417,6,0.165,0.288,0,371,66.8,172,31.0,331,60.7,LULA+EB,0.453,positiva,63.5,32.5,59.5
4,LÁBREA,"RUA LUIZ FALCÃO, 2487",LULA+EB,#27AE60,-7.27343,-64.74464,6,0.121,0.271,0,340,62.4,193,35.4,318,59.0,LULA+EB,0.391,positiva,59.3,37.2,57.8
5,LÁBREA,"RUA 14 DE MAIO, 2134",LULA+EB,#27AE60,-7.25893,-64.78207,6,0.159,0.281,0,321,66.2,153,31.5,281,60.0,LULA+EB,0.44,positiva,62.9,33.1,58.8
6,LÁBREA,"RUA CHIQUITO PAIVA, S/N",LULA+EB,#27AE60,-7.30994,-64.74913,6,0.163,0.315,0,314,66.7,144,30.6,292,63.5,LULA+EB,0.479,positiva,63.3,32.1,62.2
7,LÁBREA,"RUA CHIQUITO PAIVA, S/N",LULA+EB,#27AE60,-7.29929,-64.75682,6,0.188,0.273,0,333,69.1,133,27.6,274,59.2,LULA+EB,0.46,positiva,65.6,29.0,58.0
8,LÁBREA,"RUA 14 DE MAIO, 2134",LULA+EB,#27AE60,-7.27795,-64.76505,6,0.143,0.332,0,303,64.6,152,32.4,293,65.1,LULA+EB,0.475,positiva,61.4,34.0,63.8
9,LÁBREA,"AVENIDA 14 DE MAIO, 2030",LULA+EB,#27AE60,-7.26989,-64.75547,6,0.131,0.295,0,244,63.4,127,33.0,225,61.5,LULA+EB,0.426,positiva,60.2,34.6,60.2
10,LÁBREA,"RUA 14 DE MAIO, 2134",LULA+EB,#27AE60,-7.21326,-64.7722,6,0.154,0.376,0,310,65.7,148,31.4,319,69.5,LULA+EB,0.529,positiva,62.4,32.9,68.1
11,LÁBREA,"AVENIDA 14 DE MAIO, 2030",LULA+EB,#27AE60,-7.27345,-64.77491,6,0.139,0.32,0,226,64.2,109,31.0,213,64.0,LULA+EB,0.459,positiva,61.0,32.5,62.7
12,LÁBREA,AV CEL LUIZ GOMES SN,LULA+EB,#27AE60,-7.31215,-64.76627,6,0.09,0.317,0,327,59.3,210,38.1,334,63.6,LULA+EB,0.407,positiva,56.4,40.0,62.3
13,LÁBREA,AV CEL LUIZ GOMES SN,LULA+EB,#27AE60,-7.25055,-64.75655,6,0.091,0.344,0,328,59.4,209,37.9,354,66.3,LULA+EB,0.435,positiva,56.4,39.8,65.0
14,LÁBREA,AV CEL LUIZ GOMES SN,LULA+EB,#27AE60,-7.26509,-64.75886,6,0.114,0.29,0,331,61.8,185,34.5,320,61.0,LULA+EB,0.405,positiva,58.7,36.2,59.7
15,LÁBREA,"AVENIDA 14 DE MAIO, 2376",LULA+EB,#27AE60,-7.27663,-64.75836,6,0.169,0.272,0,330,67.2,147,29.9,273,59.1,LULA+EB,0.44,positiva,63.8,31.4,57.9
16,LÁBREA,"AVENIDA 14 DE MAIO, 2376",LULA+EB,#27AE60,-7.25916,-64.7784,6,0.154,0.331,0,332,65.7,158,31.3,313,65.1,LULA+EB,0.486,positiva,62.5,32.9,63.8
17,LÁBREA,RUA IRMÃO JOSÉ MARTINEZ,LULA+EB,#27AE60,-7.2964,-64.78016,6,0.24,0.355,0,391,74.3,123,23.4,346,67.4,LULA+EB,0.595,positiva,70.6,24.6,66.1
18,LÁBREA,"RUA 22 DE OUTUBRO, 3893",LULA+EB,#27AE60,-7.25253,-64.74638,6,0.167,0.306,0,327,67.0,148,30.3,289,62.6,LULA+EB,0.473,positiva,63.7,31.8,61.3
19,LÁBREA,"RUA 22 DE OUTUBRO, 3893",LULA+EB,#27AE60,-7.23492,-64.716,6,0.193,0.309,0,344,69.6,143,28.9,296,62.8,LULA+EB,0.502,positiva,66.2,30.4,61.6
20,LÁBREA,"AVENIDA 14 DE MAIO, 2030",LULA+EB,#27AE60,-7.25858,-64.77916,6,0.067,0.315,0,216,57.0,150,39.6,234,63.4,LULA+EB,0.382,positiva,54.1,41.6,62.1
21,LÁBREA,"RAMAL DO TAWARUÃ, KM 5",LULA+EB,#27AE60,-7.23298,-64.72512,6,0.276,0.498,0,162,77.9,44,21.2,166,81.8,LULA+EB,0.774,positiva,74.0,22.2,80.1
23,LÁBREA,"RIO PURUS, COMUNIDADE SANTA CANDIDA",LULA+EB,#27AE60,-7.27543,-64.76388,6,0.419,0.414,0,273,92.2,15,5.1,201,73.4,LULA+EB,0.833,positiva,87.6,5.3,71.9
24,LÁBREA,COMUNIDADE CACHOEIRA DO HILARIO,LULA+EB,#27AE60,-7.30788,-64.78577,6,0.409,0.215,0,94,91.3,9,8.7,55,53.4,LULA+EB,0.624,positiva,86.7,9.2,52.3
25,LÁBREA,COMUNIDADE CACHOEIRA DO HILARIO,LULA+EB,#27AE60,-7.27714,-64.76251,6,0.401,0.272,0,208,90.4,19,8.3,126,59.2,LULA+EB,0.673,positiva,85.9,8.7,58.0
26,LÁBREA,COMUNIDADE SEPATINI,LULA+EB,#27AE60,-7.2244,-64.72429,6,0.2,0.327,0,128,70.3,46,25.3,115,64.6,LULA+EB,0.527,positiva,66.8,26.5,63.3
36,LÁBREA,"RUA LUIZ FALCÃO, 2487",LULA+EB,#27AE60,-7.25103,-64.7726,6,0.177,0.282,0,374,68.0,159,28.9,320,60.2,LULA+EB,0.459,positiva,64.6,30.4,58.9
37,LÁBREA,"AVENIDA 14 DE MAIO, 2376",LULA+EB,#27AE60,-7.26674,-64.75677,6,0.149,0.34,0,322,65.2,145,29.4,319,65.9,LULA+EB,0.488,positiva,61.9,30.8,64.6
38,LÁBREA,"AVENIDA 14 DE MAIO, 2030",LULA+EB,#27AE60,-7.26528,-64.76737,6,0.119,0.331,0,247,62.2,137,34.5,249,65.0,LULA+EB,0.45,positiva,59.1,36.2,63.7
39,LÁBREA,"RUA LUIZ FALCÃO, 2487",LULA+EB,#27AE60,-7.28306,-64.75175,6,0.102,0.324,0,340,60.5,205,36.5,348,64.3,LULA+EB,0.426,positiva,57.5,38.3,63.0
40,LÁBREA,"AVENIDA 14 DE MAIO, 2030",LULA+EB,#27AE60,-7.27469,-64.76412,6,0.056,0.318,0,221,55.9,163,41.3,239,63.7,LULA+EB,0.374,positiva,53.2,43.3,62.5
41,LÁBREA,"RUA CHIQUITO PAIVA, S/N",LULA+EB,#27AE60,-7.26538,-64.75446,6,0.182,0.314,0,342,68.5,147,29.5,295,63.3,LULA+EB,0.496,positiva,65.1,30.9,62.0
42,LÁBREA,"RUA 14 DE MAIO, 2134",LULA+EB,#27AE60,-7.26177,-64.76224,6,0.098,0.342,0,300,60.1,184,36.9,315,66.2,LULA+EB,0.44,positiva,57.1,38.7,64.9
43,LÁBREA,SERINGAL BELA ROSA,LULA+EB,#27AE60,-7.26667,-64.75107,6,0.331,0.331,0,316,83.4,54,14.2,240,65.0,LULA+EB,0.662,positiva,79.2,15.0,63.7
44,LÁBREA,COMUNIDADE SANTA FÉ,LULA+EB,#27AE60,-7.28994,-64.79974,6,0.29,0.384,0,176,79.3,33,14.9,154,70.3,LULA+EB,0.673,positiva,75.3,15.6,68.9
46,LÁBREA,"RIO PURUS, COMUNIDADE SANTA ROSA",LULA+EB,#27AE60,-7.23388,-64.7328,6,0.332,0.343,0,203,83.5,38,15.6,157,66.2,LULA+EB,0.675,positiva,79.4,16.4,64.9
47,LÁBREA,"RUA 14 DE MAIO, 2134",LULA+EB,#27AE60,-7.27421,-64.76676,6,0.083,0.284,0,290,58.6,185,37.4,281,60.3,LULA+EB,0.366,positiva,55.7,39.2,59.1
48,LÁBREA,RUA IRMÃO JOSÉ MARTINEZ,LULA+EB,#27AE60,-7.26887,-64.76017,6,0.228,0.355,0,402,73.1,130,23.6,354,67.4,LULA+EB,0.583,positiva,69.4,24.8,66.1
49,LÁBREA,"RIO PURUS, COMUNIDADE JURUCUÁ",LULA+EB,#27AE60,-7.24156,-64.73463,6,0.232,0.246,0,225,73.5,71,23.2,165,56.5,LULA+EB,0.478,positiva,69.9,24.4,55.4
54,LÁBREA,"AVENIDA 14 DE MAIO, 2030",LULA+EB,#27AE60,-7.28339,-64.75144,6,0.143,0.268,0,257,64.6,125,31.4,226,58.7,LULA+EB,0.41,positiva,61.3,33.0,57.5
56,LÁBREA,COMUNIDADE SEPATINI,LULA+EB,#27AE60,-7.26635,-64.72261,6,0.225,0.269,0,123,72.8,39,23.1,93,58.9,LULA+EB,0.494,positiva,69.1,24.2,57.7
57,LÁBREA,"RUA 14 DE MAIO, 2134",LULA+EB,#27AE60,-7.26976,-64.775,6,0.172,0.373,0,329,67.6,140,28.7,324,69.2,LULA+EB,0.545,positiva,64.2,30.2,67.8
58,LÁBREA,RUA IRMÃO JOSÉ MARTINEZ,LULA+EB,#27AE60,-7.26466,-64.7567,6,0.208,0.38,0,391,71.1,150,27.3,376,69.9,LULA+EB,0.587,positiva,67.5,28.6,68.5
59,LÁBREA,AV CEL LUIZ GOMES SN,LULA+EB,#27AE60,-7.21731,-64.7662,6,0.108,0.323,0,338,61.1,199,36.0,343,64.2,LULA+EB,0.431,positiva,58.1,37.8,62.9
60,LÁBREA,"RUA 22 DE OUTUBRO, 3893",LULA+EB,#27AE60,-7.26493,-64.76201,6,0.203,0.321,0,353,70.6,133,26.6,308,64.0,LULA+EB,0.524,positiva,67.1,27.9,62.8
61,LÁBREA,"AVENIDA 14 DE MAIO, 2030",LULA+EB,#27AE60,-7.23401,-64.71615,6,0.033,0.289,0,220,53.7,175,42.7,236,60.8,LULA+EB,0.322,positiva,51.0,44.8,59.6
62,LÁBREA,"RUA LUIZ FALCÃO, 2487",LULA+EB,#27AE60,-7.26152,-64.73483,6,0.097,0.307,0,334,60.1,204,36.7,338,62.6,LULA+EB,0.404,positiva,57.1,38.5,61.3
64,LÁBREA,"RUA 14 DE MAIO, 2134",LULA+EB,#27AE60,-7.26122,-64.81453,6,0.083,0.287,0,291,58.7,191,38.5,289,60.6,LULA+EB,0.37,positiva,55.7,40.4,59.4
65,LÁBREA,"RUA 22 DE OUTUBRO, 3893",LULA+EB,#27AE60,-7.26908,-64.76438,6,0.177,0.288,0,346,68.0,156,30.6,297,60.7,LULA+EB,0.465,positiva,64.6,32.2,59.5
67,LÁBREA,RUA IRMÃO JOSÉ MARTINEZ,LULA+EB,#27AE60,-7.30406,-64.76767,6,0.187,0.328,0,370,69.0,151,28.2,332,64.7,LULA+EB,0.515,positiva,65.6,29.6,63.4
68,LÁBREA,"AVENIDA 14 DE MAIO, 2376",LULA+EB,#27AE60,-7.25343,-64.79533,6,0.157,0.325,0,307,66.0,145,31.2,284,64.4,LULA+EB,0.482,positiva,62.7,32.7,63.1
69,LÁBREA,"RUA LUIZ FALCÃO, 2487",LULA+EB,#27AE60,-7.24487,-64.749,6,0.053,0.252,0,314,55.6,241,42.7,306,57.1,LULA+EB,0.304,positiva,52.8,44.8,55.9
70,LÁBREA,"RUA 14 DE MAIO, 2134",LULA+EB,#27AE60,-7.29409,-64.76027,6,0.166,0.346,0,328,66.9,153,31.2,312,66.5,LULA+EB,0.512,positiva,63.6,32.8,65.2
71,LÁBREA,"RUA LUIZ FALCÃO, 2487",LULA+EB,#27AE60,-7.22951,-64.776,6,0.052,0.275,0,330,55.6,245,41.2,343,59.4,LULA+EB,0.327,positiva,52.8,43.3,58.3
72,LÁBREA,"AVENIDA 14 DE MAIO, 2030",LULA+EB,#27AE60,-7.26521,-64.76124,6,0.114,0.357,0,303,61.7,175,35.6,318,67.7,LULA+EB,0.471,positiva,58.6,37.4,66.3
73,LÁBREA,"COMUNIDADE VOLTA DO BUCHO, RIO ITUXI",LULA+EB,#27AE60,-7.25884,-64.74394,6,0.393,0.523,0,95,89.6,8,7.5,80,84.2,LULA+EB,0.916,positiva,85.1,7.9,82.5
74,LÁBREA,"AVENIDA 14 DE MAIO, 2030",LULA+EB,#27AE60,-7.26196,-64.77591,6,0.082,0.292,0,311,58.6,201,37.9,314,61.1,LULA+EB,0.374,positiva,55.6,39.7,59.9
75,LÁBREA,COMUNIDADE PEDREIRA DO BÁÚ,LULA+EB,#27AE60,-7.25004,-64.77323,6,0.029,0.203,0,50,53.2,43,45.7,46,52.3,LULA+EB,0.232,positiva,50.5,48.0,51.2
76,LÁBREA,RUA IRMÃO JOSÉ MARTINEZ,LULA+EB,#27AE60,-7.29203,-64.74134,6,0.204,0.286,0,396,70.7,144,25.7,330,60.6,LULA+EB,0.49,positiva,67.2,27.0,59.3
78,LÁBREA,"RUA LUIZ FALCÃO, 2487",LULA+EB,#27AE60,-7.26362,-64.7542,6,0.063,0.252,0,325,56.6,233,40.6,315,57.2,LULA+EB,0.315,positiva,53.8,42.6,56.0
79,LÁBREA,"VILA MONTE VERDE, RAMAL DA BR 230",EB_PURO,#8E44AD,-7.26415,-64.75908,6,-0.292,0.115,0,70,21.1,254,76.5,125,43.4,EB_PURO,-0.178,negativa,20.0,80.3,42.5
81,LÁBREA,"P A MONTE, 1 RAMAL DA BR 317",EB_PURO,#8E44AD,-7.28806,-64.79908,6,-0.297,0.034,0,19,20.7,71,77.2,30,35.3,EB_PURO,-0.263,negativa,19.6,81.0,34.6
82,LÁBREA,"RIO PURUS, COMUNIDADE MARAHÃ",LULA+EB,#27AE60,-7.26704,-64.71997,6,0.406,0.414,0,322,91.0,23,6.5,250,73.3,LULA+EB,0.82,positiva,86.4,6.8,71.8
83,LÁBREA,"RUA CHIQUITO PAIVA, S/N",LULA+EB,#27AE60,-7.27788,-64.72725,6,0.187,0.298,0,330,69.0,133,27.8,285,61.7,LULA+EB,0.485,positiva,65.6,29.2,60.5
84,LÁBREA,AV CEL LUIZ GOMES SN,LULA+EB,#27AE60,-7.23148,-64.78344,6,0.042,0.279,0,301,54.5,236,42.8,322,59.9,LULA+EB,0.321,positiva,51.8,44.9,58.7
85,LÁBREA,RUA IRMÃO JOSÉ MARTINEZ,LULA+EB,#27AE60,-7.25157,-64.71092,6,0.185,0.326,0,376,68.9,159,29.1,339,64.6,LULA+EB,0.512,positiva,65.4,30.6,63.3
86,LÁBREA,"RUA LUIZ FALCÃO, 2487",LULA+EB,#27AE60,-7.25465,-64.72585,6,0.05,0.281,0,325,55.4,256,43.6,341,60.0,LULA+EB,0.332,positiva,52.6,45.8,58.8
87,LÁBREA,"RUA 22 DE OUTUBRO, 3893",LULA+EB,#27AE60,-7.24119,-64.75028,6,0.103,0.311,0,311,60.6,187,36.5,312,63.0,LULA+EB,0.414,positiva,57.6,38.3,61.8
88,LÁBREA,"COMUNIDADE SANTA CRUZ, RIO PURUS",LULA+EB,#27AE60,-7.27935,-64.77798,6,0.388,0.485,0,237,89.1,23,8.6,209,80.4,LULA+EB,0.872,positiva,84.6,9.1,78.8
90,LÁBREA,"BR 317, RAMAL DO MANSINHO, ASSENTAMENTO GIDEÃO",EB_PURO,#8E44AD,-7.30963,-64.78047,6,-0.062,0.493,0,45,44.1,56,54.9,65,81.2,EB_PURO,0.431,negativa,41.9,57.6,79.6
91,LÁBREA,"RUA LUIZ FALCÃO, 2487",LULA+EB,#27AE60,-7.2259,-64.7781,6,0.08,0.314,0,307,58.4,204,38.8,324,63.3,LULA+EB,0.394,positiva,55.4,40.7,62.0
92,LÁBREA,RUA IRMÃO JOSÉ MARTINEZ,LULA+EB,#27AE60,-7.23966,-64.7532,6,0.199,0.296,0,380,70.2,147,27.2,322,61.6,LULA+EB,0.496,positiva,66.7,28.5,60.3
93,LÁBREA,"BR 230, RAMAL DO KM 26, PA PASSIÁ - TERRA JUBILAR",LULA+EB,#27AE60,-7.2732,-64.75009,6,0.312,0.453,0,207,81.5,32,12.6,183,77.2,LULA+EB,0.765,positiva,77.4,13.2,75.7
94,LÁBREA,"RUA 22 DE OUTUBRO, 3893",LULA+EB,#27AE60,-7.24623,-64.73425,6,0.147,0.306,0,331,65.0,164,32.2,307,62.5,LULA+EB,0.453,positiva,61.8,33.8,61.3
95,LÁBREA,AV CEL LUIZ GOMES SN,LULA+EB,#27AE60,-7.2589,-64.75177,6,0.02,0.304,0,271,52.3,230,44.4,308,62.3,LULA+EB,0.324,positiva,49.7,46.6,61.1
96,LÁBREA,"RUA 14 DE MAIO, 2134",LULA+EB,#27AE60,-7.2675,-64.76313,6,0.163,0.39,0,272,66.7,127,31.1,280,70.9,LULA+EB,0.553,positiva,63.3,32.7,69.5
97,LÁBREA,"RUA CHIQUITO PAIVA, S/N",LULA+EB,#27AE60,-7.2416,-64.77013,6,0.134,0.276,0,343,63.8,184,34.2,310,59.5,LULA+EB,0.41,positiva,60.6,35.9,58.3
98,LÁBREA,"AVENIDA 14 DE MAIO, 2030",LULA+EB,#27AE60,-7.2841,-64.75613,6,0.128,0.382,0,316,63.1,164,32.7,336,70.1,LULA+EB,0.51,positiva,59.9,34.4,68.7
99,LÁBREA,"RUA LUIZ FALCÃO, 2487",LULA+EB,#27AE60,-7.26445,-64.7669,6,0.117,0.294,0,328,62.0,189,35.7,309,61.3,LULA+EB,0.411,positiva,58.9,37.5,60.1
101,LÁBREA,RUA IRMÃO JOSÉ MARTINEZ,LULA+EB,#27AE60,-7.28606,-64.75223,6,0.154,0.325,0,334,65.7,159,31.3,311,64.4,LULA+EB,0.479,positiva,62.5,32.9,63.1
102,LÁBREA,"RIO PURUS, COMUNIDADE CASSIANÃ",LULA+EB,#27AE60,-7.26516,-64.72716,6,0.451,0.498,0,293,95.4,6,2.0,241,81.7,LULA+EB,0.949,positiva,90.7,2.1,80.1
105,LÁBREA,"RIO PURUS, COMUNIDADE MARAHÃ",LULA+EB,#27AE60,-7.26277,-64.76023,6,0.447,0.326,0,344,95.0,14,3.9,226,64.6,LULA+EB,0.773,positiva,90.3,4.1,63.3
106,LÁBREA,RUA IRMÃO JOSÉ MARTINEZ,LULA+EB,#27AE60,-7.29571,-64.75163,6,0.172,0.293,0,331,67.6,146,29.8,288,61.3,LULA+EB,0.466,positiva,64.2,31.3,60.1
107,LÁBREA,"RUA LUIZ FALCÃO, 2487",LULA+EB,#27AE60,-7.2946,-64.78384,6,0.109,0.318,0,319,61.2,187,35.9,318,63.7,LULA+EB,0.427,positiva,58.2,37.7,62.5
108,LÁBREA,"ASSENTAMENTO VALE DO KUREQUETÊ, SUL DE LÁBREA",EB_PURO,#8E44AD,-7.23784,-64.74113,6,-0.421,0.07,0,48,8.2,532,90.8,213,38.9,EB_PURO,-0.351,negativa,7.8,95.3,38.2
109,LÁBREA,"RUA 22 DE OUTUBRO, 3893",LULA+EB,#27AE60,-7.30523,-64.72972,6,0.111,0.338,0,260,61.5,149,35.2,257,65.7,LULA+EB,0.449,positiva,58.4,37.0,64.4
110,LÁBREA,"RUA CHIQUITO PAIVA, S/N",LULA+EB,#27AE60,-7.21127,-64.75747,6,0.105,0.279,0,251,60.8,156,37.8,234,59.8,LULA+EB,0.384,positiva,57.7,39.7,58.6
1,MANACAPURU,"RUA QUINTINO BOCAIÚVA, 902, CENTRO",EB_PURO,#8E44AD,-3.2983,-60.81321,6,-0.024,0.079,0.48,280,47.9,289,49.5,227,39.8,EB_PURO,0.055,estável,45.5,52.0,39.0
2,MANACAPURU,"RUA QUINTINO BOCAIÚVA, 902, CENTRO",PURO_SWING,#F4D03F,-3.32995,-60.82236,6,0.027,0.08,0.53,325,53.0,260,42.4,240,39.9,PURO_SWING,0.107,positiva,50.4,44.5,39.1
3,MANACAPURU,"RUA QUINTINO BOCAIÚVA, 902, CENTRO",EB_PURO,#8E44AD,-3.30031,-60.77059,6,-0.025,0.078,0.48,279,47.9,292,50.1,222,39.7,EB_PURO,0.053,estável,45.5,52.6,38.9
4,MANACAPURU,"RUA QUINTINO BOCAIÚVA, 902, CENTRO",PURO_SWING,#F4D03F,-3.30795,-60.78328,6,-0.012,0.039,0.49,292,49.1,286,48.1,203,35.8,PURO_SWING,0.026,estável,46.6,50.5,35.1
5,MANACAPURU,"RUA QUINTINO BOCAIÚVA, 902, CENTRO",PURO_SWING,#F4D03F,-3.31745,-60.83116,6,0.0,0.073,0.5,293,50.3,270,46.4,215,39.2,PURO_SWING,0.073,estável,47.8,48.7,38.4
6,MANACAPURU,"RUA QUINTINO BOCAIÚVA, 902, CENTRO",PURO_SWING,#F4D03F,-3.29841,-60.83028,6,0.011,0.065,0.51,303,51.4,269,45.7,215,38.4,PURO_SWING,0.076,positiva,48.9,48.0,37.6
7,MANACAPURU,"AVENIDA BOULEVARD PEDRO RATTES DE OLIVEIRA, 753, CENTRO",PURO_SWING,#F4D03F,-3.34687,-60.82578,6,0.023,0.056,0.53,293,52.6,248,44.5,198,37.6,PURO_SWING,0.079,positiva,50.0,46.8,36.8
8,MANACAPURU,"AVENIDA BOULEVARD PEDRO RATTES DE OLIVEIRA, 753, CENTRO",PURO_SWING,#F4D03F,-3.26266,-60.82059,6,0.031,0.075,0.53,312,53.4,251,43.0,222,39.4,PURO_SWING,0.106,positiva,50.8,45.1,38.6
9,MANACAPURU,"AVENIDA RIBEIRO JUNIOR, 168, CENTRO",LULA+EB,#27AE60,-3.30361,-60.80817,6,0.1,0.094,0.6,330,60.3,204,37.3,218,41.3,LULA+EB,0.194,positiva,57.3,39.2,40.5
10,MANACAPURU,"AVENIDA RIBEIRO JUNIOR, 168, CENTRO",LULA+EB,#27AE60,-3.29893,-60.74809,6,0.12,0.122,0.62,321,62.3,186,36.1,220,44.2,LULA+EB,0.243,positiva,59.2,37.9,43.3
11,MANACAPURU,"AVENIDA RIBEIRO JUNIOR, 168, CENTRO",LULA+EB,#27AE60,-3.27987,-60.76934,6,0.068,0.026,0.57,313,57.1,218,39.8,179,34.5,LULA+EB,0.094,positiva,54.3,41.8,33.8
12,MANACAPURU,"RUA CAROLINA FERNANDES, 217, TERRA PRETA",PURO_SWING,#F4D03F,-3.30122,-60.79526,6,0.047,0.057,0.55,299,55.1,223,41.1,191,37.7,PURO_SWING,0.105,positiva,52.3,43.1,36.9
13,MANACAPURU,"AVENIDA BOULEVARD PEDRO RATES DE OLIVEIRA, S/N , TERRA PRETA",EB_PURO,#8E44AD,-3.30189,-60.79353,6,-0.025,0.018,0.48,264,47.8,270,48.9,178,33.7,EB_PURO,-0.007,estável,45.4,51.4,33.0
14,MANACAPURU,"AVENIDA BOULEVARD PEDRO RATES DE OLIVEIRA, S/N , TERRA PRETA",PURO_SWING,#F4D03F,-3.32396,-60.77731,6,-0.002,0.038,0.5,283,50.1,265,46.9,191,35.7,PURO_SWING,0.035,estável,47.6,49.2,35.0
15,MANACAPURU,"AVENIDA GETÚLIO VARGAS, 422, CENTRO",PURO_SWING,#F4D03F,-3.31124,-60.75199,6,0.044,0.003,0.55,282,54.8,206,40.0,162,32.2,PURO_SWING,0.047,positiva,52.0,42.0,31.6
16,MANACAPURU,"RUA PAULO JACOB, 366, BIRIBIRI",LULA+EB,#27AE60,-3.30326,-60.77834,6,0.073,0.072,0.58,249,57.6,174,40.3,162,39.1,LULA+EB,0.145,positiva,54.8,42.3,38.3
17,MANACAPURU,"RUA PAULO JACOB, 366, BIRIBIRI",LULA+EB,#27AE60,-3.32774,-60.7635,6,0.072,0.062,0.57,253,57.5,172,39.1,163,38.2,LULA+EB,0.134,positiva,54.6,41.0,37.4
18,MANACAPURU,"RUA PAULO JACOB, 366, BIRIBIRI",PURO_SWING,#F4D03F,-3.28866,-60.75857,6,0.043,0.026,0.55,231,54.6,176,41.6,138,34.5,PURO_SWING,0.069,positiva,51.9,43.7,33.8
19,MANACAPURU,"AVENIDA EDUARDO RIBEIRO, S/N, CENTRO",LULA+EB,#27AE60,-3.31359,-60.76766,6,0.145,0.126,0.65,275,64.9,141,33.3,176,44.6,LULA+EB,0.272,positiva,61.6,34.9,43.7
20,MANACAPURU,"AVENIDA RIBEIRO JUNIOR, 168, CENTRO",PURO_SWING,#F4D03F,-3.27921,-60.80339,6,0.013,0.076,0.52,302,51.6,263,45.0,225,39.5,PURO_SWING,0.089,positiva,49.0,47.2,38.8
21,MANACAPURU,"TRAV. PRESIDENTE COSTA E SILVA, 1125, SÃO FRANCISCO",LULA+EB,#27AE60,-3.27065,-60.81577,6,0.036,0.115,0,350,53.9,271,41.8,270,43.4,LULA+EB,0.151,positiva,51.2,43.8,42.5
22,MANACAPURU,"RUA PRESIDENTE COSTA E SILVA, 1555, SÃO FRANCISCO",PURO_SWING,#F4D03F,-3.30088,-60.78223,6,0.014,0.029,0.52,285,51.7,252,45.7,180,34.8,PURO_SWING,0.043,positiva,49.1,48.0,34.1
23,MANACAPURU,"RUA PRESIDENTE COSTA E SILVA, 1555, SÃO FRANCISCO",PURO_SWING,#F4D03F,-3.28855,-60.80194,6,0.002,0.033,0.51,271,50.6,255,47.6,184,35.2,PURO_SWING,0.035,estável,48.0,50.0,34.5
24,MANACAPURU,"AVENIDA RIBEIRO JUNIOR, 168, CENTRO",LULA+EB,#27AE60,-3.26287,-60.79091,6,0.064,0.073,0.57,324,56.7,232,40.6,215,39.2,LULA+EB,0.137,positiva,53.9,42.7,38.4
25,MANACAPURU,"AVENIDA RIBEIRO JUNIOR, 168, CENTRO",LULA+EB,#27AE60,-3.28163,-60.79938,6,0.07,0.041,0.57,318,57.3,223,40.2,192,36.0,LULA+EB,0.111,positiva,54.4,42.2,35.3
26,MANACAPURU,"AVENIDA RIBEIRO JUNIOR, 168, CENTRO",PURO_SWING,#F4D03F,-3.32774,-60.74886,6,0.01,0.034,0.51,293,51.3,264,46.2,194,35.3,PURO_SWING,0.044,positiva,48.7,48.5,34.6
27,MANACAPURU,"AVENIDA RIBEIRO JUNIOR, 168, CENTRO",PURO_SWING,#F4D03F,-3.27899,-60.77128,6,0.044,0.115,0.55,316,54.8,243,42.1,240,43.4,PURO_SWING,0.159,positiva,52.0,44.2,42.5
28,MANACAPURU,"AVENIDA GETÚLIO VARGAS, 422, CENTRO",PURO_SWING,#F4D03F,-3.29583,-60.79446,6,0.034,0.053,0.54,267,53.7,216,43.5,178,37.2,PURO_SWING,0.087,positiva,51.0,45.6,36.5
29,MANACAPURU,"AVENIDA GETÚLIO VARGAS, 422, CENTRO",LULA+EB,#27AE60,-3.30611,-60.84587,6,0.053,0.051,0.56,292,55.6,207,39.4,187,37.0,LULA+EB,0.104,positiva,52.8,41.4,36.3
30,MANACAPURU,"AVENIDA EDUARDO RIBEIRO, 215, COHABAM",EB_PURO,#8E44AD,-3.34308,-60.76864,6,-0.023,0.067,0.48,157,48.0,158,48.3,124,38.6,EB_PURO,0.044,estável,45.6,50.7,37.9
31,MANACAPURU,"RUA GASPAR FERNANDES, 610, APARECIDA",LULA+EB,#27AE60,-3.27249,-60.82844,6,0.063,0.038,0.57,321,56.6,230,40.6,192,35.8,LULA+EB,0.101,positiva,53.8,42.6,35.0
32,MANACAPURU,"AVENIDA PADRE RAFAEL, 393, CENTRO",EB_PURO,#8E44AD,-3.28952,-60.79548,6,-0.057,0.063,0.45,267,44.6,301,50.3,223,38.2,EB_PURO,0.005,negativa,42.3,52.8,37.4
33,MANACAPURU,"AVENIDA CORRENTEZA, 1843, CORRENTEZA",LULA+EB,#27AE60,-3.32824,-60.77774,6,0.068,0.037,0.57,332,57.1,231,39.8,197,35.6,LULA+EB,0.105,positiva,54.3,41.7,34.9
34,MANACAPURU,"AVENIDA CORRENTEZA, 1843, CORRENTEZA",LULA+EB,#27AE60,-3.29804,-60.76209,6,0.106,0.02,0.61,354,60.9,213,36.7,190,33.9,LULA+EB,0.126,positiva,57.9,38.5,33.2
35,MANACAPURU,"AVENIDA EDUARDO RIBEIRO, 215, COHABAM",EB_PURO,#8E44AD,-3.34628,-60.79836,6,-0.066,0.074,0,279,43.7,344,53.9,244,39.4,EB_PURO,0.008,negativa,41.5,56.6,38.6
36,MANACAPURU,"AVENIDA EDUARDO RIBEIRO, 215, COHABAM",EB_PURO,#8E44AD,-3.33257,-60.75561,6,-0.073,0.034,0.43,276,43.0,326,50.8,219,35.3,EB_PURO,-0.039,negativa,40.8,53.3,34.6
37,MANACAPURU,"AVENIDA EDUARDO RIBEIRO, S/N, CENTRO",LULA+EB,#27AE60,-3.29833,-60.84295,6,0.166,0.087,0.67,291,66.9,135,31.0,169,40.6,LULA+EB,0.253,positiva,63.6,32.6,39.8
38,MANACAPURU,"AVENIDA RIBEIRO JUNIOR, 168, CENTRO",PURO_SWING,#F4D03F,-3.30491,-60.78231,6,0.026,0.068,0.53,310,52.9,260,44.4,219,38.7,PURO_SWING,0.093,positiva,50.3,46.6,37.9
39,MANACAPURU,"AVENIDA BOULEVARD PEDRO RATES DE OLIVEIRA, S/N , TERRA PRETA",PURO_SWING,#F4D03F,-3.33097,-60.7789,6,-0.004,0.024,0.5,280,49.9,265,47.2,184,34.3,PURO_SWING,0.02,estável,47.4,49.6,33.6
40,MANACAPURU,"AVENIDA CORRENTEZA, 1843, CORRENTEZA",LULA+EB,#27AE60,-3.33565,-60.75231,6,0.12,0.094,0.62,364,62.3,210,36.0,234,41.3,LULA+EB,0.214,positiva,59.2,37.8,40.5
41,MANACAPURU,"RUA PAULO JACOB, 366, BIRIBIRI",LULA+EB,#27AE60,-3.28606,-60.77508,6,0.104,0.051,0.61,266,60.7,162,37.0,154,37.0,LULA+EB,0.155,positiva,57.7,38.8,36.3
42,MANACAPURU,"RUA PAULO JACOB, 366, BIRIBIRI",LULA+EB,#27AE60,-3.27361,-60.81972,6,0.068,0.041,0.57,257,57.1,182,40.4,154,36.0,LULA+EB,0.108,positiva,54.3,42.5,35.3
43,MANACAPURU,"RUA PAULO JACOB, 366, BIRIBIRI",LULA+EB,#27AE60,-3.29838,-60.77344,6,0.091,0.009,0.59,268,59.4,171,37.9,140,32.9,LULA+EB,0.1,positiva,56.5,39.8,32.2
44,MANACAPURU,"RUA JOÃO DE DEUS, 1923, LIBERDADE",PURO_SWING,#F4D03F,-3.29444,-60.79216,6,0.033,0.031,0.54,314,53.6,261,44.5,200,35.0,PURO_SWING,0.064,positiva,50.9,46.8,34.3
45,MANACAPURU,"RUA JOÃO DE DEUS, 1923, LIBERDADE",PURO_SWING,#F4D03F,-3.2705,-60.79547,6,0.008,-0.002,0.51,308,51.1,281,46.6,186,31.7,PURO_SWING,0.006,estável,48.5,48.9,31.1
46,MANACAPURU,"RUA H, 2092, LIBERDADE",EB_PURO,#8E44AD,-3.29026,-60.80098,6,-0.017,0.016,0.49,278,48.6,283,49.5,186,33.6,EB_PURO,-0.001,estável,46.2,51.9,32.9
47,MANACAPURU,"RUA H, 2092, LIBERDADE",PURO_SWING,#F4D03F,-3.29023,-60.82689,6,0.021,0.036,0.52,303,52.4,256,44.3,191,35.6,PURO_SWING,0.057,positiva,49.8,46.5,34.9
48,MANACAPURU,"RUA H, 2092, LIBERDADE",PURO_SWING,#F4D03F,-3.27779,-60.75563,6,0.011,0.046,0.51,301,51.5,271,46.3,210,36.5,PURO_SWING,0.057,positiva,48.9,48.6,35.8
49,MANACAPURU,"RUA H, 2092, LIBERDADE",PURO_SWING,#F4D03F,-3.27681,-60.80783,6,0.039,0.007,0.54,300,54.2,245,44.3,174,32.6,PURO_SWING,0.046,positiva,51.5,46.5,31.9
50,MANACAPURU,"AM-70, RAMAL DA COM. BELA VISTA, ZONA RURAL",LULA+EB,#27AE60,-3.32055,-60.82098,6,0.107,0.231,0.61,197,61.0,115,35.6,170,55.0,LULA+EB,0.338,positiva,57.9,37.4,53.9
51,MANACAPURU,"AM-70, RAMAL DA COM. BELA VISTA, ZONA RURAL",LULA+EB,#27AE60,-3.28106,-60.76828,6,0.111,0.175,0.61,396,61.4,235,36.4,300,49.4,LULA+EB,0.286,positiva,58.3,38.3,48.4
52,MANACAPURU,"AM-70, RAMAL DA COM. BELA VISTA, ZONA RURAL",LULA+EB,#27AE60,-3.33434,-60.77594,6,0.107,0.202,0.61,380,61.0,222,35.6,308,52.1,LULA+EB,0.309,positiva,57.9,37.4,51.1
53,MANACAPURU,"AM-70, RAMAL DA COM. BELA VISTA, ZONA RURAL",LULA+EB,#27AE60,-3.28855,-60.78939,6,0.059,0.163,0.56,334,56.2,238,40.1,272,48.2,LULA+EB,0.222,positiva,53.4,42.1,47.3
54,MANACAPURU,"RUA PRESIDENTE COSTA E SILVA, 1555, SÃO FRANCISCO",PURO_SWING,#F4D03F,-3.31598,-60.7423,6,-0.007,0.039,0.5,277,49.6,264,47.3,191,35.8,PURO_SWING,0.032,estável,47.2,49.7,35.1
55,MANACAPURU,"RUA PRESIDENTE COSTA E SILVA, 1555, SÃO FRANCISCO",PURO_SWING,#F4D03F,-3.31746,-60.83439,6,0.01,0.043,0.51,285,51.4,259,46.7,189,36.2,PURO_SWING,0.053,estável,48.8,49.0,35.5
56,MANACAPURU,"RUA PEDRO MOURA, 380, TERRA PRETA",EB_PURO,#8E44AD,-3.30803,-60.79258,6,-0.02,0.017,0.48,240,48.3,246,49.5,161,33.6,EB_PURO,-0.003,estável,45.9,52.0,32.9
57,MANACAPURU,"RUA CAROLINA FERNANDES, 217, TERRA PRETA",PURO_SWING,#F4D03F,-3.30936,-60.81437,6,-0.004,0.052,0.5,273,49.9,255,46.6,194,37.2,PURO_SWING,0.048,estável,47.4,48.9,36.4
58,MANACAPURU,"RUA CAROLINA FERNANDES, 217, TERRA PRETA",LULA+EB,#27AE60,-3.32778,-60.80196,6,0.057,0.083,0.56,314,56.1,229,40.9,217,40.2,LULA+EB,0.14,positiva,53.3,42.9,39.4
59,MANACAPURU,"COM. CAMPINAS, MARGEM ESQUERDA DO RIO MANACAPURU, ZONA RURAL",EB_PURO,#8E44AD,-3.29689,-60.8425,6,-0.066,0.099,0.44,214,43.7,257,52.4,194,41.8,EB_PURO,0.032,negativa,41.5,55.1,41.0
60,MANACAPURU,"COM. CAVIANA, MARGEM DIREITA DO RIO SOLIMÕES, ZONA RURAL",LULA+EB,#27AE60,-3.30427,-60.79475,6,0.142,0.037,0.64,296,64.5,148,32.2,157,35.6,LULA+EB,0.178,positiva,61.3,33.9,34.9
61,MANACAPURU,"COM. CAVIANA, MARGEM DIREITA DO RIO SOLIMÕES, ZONA RURAL",LULA+EB,#27AE60,-3.28534,-60.76506,6,0.184,0.074,0.69,323,68.7,134,28.5,179,39.3,LULA+EB,0.258,positiva,65.3,29.9,38.6
62,MANACAPURU,"COM. SACAMBU, RIO MANACAPURU, MARGEM ESQUERDA, ZONA RURAL",LULA+EB,#27AE60,-3.26028,-60.77715,6,0.224,0.34,0.73,474,72.7,167,25.6,414,65.9,LULA+EB,0.564,positiva,69.1,26.9,64.6
63,MANACAPURU,"COM. IAUARA, MARGEM ESQ DO RIO SOLIMÕES, ZONA RURAL",PURO_SWING,#F4D03F,-3.30236,-60.81586,6,0.188,-0.035,0.69,76,69.1,31,28.2,31,28.4,PURO_SWING,0.153,positiva,65.6,29.6,27.9
64,MANACAPURU,"COM. CASTANHO, RIO MANACAPURU,  MARGEM ESQUERDA, ZONA RURAL",LULA+EB,#27AE60,-3.3038,-60.79433,6,0.369,0.26,0.87,632,87.2,80,11.0,397,58.0,LULA+EB,0.629,positiva,82.8,11.6,56.8
81,MANACAPURU,"RUA CAROLINA FERNANDES, 217, TERRA PRETA",EB_PURO,#8E44AD,-3.28546,-60.77006,6,-0.041,0.037,0.46,250,46.2,269,49.7,185,35.6,EB_PURO,-0.004,estável,43.9,52.2,34.9
82,MANACAPURU,"AVENIDA CORRENTEZA, 1843, CORRENTEZA",LULA+EB,#27AE60,-3.30109,-60.79858,6,0.138,0.06,0.64,366,64.1,181,31.7,212,37.9,LULA+EB,0.198,positiva,60.9,33.3,37.2
83,MANACAPURU,"RUA JOÃO DE DEUS, 1923, LIBERDADE",PURO_SWING,#F4D03F,-3.28775,-60.74517,6,0.021,0.027,0.52,319,52.4,268,44.0,206,34.6,PURO_SWING,0.048,positiva,49.8,46.2,33.9
90,MANACAPURU,"AVENIDA CORRENTEZA, 1843, CORRENTEZA",LULA+EB,#27AE60,-3.28781,-60.74823,6,0.094,0.045,0.6,345,59.7,218,37.7,201,36.4,LULA+EB,0.139,positiva,56.7,39.6,35.7
92,MANACAPURU,"RUA QUINTINO BOCAIÚVA, 902, CENTRO",EB_PURO,#8E44AD,-3.30208,-60.79833,6,-0.028,0.046,0.48,301,47.6,313,49.4,223,36.5,EB_PURO,0.018,estável,45.2,51.9,35.8
93,MANACAPURU,"RUA QUINTINO BOCAIÚVA, 902, CENTRO",PURO_SWING,#F4D03F,-3.29664,-60.80646,6,-0.018,0.068,0.49,304,48.6,302,48.2,233,38.7,PURO_SWING,0.05,estável,46.1,50.7,37.9
94,MANACAPURU,"RUA QUINTINO BOCAIÚVA, 902, CENTRO",PURO_SWING,#F4D03F,-3.30598,-60.78152,6,0.007,0.055,0.51,311,51.0,285,46.7,225,37.4,PURO_SWING,0.062,estável,48.4,49.1,36.7
96,MANACAPURU,"AVENIDA EDUARDO RIBEIRO, 215, COHABAM",LULA+EB,#27AE60,-3.2858,-60.80489,6,0.018,0.088,0,332,52.1,285,44.7,251,40.7,LULA+EB,0.105,positiva,49.5,47.0,39.9
98,MANACAPURU,"RUA PROF. GILBERTO MESTRINHO, S/N, LIBERDADE",EB_PURO,#8E44AD,-3.31614,-60.82972,6,-0.038,-0.004,0.47,284,46.6,310,50.8,184,31.5,EB_PURO,-0.042,estável,44.2,53.4,30.9
99,MANACAPURU,"RUA PRESIDENTE COSTA E SILVA, 1555, SÃO FRANCISCO",PURO_SWING,#F4D03F,-3.30679,-60.78829,6,-0.009,0.019,0.49,277,49.4,271,48.3,177,33.8,PURO_SWING,0.01,estável,46.9,50.7,33.2
100,MANACAPURU,"RUA CAROLINA FERNANDES, 217, TERRA PRETA",PURO_SWING,#F4D03F,-3.26167,-60.82215,6,0.011,0.081,0.51,289,51.4,253,45.0,218,40.1,PURO_SWING,0.092,positiva,48.9,47.3,39.3
101,MANACAPURU,"COM. CAMPINAS, MARGEM ESQUERDA DO RIO MANACAPURU, ZONA RURAL",EB_PURO,#8E44AD,-3.30379,-60.82746,6,-0.09,0.0,0.41,194,41.3,253,53.8,146,31.9,EB_PURO,-0.09,negativa,39.2,56.5,31.3
103,MANACAPURU,"AVENIDA BOULEVARD PEDRO RATES DE OLIVEIRA, S/N , TERRA PRETA",PURO_SWING,#F4D03F,-3.31737,-60.79667,6,0.002,0.052,0.51,295,50.5,266,45.5,209,37.1,PURO_SWING,0.054,estável,48.0,47.8,36.4
104,MANACAPURU,"AVENIDA EDUARDO RIBEIRO, S/N, CENTRO",LULA+EB,#27AE60,-3.27182,-60.7941,6,0.094,0.081,0.6,259,59.7,153,35.3,162,40.0,LULA+EB,0.174,positiva,56.7,37.0,39.2
105,MANACAPURU,"RUA PROF. GILBERTO MESTRINHO, S/N, LIBERDADE",EB_PURO,#8E44AD,-3.34236,-60.7928,6,-0.024,0.036,0.48,293,47.9,301,49.2,208,35.6,EB_PURO,0.012,estável,45.5,51.6,34.8
106,MANACAPURU,"RUA GASPAR FERNANDES, 610, APARECIDA",PURO_SWING,#F4D03F,-3.30542,-60.7964,6,0.022,0.029,0.53,310,52.5,269,45.6,200,34.8,PURO_SWING,0.051,positiva,49.9,47.9,34.1
107,MANACAPURU,"RUA JOÃO DE DEUS, 1923, LIBERDADE",PURO_SWING,#F4D03F,-3.29996,-60.74571,6,0.003,0.019,0.51,305,50.7,284,47.2,195,33.8,PURO_SWING,0.022,estável,48.1,49.5,33.1
108,MANACAPURU,"RUA PAULO JACOB, 366, BIRIBIRI",LULA+EB,#27AE60,-3.29859,-60.83699,6,0.096,0.055,0.6,272,59.9,171,37.7,163,37.4,LULA+EB,0.15,positiva,56.9,39.5,36.6
110,MANACAPURU,"RUA H, 2092, LIBERDADE",PURO_SWING,#F4D03F,-3.29332,-60.81753,6,0.039,0.052,0.54,349,54.2,280,43.5,231,37.1,PURO_SWING,0.091,positiva,51.5,45.7,36.4
111,MANACAPURU,"AVENIDA BOULEVARD PEDRO RATES DE OLIVEIRA, S/N , TERRA PRETA",PURO_SWING,#F4D03F,-3.30268,-60.75971,6,0.023,0.04,0.53,312,52.6,258,43.5,204,35.9,PURO_SWING,0.063,positiva,50.0,45.7,35.2
112,MANACAPURU,"AVENIDA BOULEVARD PEDRO RATES DE OLIVEIRA, S/N , TERRA PRETA",PURO_SWING,#F4D03F,-3.33175,-60.84005,6,-0.018,0.06,0.49,260,48.5,259,48.3,195,37.9,PURO_SWING,0.042,estável,46.1,50.7,37.2
113,MANACAPURU,"RUA PRESIDENTE COSTA E SILVA, 1555, SÃO FRANCISCO",PURO_SWING,#F4D03F,-3.33396,-60.83058,6,0.029,0.081,0.53,296,53.2,241,43.3,216,40.0,PURO_SWING,0.11,positiva,50.6,45.5,39.2
114,MANACAPURU,"AVENIDA PADRE RAFAEL, 393, CENTRO",PURO_SWING,#F4D03F,-3.31511,-60.77972,6,-0.023,0.061,0.48,292,48.0,292,48.0,225,38.1,PURO_SWING,0.038,estável,45.6,50.4,37.3
115,MANACAPURU,"RUA PROF. GILBERTO MESTRINHO, S/N, LIBERDADE",PURO_SWING,#F4D03F,-3.28024,-60.77074,6,0.017,0.081,0.52,314,52.0,277,45.9,230,40.1,PURO_SWING,0.098,positiva,49.4,48.2,39.3
116,MANACAPURU,"COM. CAVIANA, MARGEM DIREITA DO RIO SOLIMÕES, ZONA RURAL",LULA+EB,#27AE60,-3.29097,-60.7888,6,0.191,0.043,0.69,324,69.4,133,28.5,165,36.2,LULA+EB,0.233,positiva,65.9,29.9,35.5
117,MANACAPURU,"RUA JOÃO DE DEUS, 1923, LIBERDADE",PURO_SWING,#F4D03F,-3.33449,-60.82739,6,0.025,-0.0,0.53,315,52.9,262,44.0,184,31.9,PURO_SWING,0.025,positiva,50.2,46.2,31.3
118,MANACAPURU,"COM. REPART. DO TUIUÉ, MARGEM DIREITA DO RIO SOLIMÕES, ZONA RURAL",PURO_SWING,#F4D03F,-3.30608,-60.79294,6,0.022,0.055,0.53,279,52.5,240,45.2,191,37.5,PURO_SWING,0.077,positiva,49.9,47.5,36.7
119,MANACAPURU,"COM. PESQUEIRO, RIO SOLIMÕES, ZONA RURAL",LULA+EB,#27AE60,-3.27371,-60.77143,6,0.305,0.243,0.81,443,80.8,67,12.2,297,56.2,LULA+EB,0.548,positiva,76.8,12.8,55.1
120,MANACAPURU,"COM. BOCA DO JACARÉ, MARGEM DIREITA DO RIO SOLIMÕES, ZONA RURAL",LULA+EB,#27AE60,-3.27625,-60.78226,6,0.245,0.261,0.75,402,74.9,128,23.8,300,58.0,LULA+EB,0.506,positiva,71.1,25.0,56.9
121,MANACAPURU,"RUA PRESIDENTE COSTA E SILVA, 1555, SÃO FRANCISCO",EB_PURO,#8E44AD,-3.30029,-60.78755,6,-0.068,0.034,0.43,250,43.5,307,53.4,193,35.3,EB_PURO,-0.035,negativa,41.3,56.1,34.6
122,MANACAPURU,"COM. PARATARIZINHO, MARGEM DIREITA DO RIO SOLIMÕES, ZONA RURAL",LULA+EB,#27AE60,-3.26539,-60.81315,6,0.322,0.282,0.83,540,82.6,107,16.4,380,60.1,LULA+EB,0.604,positiva,78.4,17.2,58.9
123,MANACAPURU,"AVENIDA BOULEVARD PEDRO RATTES DE OLIVEIRA, 753, CENTRO",PURO_SWING,#F4D03F,-3.33448,-60.79347,6,0.003,0.075,0.51,296,50.6,269,46.0,219,39.4,PURO_SWING,0.077,estável,48.1,48.3,38.6
124,MANACAPURU,"AVENIDA GETÚLIO VARGAS, 422, CENTRO",PURO_SWING,#F4D03F,-3.32588,-60.82638,6,0.027,0.046,0.53,295,53.1,246,44.2,196,36.6,PURO_SWING,0.074,positiva,50.4,46.5,35.8
125,MANACAPURU,"RUA CAROLINA FERNANDES, 217, TERRA PRETA",PURO_SWING,#F4D03F,-3.3139,-60.81196,6,0.003,0.031,0.51,269,50.7,247,46.5,178,35.0,PURO_SWING,0.034,estável,48.1,48.8,34.3
126,MANACAPURU,"RUA PAULO JACOB, 366, BIRIBIRI",LULA+EB,#27AE60,-3.27807,-60.77208,6,0.116,0.025,0.62,288,61.9,162,34.8,157,34.4,LULA+EB,0.141,positiva,58.8,36.6,33.7
128,MANACAPURU,"RUA PEDRO MOURA, 380, TERRA PRETA",EB_PURO,#8E44AD,-3.27633,-60.82372,6,-0.041,0.029,0.46,254,46.3,277,50.5,181,34.8,EB_PURO,-0.012,estável,44.0,53.0,34.1
129,MANACAPURU,"RUA GASPAR FERNANDES, 2035, APARECIDA",LULA+EB,#27AE60,-3.31067,-60.79197,6,0.058,0.004,0.56,337,56.1,249,41.4,185,32.3,LULA+EB,0.062,positiva,53.3,43.5,31.7
130,MANACAPURU,"RUA GASPAR FERNANDES, 2035, APARECIDA",PURO_SWING,#F4D03F,-3.29364,-60.76808,6,0.026,0.037,0.53,325,52.9,276,45.0,210,35.7,PURO_SWING,0.063,positiva,50.3,47.2,34.9
131,MANACAPURU,"RUA GASPAR FERNANDES, 610, APARECIDA",PURO_SWING,#F4D03F,-3.32207,-60.83862,6,-0.009,0.052,0.49,294,49.4,283,47.6,211,37.1,PURO_SWING,0.043,estável,46.9,49.9,36.4
132,MANACAPURU,"RUA GASPAR FERNANDES, 610, APARECIDA",PURO_SWING,#F4D03F,-3.35746,-60.79781,6,-0.002,0.028,0.5,296,50.2,270,45.8,197,34.7,PURO_SWING,0.027,estável,47.7,48.1,34.0
133,MANACAPURU,"COMUN. SÃO JOÃO DO UBIM, AM-70,  ZONA RURAL",PURO_SWING,#F4D03F,-3.31836,-60.82239,6,-0.003,0.125,0.5,330,50.0,312,47.3,277,44.5,PURO_SWING,0.122,estável,47.5,49.6,43.6
134,MANACAPURU,"RUA DANIEL SIMOES, 3726, SÃO JOSÉ",EB_PURO,#8E44AD,-3.28762,-60.79509,6,-0.031,0.031,0.47,281,47.2,300,50.4,196,35.0,EB_PURO,-0.0,estável,44.9,52.9,34.3
135,MANACAPURU,"RUA GASPAR FERNANDES, 2035, APARECIDA",PURO_SWING,#F4D03F,-3.3058,-60.79941,6,0.047,0.053,0.55,331,55.0,261,43.4,215,37.3,PURO_SWING,0.1,positiva,52.2,45.5,36.5
136,MANACAPURU,"RUA JOANA D ANGELO, 2224, BIRIBIRI",LULA+EB,#27AE60,-3.30274,-60.79307,6,0.072,0.108,0.58,279,57.5,196,40.4,203,42.7,LULA+EB,0.18,positiva,54.6,42.4,41.9
137,MANACAPURU,"RUA JOANA D ANGELO, 2224, BIRIBIRI",LULA+EB,#27AE60,-3.31596,-60.7677,6,0.06,0.077,0.56,280,56.3,205,41.2,188,39.7,LULA+EB,0.137,positiva,53.5,43.3,38.9
140,MANACAPURU,"COM. ENA, MARGEM DIREITA DO RIO MANACAPURU, ZONA RURAL",EB_PURO,#8E44AD,-3.30597,-60.78364,6,-0.055,0.013,0.45,197,44.8,234,53.2,139,33.3,EB_PURO,-0.042,negativa,42.5,55.8,32.6
141,MANACAPURU,"AVENIDA CORRENTEZA, 1843, CORRENTEZA",LULA+EB,#27AE60,-3.34276,-60.77196,6,0.065,0.06,0.57,325,56.8,236,41.3,211,37.9,LULA+EB,0.125,positiva,54.0,43.3,37.2
142,MANACAPURU,"RUA PROF. GILBERTO MESTRINHO, S/N, LIBERDADE",PURO_SWING,#F4D03F,-3.29405,-60.79293,6,0.002,-0.01,0.5,304,50.5,290,48.2,173,30.9,PURO_SWING,-0.008,estável,48.0,50.6,30.3
143,MANACAPURU,"RUA JOANA D ANGELO, 2224, BIRIBIRI",LULA+EB,#27AE60,-3.30059,-60.79958,6,0.063,0.085,0.57,274,56.6,195,40.3,187,40.4,LULA+EB,0.147,positiva,53.8,42.3,39.6
144,MANACAPURU,"RUA CAROLINA FERNANDES, 217, TERRA PRETA",PURO_SWING,#F4D03F,-3.31764,-60.77449,6,-0.012,0.009,0.49,276,49.1,266,47.3,179,32.8,PURO_SWING,-0.004,estável,46.7,49.7,32.1
145,MANACAPURU,"RUA CAROLINA FERNANDES, 217, TERRA PRETA",PURO_SWING,#F4D03F,-3.30787,-60.78994,6,0.02,0.017,0.52,274,52.3,232,44.3,171,33.7,PURO_SWING,0.037,positiva,49.7,46.5,33.0
146,MANACAPURU,"RUA CAROLINA FERNANDES, 217, TERRA PRETA",PURO_SWING,#F4D03F,-3.29806,-60.81414,6,0.016,0.026,0.52,287,51.9,255,46.1,180,34.5,PURO_SWING,0.041,positiva,49.3,48.4,33.8
147,MANACAPURU,"AVENIDA GETÚLIO VARGAS, 422, CENTRO",PURO_SWING,#F4D03F,-3.29484,-60.78651,6,-0.012,0.043,0.49,265,49.1,257,47.6,190,36.2,PURO_SWING,0.03,estável,46.6,50.0,35.5
148,MANACAPURU,"RUA GASPAR FERNANDES, 2035, APARECIDA",EB_PURO,#8E44AD,-3.27272,-60.81492,6,-0.03,0.039,0.47,279,47.4,289,49.1,201,35.8,EB_PURO,0.009,estável,45.0,51.5,35.1
149,MANACAPURU,"RUA CAROLINA FERNANDES, 217, TERRA PRETA",PURO_SWING,#F4D03F,-3.26654,-60.76387,6,-0.009,0.036,0.49,261,49.4,254,48.1,176,35.6,PURO_SWING,0.027,estável,47.0,50.5,34.8
150,MANACAPURU,"COM. MANAIRÃO, AM-352, KM 35, ZONA RURAL",PURO_SWING,#F4D03F,-3.32555,-60.77755,6,0.018,0.109,0.52,367,52.1,319,45.3,289,42.9,PURO_SWING,0.128,positiva,49.5,47.6,42.0
151,MANACAPURU,"COM. AJATAUBA II, MARGEM ESQUERDA DO RIO SOLIMOES, ZONA RURAL",LULA+EB,#27AE60,-3.32095,-60.81225,6,0.207,0.139,0,164,71.0,58,25.1,104,45.8,LULA+EB,0.346,positiva,67.4,26.4,44.9
152,MANACAPURU,"COM. ILHA DO AJARATUBA, MARGEM DIREITA DO RIO SOLIMOES, ZONA RURAL",LULA+EB,#27AE60,-3.30444,-60.79231,6,0.118,0.069,0,264,62.1,147,34.6,158,38.8,LULA+EB,0.187,positiva,59.0,36.3,38.0
153,MANACAPURU,"AM-70, COM. ARAPAPÁ, RAMAL DO BELA VISTA, ZONA RURAL",LULA+EB,#27AE60,-3.34343,-60.7697,6,0.094,0.203,0.6,463,59.7,294,37.9,391,52.2,LULA+EB,0.297,positiva,56.8,39.8,51.2
155,MANACAPURU,"COM. REPART. DO TUIUÉ, MARGEM DIREITA DO RIO SOLIMÕES, ZONA RURAL",LULA+EB,#27AE60,-3.31472,-60.81963,6,0.057,0.103,0.56,296,56.1,223,42.2,217,42.2,LULA+EB,0.16,positiva,53.3,44.3,41.4
158,MANACAPURU,"AVENIDA RIBEIRO JUNIOR, 168, CENTRO",PURO_SWING,#F4D03F,-3.3374,-60.75825,6,0.003,0.028,0.51,295,50.6,271,46.5,197,34.7,PURO_SWING,0.031,estável,48.1,48.8,34.0
159,MANACAPURU,"AVENIDA EDUARDO RIBEIRO, S/N, CENTRO",LULA+EB,#27AE60,-3.3223,-60.79935,6,0.178,0.133,0.68,280,68.1,116,28.2,179,45.2,LULA+EB,0.311,positiva,64.7,29.6,44.3
160,MANACAPURU,"RUA PAULO JACOB, 366, BIRIBIRI",PURO_SWING,#F4D03F,-3.3228,-60.76358,6,0.021,0.009,0.52,239,52.4,205,45.0,142,32.8,PURO_SWING,0.03,positiva,49.8,47.2,32.1
161,MANACAPURU,"RUA ITACOATIARA, ESTADIO GILBERTAO, UNIÃO",EB_PURO,#8E44AD,-3.31179,-60.79439,6,-0.079,0.016,0.42,246,42.4,314,54.1,190,33.5,EB_PURO,-0.063,negativa,40.3,56.8,32.8
162,MANACAPURU,"RUA PAULO JACOB, 366, BIRIBIRI",PURO_SWING,#F4D03F,-3.29134,-60.81641,6,0.048,0.047,0.55,254,55.1,198,43.0,165,36.6,PURO_SWING,0.094,positiva,52.3,45.1,35.9
163,MANACAPURU,"RUA DANIEL SIMOES, 3726, SÃO JOSÉ",PURO_SWING,#F4D03F,-3.29176,-60.7934,6,-0.037,-0.033,0.47,283,46.6,316,52.1,170,28.6,PURO_SWING,-0.07,negativa,44.3,54.7,28.0
164,MANACAPURU,"AVENIDA EDUARDO RIBEIRO, S/N, CENTRO",LULA+EB,#27AE60,-3.28112,-60.79967,6,0.238,0.09,0.74,315,74.1,100,23.5,165,40.9,LULA+EB,0.328,positiva,70.4,24.7,40.1
165,MANACAPURU,"RUA DANIEL SIMOES, 3726, SÃO JOSÉ",EB_PURO,#8E44AD,-3.30696,-60.79916,6,-0.016,0.008,0.49,289,48.7,292,49.2,189,32.7,EB_PURO,-0.008,estável,46.3,51.7,32.0
166,MANACAPURU,"RUA GASPAR FERNANDES, 610, APARECIDA",EB_PURO,#8E44AD,-3.31391,-60.81774,6,-0.024,0.046,0.48,297,47.9,307,49.5,215,36.6,EB_PURO,0.022,estável,45.5,52.0,35.8
167,MANACAPURU,"RUA PAULO JACOB, 366, BIRIBIRI",LULA+EB,#27AE60,-3.32004,-60.79681,6,0.136,0.099,0.64,290,63.9,155,34.1,185,41.9,LULA+EB,0.235,positiva,60.7,35.8,41.0
170,MANACAPURU,"RUA RAIMUNDO PACHECO TELES, 625, APARECIDA",EB_PURO,#8E44AD,-3.2907,-60.82235,6,-0.029,0.039,0.47,275,47.4,285,49.1,199,35.8,EB_PURO,0.01,estável,45.0,51.6,35.1
171,MANACAPURU,"RUA PEDRO MOURA, 380, TERRA PRETA",PURO_SWING,#F4D03F,-3.32713,-60.79426,6,0.048,0.055,0.55,294,55.2,229,43.0,194,37.5,PURO_SWING,0.104,positiva,52.4,45.1,36.7
173,MANACAPURU,"RUA RAIMUNDO PACHECO TELES, 625, APARECIDA",PURO_SWING,#F4D03F,-3.27192,-60.79658,6,-0.046,-0.023,0.46,256,45.7,282,50.4,163,29.6,PURO_SWING,-0.07,estável,43.4,52.9,29.0
174,MANACAPURU,"RUA RAIMUNDO PACHECO TELES, 625, APARECIDA",BOLSO+EB,#E67E22,-3.29981,-60.77873,6,-0.091,-0.024,0.41,235,41.2,317,55.6,160,29.6,BOLSO+EB,-0.114,negativa,39.2,58.4,29.0
175,MANACAPURU,"RUA RAIMUNDO PACHECO TELES, 625, APARECIDA",EB_PURO,#8E44AD,-3.31869,-60.77353,6,-0.03,0.058,0.47,269,47.3,286,50.3,207,37.8,EB_PURO,0.028,estável,44.9,52.8,37.0
176,MANACAPURU,"RUA RAIMUNDO PACHECO TELES, 625, APARECIDA",EB_PURO,#8E44AD,-3.30448,-60.79549,6,-0.039,0.043,0.46,255,46.4,281,51.2,189,36.2,EB_PURO,0.004,estável,44.1,53.7,35.5
177,MANACAPURU,"COM. SUPIÁ, MARGEM ESQUERDA DO RIO SOLIMOES, ZONA RURAL",LULA+EB,#27AE60,-3.31896,-60.81338,6,0.196,0.107,0.7,186,69.9,71,26.7,104,42.6,LULA+EB,0.303,positiva,66.4,28.0,41.8
178,MANACAPURU,"RUA RAIMUNDO PACHECO TELES, 625, APARECIDA",EB_PURO,#8E44AD,-3.2913,-60.75165,6,-0.056,0.042,0.45,248,44.8,289,52.2,193,36.1,EB_PURO,-0.013,negativa,42.5,54.8,35.4
179,MANACAPURU,"COM. BOCA DO JACARÉ, MARGEM DIREITA DO RIO SOLIMÕES, ZONA RURAL",LULA+EB,#27AE60,-3.32786,-60.80766,6,0.294,0.278,0.8,432,79.7,102,18.8,313,59.7,LULA+EB,0.572,positiva,75.7,19.8,58.5
180,MANACAPURU,"COM. REPART. DO TUIUÉ, MARGEM DIREITA DO RIO SOLIMÕES, ZONA RURAL",LULA+EB,#27AE60,-3.31668,-60.84173,6,0.063,0.159,0.57,328,56.6,238,41.1,267,47.8,LULA+EB,0.222,positiva,53.8,43.2,46.9
181,MANACAPURU,"RUA ITACOATIARA, ESTADIO GILBERTAO, UNIÃO",EB_PURO,#8E44AD,-3.31212,-60.80045,6,-0.029,-0.006,0.47,271,47.5,283,49.6,171,31.3,EB_PURO,-0.035,estável,45.1,52.0,30.7
182,MANACAPURU,"RUA RAIMUNDO PACHECO TELES, 625, APARECIDA",EB_PURO,#8E44AD,-3.27974,-60.79242,6,-0.073,-0.012,0.43,239,43.0,305,54.9,166,30.7,EB_PURO,-0.086,negativa,40.8,57.6,30.1
183,MANACAPURU,"RUA OTAVIO ARAÚJO, 2614, MORADA DO SOL",PURO_SWING,#F4D03F,-3.27851,-60.79605,6,0.018,0.02,0.52,276,52.1,236,44.5,169,33.9,PURO_SWING,0.038,positiva,49.5,46.8,33.3
184,MANACAPURU,"RUA JOAQUIM DE MELO, 2032, NOVO MANACÁ",LULA+EB,#27AE60,-3.30546,-60.79892,6,0.069,-0.01,0.57,326,57.2,234,41.1,166,30.9,LULA+EB,0.059,positiva,54.3,43.1,30.3
185,MANACAPURU,"RUA WALDEMAR VENTURA, 985, SÃO JOSÉ",EB_PURO,#8E44AD,-3.30958,-60.82751,6,-0.059,-0.008,0.44,233,44.5,276,52.7,153,31.1,EB_PURO,-0.067,negativa,42.2,55.3,30.5
186,MANACAPURU,"RUA H, 2092, LIBERDADE",EB_PURO,#8E44AD,-3.29935,-60.83879,6,-0.045,0.021,0.46,287,45.8,331,52.8,209,34.0,EB_PURO,-0.025,negativa,43.5,55.4,33.3
187,MANACAPURU,"RUA CAROLINA FERNANDES, 217, TERRA PRETA",EB_PURO,#8E44AD,-3.29016,-60.81054,6,-0.024,0.074,0.48,261,47.9,267,49.0,207,39.3,EB_PURO,0.049,estável,45.5,51.4,38.5
189,MANACAPURU,"RUA QUINTINO BOCAIÚVA, 902, CENTRO",PURO_SWING,#F4D03F,-3.3431,-60.82233,6,-0.002,0.035,0.5,292,50.1,272,46.7,201,35.4,PURO_SWING,0.032,estável,47.6,49.0,34.7
190,MANACAPURU,"AM-70, RAMAL DO LARANJAL, KM 7, ZONA RURAL",LULA+EB,#27AE60,-3.30093,-60.77263,6,0.182,0.243,0.69,320,68.5,132,28.3,253,56.2,LULA+EB,0.425,positiva,65.1,29.7,55.1
191,MANACAPURU,"AVENIDA BOULEVARD PEDRO RATES DE OLIVEIRA, S/N , TERRA PRETA",EB_PURO,#8E44AD,-3.29308,-60.83789,6,-0.061,0.075,0,263,44.2,317,53.3,223,39.4,EB_PURO,0.013,negativa,42.0,55.9,38.6
192,MANACAPURU,"AVENIDA BOULEVARD PEDRO RATES DE OLIVEIRA, S/N , TERRA PRETA",EB_PURO,#8E44AD,-3.32649,-60.77402,6,-0.042,0.014,0.46,277,46.2,298,49.7,192,33.3,EB_PURO,-0.028,estável,43.9,52.2,32.7
193,MANACAPURU,"COMUN. SÃO JOÃO DO UBIM, AM-70,  ZONA RURAL",LULA+EB,#27AE60,-3.32861,-60.76471,6,0.099,0.217,0,212,60.2,127,36.1,184,53.6,LULA+EB,0.316,positiva,57.2,37.9,52.6
194,MANACAPURU,"COM. N. S. DO CARMO, MARGEM ESQ. DO IGARAPÉ DO MACUMIRIM, ZONA RURAL",LULA+EB,#27AE60,-3.2896,-60.82346,6,0.373,0.183,0.88,233,87.6,29,10.9,131,50.2,LULA+EB,0.555,positiva,83.2,11.4,49.2
195,MANACAPURU,"COM. N. S. PERP. SOCORRO, JAITEUA DE CIMA, ZONA RURAL",LULA+EB,#27AE60,-3.28222,-60.81621,6,0.226,0.153,0.73,294,73.0,108,26.8,187,47.2,LULA+EB,0.379,positiva,69.3,28.1,46.3
196,MANACAPURU,"RUA PROF. GILBERTO MESTRINHO, S/N, LIBERDADE",EB_PURO,#8E44AD,-3.27742,-60.78363,6,-0.016,-0.009,0.49,290,48.7,294,49.4,178,31.0,EB_PURO,-0.025,estável,46.3,51.9,30.4
197,MANACAPURU,"RUA GASPAR FERNANDES, 610, APARECIDA",PURO_SWING,#F4D03F,-3.29982,-60.79963,6,0.015,0.074,0.52,316,51.8,285,46.7,228,39.4,PURO_SWING,0.089,positiva,49.2,49.1,38.6
198,MANACAPURU,"AVENIDA BOULEVARD PEDRO RATES DE OLIVEIRA, S/N , TERRA PRETA",EB_PURO,#8E44AD,-3.25519,-60.77766,6,-0.019,0.042,0.48,285,48.4,295,50.1,205,36.2,EB_PURO,0.023,estável,46.0,52.6,35.4
199,MANACAPURU,"RUA RAIMUNDO PACHECO TELES, 625, APARECIDA",BOLSO+EB,#E67E22,-3.27061,-60.82006,6,-0.116,-0.026,0.39,222,38.7,332,57.8,160,29.4,BOLSO+EB,-0.142,negativa,36.7,60.7,28.8
200,MANACAPURU,"RUA PRESIDENTE COSTA E SILVA, 1555, SÃO FRANCISCO",EB_PURO,#8E44AD,-3.31857,-60.75433,6,-0.041,0.079,0.46,256,46.2,278,50.2,211,39.8,EB_PURO,0.038,estável,43.9,52.7,39.0
201,MANACAPURU,"RUA CAROLINA FERNANDES, 217, TERRA PRETA",PURO_SWING,#F4D03F,-3.28837,-60.81487,6,0.019,0.07,0.52,281,52.2,239,44.4,195,38.9,PURO_SWING,0.089,positiva,49.6,46.6,38.1
202,MANACAPURU,"RUA ITACOATIARA, ESTADIO GILBERTAO, UNIÃO",PURO_SWING,#F4D03F,-3.29121,-60.80627,6,-0.014,0.066,0.49,323,48.9,321,48.6,247,38.5,PURO_SWING,0.052,estável,46.5,51.1,37.8
203,MANACAPURU,"RUA CAROLINA FERNANDES, 217, TERRA PRETA",EB_PURO,#8E44AD,-3.31599,-60.77642,6,-0.023,0.015,0.48,252,48.0,261,49.7,170,33.4,EB_PURO,-0.009,estável,45.6,52.2,32.7
204,MANACAPURU,"RUA PROF. GILBERTO MESTRINHO, S/N, LIBERDADE",EB_PURO,#8E44AD,-3.27696,-60.80494,6,-0.025,0.017,0.48,298,47.8,313,50.2,203,33.7,EB_PURO,-0.008,estável,45.4,52.8,33.0
205,MANACAPURU,"COM. PALESTINA, AM-70, RAMAL DO CALADO, ZONA RURAL",DIFÍCIL,#E74C3C,-3.30217,-60.80749,6,-0.014,-0.068,0.49,229,48.9,229,48.9,113,25.2,DIFÍCIL,-0.082,estável,46.5,51.4,24.7
206,MANACAPURU,"RUA JOAQUIM DE MELO, 2032, NOVO MANACÁ",PURO_SWING,#F4D03F,-3.321,-60.7898,6,0.048,0.006,0.55,309,55.1,237,42.2,174,32.5,PURO_SWING,0.054,positiva,52.3,44.4,31.9
207,MANACAPURU,"COM. BOCA DO JACARÉ, MARGEM DIREITA DO RIO SOLIMÕES, ZONA RURAL",LULA+EB,#27AE60,-3.33691,-60.76025,6,0.264,0.26,0.77,388,76.7,108,21.3,284,58.0,LULA+EB,0.524,positiva,72.8,22.4,56.8
208,MANACAPURU,"AVENIDA RIBEIRO JUNIOR, 168, CENTRO",PURO_SWING,#F4D03F,-3.31359,-60.83175,6,0.015,0.047,0.52,295,51.8,261,45.9,201,36.7,PURO_SWING,0.063,positiva,49.3,48.2,35.9
209,MANACAPURU,"RUA WALDEMAR VENTURA, 985, SÃO JOSÉ",EB_PURO,#8E44AD,-3.30323,-60.79526,6,-0.074,0.003,0.43,235,42.9,297,54.2,169,32.3,EB_PURO,-0.071,negativa,40.7,56.9,31.6
210,MANACAPURU,"RUA PROF. GILBERTO MESTRINHO, S/N, LIBERDADE",PURO_SWING,#F4D03F,-3.26166,-60.80103,6,-0.036,-0.027,0.47,282,46.7,307,50.8,169,29.2,PURO_SWING,-0.064,estável,44.4,53.4,28.6
211,MANACAPURU,"RUA OTAVIO ARAÚJO, 2614, MORADA DO SOL",PURO_SWING,#F4D03F,-3.33022,-60.78614,6,0.022,0.063,0.52,297,52.5,250,44.2,206,38.2,PURO_SWING,0.084,positiva,49.8,46.4,37.5
212,MANACAPURU,"COM. LAGO DO CURURU, MARGEM DIREITA DO RIO SOLIMÕES, ZONA RURAL",LULA+EB,#27AE60,-3.30095,-60.78192,6,0.416,0.462,0.92,194,91.9,14,6.6,161,78.2,LULA+EB,0.878,positiva,87.3,7.0,76.6
213,MANACAPURU,"COM. COSTA DO PARATARI, MARGEM ESQUERDA DO RIO SOLIMÕES, ZONA RURAL",DIFÍCIL,#E74C3C,-3.30164,-60.80024,6,0.113,-0.057,0.62,199,61.6,117,36.2,83,26.2,DIFÍCIL,0.055,positiva,58.5,38.0,25.7
214,MANACAPURU,"COM. COSTA DO AJARATUBINHA, MARGEM ESQUERDA RIO SOLIMÕES, ZONA RURAL",LULA+EB,#27AE60,-3.34574,-60.82485,6,0.194,0.258,0.7,251,69.7,99,27.5,202,57.7,LULA+EB,0.452,positiva,66.2,28.9,56.6
215,MANACAPURU,"COM. PARANÁ DO PERIQUITO, MARGEM ESQUERDA DO RIO SOLIMÕES, ZONA RURAL",LULA+EB,#27AE60,-3.28749,-60.81048,6,0.405,0.209,0.91,325,90.8,32,8.9,184,52.9,LULA+EB,0.614,positiva,86.2,9.4,51.8
216,MANACAPURU,"COM. LAGO DO MUNDURUCUS, MARGENS DIREITA DO RIO SOLIMÕES, ZONA RURAL",LULA+EB,#27AE60,-3.31665,-60.78837,6,0.209,0.259,0.71,146,71.2,57,27.8,115,57.8,LULA+EB,0.468,positiva,67.7,29.2,56.6
217,MANACAPURU,"COM. VILA DO ÁGUIA, MARGEM ESQUERDA DO RIO MANACAPURU, ZONA RURAL",LULA+EB,#27AE60,-3.30365,-60.83495,6,0.332,0.288,0.84,340,83.5,61,15.0,238,60.7,LULA+EB,0.62,positiva,79.4,15.7,59.5
218,MANACAPURU,"COM. PIRANHA, MARGEM ESQUERDA DO RIO MANACAPURU, ZONA RURAL",PURO_SWING,#F4D03F,-3.29313,-60.7911,6,0.037,-0.009,0.54,120,54.1,99,44.6,67,31.0,PURO_SWING,0.028,positiva,51.4,46.8,30.4
219,MANACAPURU,"RUA CAROLINA FERNANDES, 217, TERRA PRETA",EB_PURO,#8E44AD,-3.30824,-60.77832,6,-0.027,0.068,0.48,261,47.6,278,50.7,205,38.7,EB_PURO,0.041,estável,45.2,53.3,37.9
220,MANACAPURU,"AM-70, KM 62, COM. BOM JARDIM, RAMAL NOVA ESPERANÇA, ZONA RURAL",LULA+EB,#27AE60,-3.27871,-60.78511,6,0.154,0.051,0.66,388,65.8,187,31.7,206,37.1,LULA+EB,0.206,positiva,62.5,33.3,36.3
226,MANACAPURU,"RUA GASPAR FERNANDES, 2035, APARECIDA",PURO_SWING,#F4D03F,-3.35011,-60.78746,6,0.048,0.041,0.55,316,55.1,246,42.9,198,36.0,PURO_SWING,0.089,positiva,52.4,45.1,35.3
227,MANACAPURU,"RUA PROF. GILBERTO MESTRINHO, S/N, LIBERDADE",EB_PURO,#8E44AD,-3.27373,-60.79417,6,-0.021,0.064,0.48,271,48.2,276,49.1,208,38.3,EB_PURO,0.043,estável,45.8,51.6,37.5
228,MANACAPURU,"RUA JOAQUIM DE MELO, 2032, NOVO MANACÁ",LULA+EB,#27AE60,-3.28061,-60.81053,6,0.08,0.045,0.58,340,58.3,221,37.9,205,36.4,LULA+EB,0.125,positiva,55.4,39.8,35.7
229,MANACAPURU,"RUA WALDEMAR VENTURA, 985, SÃO JOSÉ",EB_PURO,#8E44AD,-3.29901,-60.79435,6,-0.033,0.02,0.47,244,47.0,264,50.9,171,33.9,EB_PURO,-0.013,estável,44.7,53.4,33.2
230,MANACAPURU,"RUA PROF. GILBERTO MESTRINHO, S/N, LIBERDADE",LULA+EB,#27AE60,-3.30422,-60.78999,6,0.059,-0.013,0.56,326,56.2,238,41.0,172,30.6,LULA+EB,0.046,positiva,53.4,43.1,30.0
232,MANACAPURU,"RUA JOAQUIM DE MELO, 2032, NOVO MANACÁ",PURO_SWING,#F4D03F,-3.33819,-60.81904,6,0.027,0.076,0.53,305,53.0,258,44.9,218,39.6,PURO_SWING,0.104,positiva,50.4,47.1,38.8
233,MANACAPURU,"RUA OTAVIO ARAÚJO, 2614, MORADA DO SOL",PURO_SWING,#F4D03F,-3.29385,-60.74406,6,-0.001,0.014,0.5,258,50.2,245,47.7,162,33.3,PURO_SWING,0.013,estável,47.7,50.0,32.7
234,MANACAPURU,"RUA WALDEMAR VENTURA, 985, SÃO JOSÉ",PURO_SWING,#F4D03F,-3.30213,-60.80187,6,-0.017,0.007,0.49,254,48.7,254,48.7,163,32.6,PURO_SWING,-0.01,estável,46.2,51.1,31.9
235,MANACAPURU,"RUA PROF. GILBERTO MESTRINHO, S/N, LIBERDADE",EB_PURO,#8E44AD,-3.28891,-60.79726,6,-0.051,-0.003,0.45,267,45.2,312,52.8,178,31.7,EB_PURO,-0.054,negativa,42.9,55.4,31.0
236,MANACAPURU,"RUA JOAQUIM DE MELO, 2032, NOVO MANACÁ",PURO_SWING,#F4D03F,-3.32076,-60.78224,6,0.014,0.006,0.52,285,51.7,249,45.2,167,32.5,PURO_SWING,0.02,positiva,49.1,47.5,31.8
237,MANACAPURU,"AM-70, RAMAL DO LARANJAL, KM 7, ZONA RURAL",LULA+EB,#27AE60,-3.31938,-60.81413,6,0.103,0.176,0.61,317,60.6,192,36.7,249,49.5,LULA+EB,0.279,positiva,57.6,38.5,48.5
239,MANACAPURU,"RUA JOAQUIM DE MELO, 2032, NOVO MANACÁ",PURO_SWING,#F4D03F,-3.30163,-60.80331,6,0.044,0.053,0.55,296,54.7,231,42.7,193,37.3,PURO_SWING,0.097,positiva,52.0,44.8,36.5
284,MANACAPURU,"RUA WALDEMAR VENTURA, 985, SÃO JOSÉ",EB_PURO,#8E44AD,-3.32129,-60.7998,6,-0.035,0.01,0.47,258,46.8,280,50.8,171,32.9,EB_PURO,-0.025,estável,44.5,53.4,32.3
287,MANACAPURU,"RUA OTAVIO ARAÚJO, 2614, MORADA DO SOL",PURO_SWING,#F4D03F,-3.29416,-60.84641,6,-0.001,-0.036,0,265,50.2,257,48.7,143,28.4,PURO_SWING,-0.037,estável,47.7,51.1,27.8
288,MANACAPURU,"RUA WALDEMAR VENTURA, 985, SÃO JOSÉ",PURO_SWING,#F4D03F,-3.312,-60.79536,6,0.009,0.012,0,296,51.2,272,47.1,186,33.1,PURO_SWING,0.021,estável,48.7,49.4,32.4
290,MANACAPURU,"COM. BOCA DO JACARÉ, MARGEM DIREITA DO RIO SOLIMÕES, ZONA RURAL",LULA+EB,#27AE60,-3.29016,-60.78909,6,0.32,0.2,0,530,82.3,109,16.9,325,51.9,LULA+EB,0.52,positiva,78.2,17.8,50.9
291,MANACAPURU,COMUNIDADE SÃO PAULO - SACAMBU,LULA+EB,#27AE60,-3.30231,-60.75119,6,0.0,0.274,0,153,50.3,143,47.0,168,59.4,LULA+EB,0.274,estável,47.8,49.4,58.2
292,MANACAPURU,COM. TIMBÓ,LULA+EB,#27AE60,-3.29988,-60.79174,6,0.281,0.262,0,131,78.4,34,20.4,93,58.1,LULA+EB,0.543,positiva,74.5,21.4,57.0
294,MANACAPURU,"COM. SANTO ANTONIO, VILA DE CUMÃ",LULA+EB,#27AE60,-3.30055,-60.79718,6,0.32,0.544,0,107,82.3,21,16.2,107,86.3,LULA+EB,0.863,positiva,78.2,17.0,84.6
296,MANACAPURU,"AVENIDA RIBEIRO JUNIOR, 168, CENTRO",LULA+EB,#27AE60,-3.32447,-60.78527,6,0.032,0.063,0,122,53.5,97,42.5,84,38.2,LULA+EB,0.094,positiva,50.8,44.7,37.4
297,MANACAPURU,"RUA RAIMUNDO DIAS, S/N",LULA+EB,#27AE60,-3.30432,-60.8009,6,0.005,0.068,0,117,50.9,109,47.4,86,38.7,LULA+EB,0.074,estável,48.3,49.8,38.0
298,MANACAPURU,"AVENIDA BOULEVARD PEDRO RATES DE OLIVEIRA, S/N , TERRA PRETA",LULA+EB,#27AE60,-3.28981,-60.74312,6,0.144,0.072,0,163,64.7,85,33.7,95,39.1,LULA+EB,0.215,positiva,61.4,35.4,38.3
144,MANAQUIRI,"RUA SOLIMÕES, S/N",LULA+EB,#27AE60,-3.56809,-60.52115,6,0.157,0.187,0.66,336,66.0,165,32.4,252,50.6,LULA+EB,0.344,positiva,62.7,34.0,49.6
145,MANAQUIRI,"RUA SOLIMÕES, S/N",LULA+EB,#27AE60,-3.54951,-60.47917,6,0.19,0.226,0.69,351,69.4,141,27.9,264,54.5,LULA+EB,0.417,positiva,65.9,29.3,53.5
146,MANAQUIRI,"RUA SOLIMÕES, S/N",LULA+EB,#27AE60,-3.54684,-60.45017,6,0.127,0.181,0.63,332,63.0,182,34.5,256,50.0,LULA+EB,0.307,positiva,59.8,36.3,49.0
147,MANAQUIRI,"RUA SOLIMÕES, S/N",LULA+EB,#27AE60,-3.52413,-60.46836,6,0.138,0.186,0.64,339,64.1,177,33.5,262,50.5,LULA+EB,0.323,positiva,60.9,35.1,49.5
148,MANAQUIRI,"RUA SOLIMÕES, S/N",LULA+EB,#27AE60,-3.58764,-60.52169,6,0.093,0.132,0.6,311,59.6,198,37.9,227,45.1,LULA+EB,0.225,positiva,56.6,39.8,44.2
149,MANAQUIRI,"RUA SOLIMÕES, S/N",LULA+EB,#27AE60,-3.55936,-60.47653,6,0.081,0.126,0.58,297,58.5,197,38.8,217,44.6,LULA+EB,0.208,positiva,55.5,40.7,43.7
150,MANAQUIRI,"RUA SOLIMÕES, S/N",LULA+EB,#27AE60,-3.5664,-60.45944,6,0.065,0.168,0.57,298,56.9,213,40.6,249,48.7,LULA+EB,0.233,positiva,54.0,42.7,47.8
151,MANAQUIRI,"RUA SOLIMÕES, S/N",LULA+EB,#27AE60,-3.56126,-60.4817,6,0.114,0.207,0.62,313,61.7,185,36.5,256,52.7,LULA+EB,0.322,positiva,58.6,38.3,51.6
152,MANAQUIRI,"RUA SOLIMÕES, S/N",LULA+EB,#27AE60,-3.56234,-60.48294,6,0.097,0.151,0.6,312,60.0,197,37.9,236,47.0,LULA+EB,0.248,positiva,57.0,39.8,46.1
153,MANAQUIRI,"RUA SOLIMÕES, S/N",LULA+EB,#27AE60,-3.60192,-60.48181,6,0.084,0.106,0.59,289,58.7,191,38.8,203,42.6,LULA+EB,0.19,positiva,55.8,40.8,41.7
154,MANAQUIRI,"RUA SEBASTIAO GOMES, SN",LULA+EB,#27AE60,-3.54322,-60.48838,6,0.07,0.145,0.57,247,57.3,171,39.7,193,46.4,LULA+EB,0.215,positiva,54.4,41.7,45.5
155,MANAQUIRI,"RUA SEBASTIAO GOMES, SN",LULA+EB,#27AE60,-3.55923,-60.48474,6,0.077,0.218,0.58,246,58.0,164,38.7,222,53.8,LULA+EB,0.295,positiva,55.1,40.6,52.7
156,MANAQUIRI,"RUA ROSA LEMOS, S/N",LULA+EB,#27AE60,-3.56753,-60.48011,6,0.19,0.15,0.69,337,69.3,141,29.0,225,47.0,LULA+EB,0.341,positiva,65.9,30.5,46.0
157,MANAQUIRI,"RUA ROSA LEMOS, S/N",LULA+EB,#27AE60,-3.55651,-60.45486,6,0.156,0.208,0.66,360,65.9,180,33.0,283,52.7,LULA+EB,0.364,positiva,62.6,34.6,51.6
158,MANAQUIRI,"RUA ROSA LEMOS, S/N",LULA+EB,#27AE60,-3.57983,-60.44488,6,0.178,0.19,0.68,370,68.1,158,29.1,267,51.0,LULA+EB,0.368,positiva,64.7,30.6,49.9
159,MANAQUIRI,COMUNIDADE LAGO DO ITALIANO,LULA+EB,#27AE60,-3.54062,-60.51687,6,0.252,0.314,0.76,374,75.6,97,19.6,299,63.3,LULA+EB,0.567,positiva,71.8,20.6,62.1
160,MANAQUIRI,COMUNIDADE LAGO DO ITALIANO,LULA+EB,#27AE60,-3.52211,-60.48418,6,0.255,0.296,0.76,377,75.9,108,21.7,301,61.6,LULA+EB,0.552,positiva,72.1,22.8,60.3
161,MANAQUIRI,COMUNIDADE LAGO DO ITALIANO,LULA+EB,#27AE60,-3.59945,-60.48814,6,0.192,0.231,0.69,360,69.5,142,27.4,276,55.0,LULA+EB,0.422,positiva,66.0,28.8,53.9
162,MANAQUIRI,COMUNIDADE LAGO DO LIMAO,LULA+EB,#27AE60,-3.54185,-60.48633,6,0.277,0.284,0.78,401,78.0,104,20.2,295,60.3,LULA+EB,0.561,positiva,74.1,21.2,59.1
163,MANAQUIRI,COMUNIDADE VILA DO JANAUACA,LULA+EB,#27AE60,-3.52554,-60.51498,6,0.261,0.26,0.76,434,76.4,121,21.3,321,57.9,LULA+EB,0.521,positiva,72.6,22.4,56.8
164,MANAQUIRI,COMUNIDADE VILA DO JANAUACA,LULA+EB,#27AE60,-3.57006,-60.44281,6,0.276,0.248,0.78,435,78.0,112,20.1,310,56.8,LULA+EB,0.525,positiva,74.1,21.1,55.6
165,MANAQUIRI,COMUNIDADE LAGO DO ANDIROBA,LULA+EB,#27AE60,-3.55612,-60.5196,6,0.337,0.336,0.84,374,84.0,66,14.8,281,65.5,LULA+EB,0.673,positiva,79.8,15.6,64.2
166,MANAQUIRI,COMUNIDADE LAGO DO ANDIROBA,LULA+EB,#27AE60,-3.55089,-60.48458,6,0.307,0.35,0.81,367,81.0,77,17.0,293,66.9,LULA+EB,0.657,positiva,77.0,17.8,65.6
167,MANAQUIRI,COMUNIDADE VILA DO JUTAI,LULA+EB,#27AE60,-3.51957,-60.46781,6,0.352,0.152,0.86,468,85.6,69,12.6,250,47.1,LULA+EB,0.504,positiva,81.3,13.2,46.1
168,MANAQUIRI,COMUNIDADE SAO SEBASTIAO COSTA DO ARUANA,LULA+EB,#27AE60,-3.56,-60.51254,6,0.284,0.19,0.79,311,78.7,76,19.2,196,50.9,LULA+EB,0.474,positiva,74.8,20.2,49.9
170,MANAQUIRI,COMUNIDADE RESSACA DO PESQUEIRO,LULA+EB,#27AE60,-3.5802,-60.44875,6,0.308,0.27,0.81,456,81.1,90,16.0,320,58.9,LULA+EB,0.578,positiva,77.1,16.8,57.8
172,MANAQUIRI,"RUA ERNANDO PAIVA DE OLIVEIRA, SN",LULA+EB,#27AE60,-3.54979,-60.49348,6,0.195,0.194,0.7,320,69.9,124,27.1,227,51.4,LULA+EB,0.39,positiva,66.4,28.4,50.3
173,MANAQUIRI,"RUA ERNANDO PAIVA DE OLIVEIRA, SN",LULA+EB,#27AE60,-3.55104,-60.48987,6,0.088,0.162,0.59,310,59.2,199,38.0,242,48.1,LULA+EB,0.25,positiva,56.2,39.9,47.1
174,MANAQUIRI,"RUA ERNANDO PAIVA DE OLIVEIRA, SN",LULA+EB,#27AE60,-3.54761,-60.53149,6,0.154,0.183,0.66,338,65.8,158,30.7,245,50.2,LULA+EB,0.337,positiva,62.5,32.3,49.2
175,MANAQUIRI,COSTA DO BARROSO - COMUNIDADE DO BARROSO,BOLSO+EB,#E67E22,-3.55672,-60.48569,6,-0.118,-0.022,0.39,224,38.6,334,57.5,170,29.8,BOLSO+EB,-0.139,negativa,36.6,60.4,29.2
177,MANAQUIRI,"RUA MANOEL DAVI, S/N",LULA+EB,#27AE60,-3.55657,-60.48613,6,0.206,0.269,0.71,430,71.0,163,26.9,344,58.8,LULA+EB,0.475,positiva,67.4,28.2,57.6
178,MANAQUIRI,"RUA MANOEL DAVI, S/N",LULA+EB,#27AE60,-3.54779,-60.49823,6,0.194,0.187,0.7,427,69.8,171,27.9,296,50.6,LULA+EB,0.381,positiva,66.3,29.3,49.6
179,MANAQUIRI,"RUA MANOEL DAVI, S/N",LULA+EB,#27AE60,-3.54382,-60.49718,6,0.171,0.165,0.67,416,67.4,188,30.5,287,48.4,LULA+EB,0.336,positiva,64.1,32.0,47.4
180,MANAQUIRI,"RUA MANOEL DAVI, S/N",LULA+EB,#27AE60,-3.52727,-60.51377,6,0.242,0.193,0.75,453,74.5,142,23.4,295,51.2,LULA+EB,0.435,positiva,70.8,24.5,50.2
181,MANAQUIRI,"RUA MANOEL DAVI, S/N",LULA+EB,#27AE60,-3.54511,-60.49891,6,0.209,0.215,0.71,443,71.2,165,26.5,314,53.4,LULA+EB,0.424,positiva,67.7,27.9,52.3
182,MANAQUIRI,"RUA MANOEL DAVI, S/N",LULA+EB,#27AE60,-3.55353,-60.47881,6,0.151,0.177,0.65,399,65.4,196,32.1,296,49.6,LULA+EB,0.327,positiva,62.1,33.7,48.6
183,MANAQUIRI,COMUNIDADE BOA VISTA/ANDIROBÃO,LULA+EB,#27AE60,-3.57289,-60.52442,6,0.425,0.547,0.93,272,92.8,16,5.5,239,86.6,LULA+EB,0.972,positiva,88.2,5.7,84.9
184,MANAQUIRI,"COMUNIDADE TUPANA, BR-319, KM 165",LULA+EB,#27AE60,-3.60631,-60.47538,6,0.184,0.252,0.69,44,68.8,16,25.0,32,57.1,LULA+EB,0.436,positiva,65.3,26.2,56.0
186,MANAQUIRI,"RUA SEBASTIAO GOMES, SN",LULA+EB,#27AE60,-3.58754,-60.48644,6,0.107,0.148,0,169,61.0,95,34.3,122,46.7,LULA+EB,0.255,positiva,58.0,36.0,45.8
187,MANAQUIRI,"RUA ERNANDO PAIVA DE OLIVEIRA, SN",LULA+EB,#27AE60,-3.60107,-60.46194,6,0.131,0.126,0,296,63.4,161,34.5,203,44.5,LULA+EB,0.256,positiva,60.2,36.2,43.6
191,MANAQUIRI,ILHA DO BARROSO,LULA+EB,#27AE60,-3.57924,-60.45119,6,0.085,0.05,0,133,58.8,81,35.8,82,36.9,LULA+EB,0.135,positiva,55.9,37.6,36.2
1,MANAUS,R AMANCIO DE MIRANDA,PURO_SWING,#F4D03F,-3.10159,-60.00886,3,-0.038,-0.031,0.47,196,46.6,203,48.2,110,28.8,PURO_SWING,-0.069,estável,44.2,50.6,28.2
13,MANAUS,"RUA MANOEL URBANO, S/N",BOLSO+EB,#E67E22,-3.11528,-60.0221,3,-0.091,-0.027,0.41,235,41.2,319,56.0,144,29.3,BOLSO+EB,-0.118,negativa,39.2,58.8,28.7
14,MANAUS,"AV CONSTANTINOPLA S/N, BAIRRO  PLANALTO (BALNEARIO DO SESC)",DIFÍCIL,#E74C3C,-3.12579,-60.02055,3,-0.171,-0.08,0.33,253,33.2,475,62.4,156,23.9,DIFÍCIL,-0.251,negativa,31.6,65.5,23.4
23,MANAUS,AV. LEOPOLDO PERES,BOLSO+EB,#E67E22,-3.13502,-60.02493,3,-0.099,-0.026,0.4,225,40.5,301,54.1,143,29.4,BOLSO+EB,-0.124,negativa,38.4,56.8,28.8
35,MANAUS,AV. PRESIDENTE KENNED,EB_PURO,#8E44AD,-3.11428,-60.04803,3,-0.162,-0.018,0.34,177,34.2,322,62.2,139,30.1,EB_PURO,-0.18,negativa,32.5,65.3,29.5
41,MANAUS,"R CEL. FERREIRA DE ARAÚJO, S/N",EB_PURO,#8E44AD,-3.10373,-60.02156,3,-0.08,0.026,0.42,238,42.3,293,52.0,173,34.5,EB_PURO,-0.054,negativa,40.2,54.6,33.8
44,MANAUS,"R SANTA RITA, S/N",BOLSO+EB,#E67E22,-3.14332,-60.02374,3,-0.112,-0.038,0,287,39.2,404,55.1,193,28.1,BOLSO+EB,-0.15,negativa,37.2,57.9,27.5
46,MANAUS,"AV. LEOPOLDO NEVES, 39",EB_PURO,#8E44AD,-3.10432,-60.02856,3,-0.116,-0.019,0,176,38.7,248,54.5,123,30.1,EB_PURO,-0.135,negativa,36.7,57.2,29.5
55,MANAUS,"RUA ARSENAL DA MARINHA, S/N",BOLSO+EB,#E67E22,-3.12547,-60.02064,3,-0.122,-0.049,0,155,38.1,232,57.0,98,27.0,BOLSO+EB,-0.172,negativa,36.2,59.9,26.5
56,MANAUS,"RUA ENZO FERRARI, S/N",EB_PURO,#8E44AD,-3.11908,-60.01846,3,-0.038,0.025,0,211,46.5,212,46.7,138,34.4,EB_PURO,-0.014,estável,44.2,49.0,33.7
62,MANAUS,"R SÃO BENEDITO, S/N",EB_PURO,#8E44AD,-3.0964,-60.01092,3,-0.045,0.017,0,252,45.8,269,48.9,161,33.6,EB_PURO,-0.028,estável,43.5,51.4,32.9
73,MANAUS,"R SÃO PEDRO, S/N",PURO_SWING,#F4D03F,-3.14067,-60.02742,3,-0.024,0.013,0,240,47.9,240,47.9,151,33.2,PURO_SWING,-0.012,estável,45.5,50.3,32.5
80,MANAUS,"R SÃO VICENTE, S/N",DIFÍCIL,#E74C3C,-3.10816,-60.03212,3,-0.128,-0.058,0,212,37.5,329,58.2,134,26.1,DIFÍCIL,-0.186,negativa,35.6,61.1,25.6
84,MANAUS,"RUA EPITACIO PESSOA, S/N",BOLSO+EB,#E67E22,-3.11153,-60.02038,3,-0.115,-0.039,0,284,38.8,410,56.0,182,28.0,BOLSO+EB,-0.155,negativa,36.9,58.8,27.4
98,MANAUS,"R 5 DE FEVEREIRO, S/N",EB_PURO,#8E44AD,-3.10205,-60.01726,3,-0.093,-0.018,0.41,222,41.0,292,54.0,147,30.1,EB_PURO,-0.111,negativa,39.0,56.7,29.5
100,MANAUS,"RUA DO CRUZEIRO, 4",DIFÍCIL,#E74C3C,-3.12046,-60.02272,3,-0.121,-0.065,0.38,240,38.2,350,55.7,140,25.4,DIFÍCIL,-0.186,negativa,36.3,58.5,24.9
104,MANAUS,"AVENIDA ITAUBA , CONJUNTO JOÃO PAULO II",DIFÍCIL,#E74C3C,-3.11907,-60.02198,3,-0.126,-0.052,0.38,204,37.7,317,58.6,131,26.7,DIFÍCIL,-0.178,negativa,35.8,61.5,26.2
106,MANAUS,"RUA FELIX VALOIS S/N ANTIGA RUA 03 CONJ. HILEIA I, REDENÇÃO",DIFÍCIL,#E74C3C,-3.11769,-60.02459,3,-0.15,-0.13,0.35,250,35.4,427,60.4,114,19.0,DIFÍCIL,-0.279,negativa,33.6,63.4,18.6
114,MANAUS,RUA NOVA ESPERANÇA - ETAPA IV,EB_PURO,#8E44AD,-3.1346,-60.02328,3,-0.108,-0.013,0.4,196,39.5,275,55.4,134,30.7,EB_PURO,-0.121,negativa,37.5,58.2,30.1
166,MANAUS,"RUA 01, CONJUNTO  ARTHUR VIRGILIO FILHO",BOLSO+EB,#E67E22,-3.11886,-60.02137,3,-0.14,-0.025,0.36,195,36.3,321,59.8,139,29.4,BOLSO+EB,-0.165,negativa,34.5,62.8,28.9
196,MANAUS,"AV VALE DO PÓ, 120, CJ COPHASA",DIFÍCIL,#E74C3C,-3.09988,-60.01099,3,-0.154,-0.066,0.35,209,34.9,360,60.1,135,25.3,DIFÍCIL,-0.22,negativa,33.1,63.1,24.8
200,MANAUS,AV. AYMORÉ,EB_PURO,#8E44AD,-3.13019,-60.01772,3,-0.1,-0.015,0.4,241,40.3,328,54.8,162,30.4,EB_PURO,-0.116,negativa,38.3,57.6,29.8
202,MANAUS,AV. AYMORÉ,BOLSO+EB,#E67E22,-3.1366,-60.0163,3,-0.102,-0.029,0.4,234,40.1,327,56.1,149,29.0,BOLSO+EB,-0.131,negativa,38.1,58.9,28.5
207,MANAUS,"RUA COLHEIRAS, FAZENDINHA ATRÁS DA UNIAO CASCAVEL",DIFÍCIL,#E74C3C,-3.12233,-60.01061,3,-0.107,-0.053,0.4,433,39.6,615,56.2,261,26.7,DIFÍCIL,-0.16,negativa,37.6,59.0,26.1
208,MANAUS,"RUA J, 100",BOLSO+EB,#E67E22,-3.13945,-60.02165,3,-0.133,-0.034,0.37,203,37.0,315,57.4,137,28.5,BOLSO+EB,-0.167,negativa,35.1,60.2,28.0
221,MANAUS,"ESTRADA DO TARUMÃ, KM 04 - TARUMÃ PONTAL",BOLSO+EB,#E67E22,-3.11781,-60.02268,3,-0.123,-0.034,0.38,423,38.0,644,57.9,289,28.5,BOLSO+EB,-0.157,negativa,36.1,60.8,28.0
223,MANAUS,"RUA RIO JARARETE (ANTIGA 7B), S/N",EB_PURO,#8E44AD,-3.12127,-60.02482,3,-0.087,0.003,0,210,41.6,275,54.5,147,32.2,EB_PURO,-0.084,negativa,39.5,57.2,31.6
234,MANAUS,"RUA SANTA HELENA, S/N,  PARQUE SÃO PEDRO, TARUMA",DIFÍCIL,#E74C3C,-3.10627,-60.02643,3,-0.153,-0.071,0.35,270,35.1,466,60.5,156,24.8,DIFÍCIL,-0.224,negativa,33.3,63.5,24.3
238,MANAUS,RUA SECUNDARIA VIII S/N,DIFÍCIL,#E74C3C,-3.13233,-60.01665,3,-0.162,-0.067,0.34,196,34.1,348,60.6,129,25.2,DIFÍCIL,-0.229,negativa,32.4,63.7,24.7
246,MANAUS,"AV. NEPAL, S/N",BOLSO+EB,#E67E22,-3.12891,-60.01899,3,-0.058,-0.032,0.45,265,44.5,302,50.8,155,28.7,BOLSO+EB,-0.09,negativa,42.3,53.3,28.1
249,MANAUS,"RUA BEN-TE-VI, S/N - COM. MONTE PASCOAL",BOLSO+EB,#E67E22,-3.11234,-60.01967,3,-0.143,-0.036,0.36,430,36.0,720,60.4,297,28.3,BOLSO+EB,-0.179,negativa,34.2,63.4,27.8
250,MANAUS,ALAMEDA RIO NEGRO,BOLSO+EB,#E67E22,-3.11674,-60.01284,3,-0.1,-0.033,0.4,233,40.3,326,56.4,150,28.6,BOLSO+EB,-0.133,negativa,38.3,59.2,28.1
259,MANAUS,"RUA TREZE DE MAIO, S/N",DIFÍCIL,#E74C3C,-3.11987,-60.02435,3,-0.12,-0.082,0.38,202,38.3,302,57.3,108,23.7,DIFÍCIL,-0.202,negativa,36.4,60.2,23.3
268,MANAUS,"AV MARGARITA, S/N",BOLSO+EB,#E67E22,-3.12719,-60.01258,3,-0.138,-0.047,0.37,366,36.6,597,59.6,241,27.2,BOLSO+EB,-0.185,negativa,34.7,62.6,26.7
276,MANAUS,"AV. ITAPEMIRIM, S/N",BOLSO+EB,#E67E22,-3.11721,-60.02191,3,-0.146,-0.038,0.36,197,35.7,330,59.8,138,28.2,BOLSO+EB,-0.184,negativa,33.9,62.8,27.6
281,MANAUS,"RUA NOSSA SENHORA DE FÁTIMA, S/N, SANTA ETELVINA",DIFÍCIL,#E74C3C,-3.11675,-60.04026,3,-0.147,-0.088,0.36,206,35.6,340,58.8,118,23.1,DIFÍCIL,-0.235,negativa,33.9,61.8,22.6
291,MANAUS,"RUA J, S/N - ETAPA B",EB_PURO,#8E44AD,-3.11417,-60.02,3,-0.053,-0.005,0,192,45.1,214,50.2,122,31.4,EB_PURO,-0.057,negativa,42.8,52.7,30.8
295,MANAUS,"RUA SANTA MÔNICA, S/N MANOA FLORESTAL",DIFÍCIL,#E74C3C,-3.1193,-60.01445,3,-0.142,-0.085,0.36,219,36.1,361,59.6,124,23.4,DIFÍCIL,-0.227,negativa,34.3,62.5,23.0
298,MANAUS,"RUA RIO BAUNA (ANTIGA RUA 18), 39",BOLSO+EB,#E67E22,-3.12161,-60.03901,3,-0.069,-0.044,0,174,43.4,208,51.9,99,27.6,BOLSO+EB,-0.113,negativa,41.2,54.5,27.0
307,MANAUS,"RUA QUARTZO-ROSA, S/N, CONJ. VIVER MELHOR I, LAGO AZUL",BOLSO+EB,#E67E22,-3.12198,-60.02682,3,-0.117,-0.019,0.39,218,38.6,320,56.6,152,30.0,BOLSO+EB,-0.137,negativa,36.7,59.5,29.4
310,MANAUS,"RUA Q,QUADRA 20, S/N CJ. RIBEIRO JUNIOR",DIFÍCIL,#E74C3C,-3.12591,-60.01812,3,-0.1,-0.051,0.4,417,40.4,558,54.0,247,26.8,DIFÍCIL,-0.151,negativa,38.3,56.7,26.3
313,MANAUS,"RUA THOMAZ ANTONIO GONZAGA, CJ PROMORAR",DIFÍCIL,#E74C3C,-3.12415,-60.01862,3,-0.151,-0.069,0.35,405,35.2,671,58.4,252,25.0,DIFÍCIL,-0.22,negativa,33.5,61.3,24.5
314,MANAUS,"RUA 18, S/N, CJ. HILEIA, REDENÇÃO",DIFÍCIL,#E74C3C,-3.12798,-60.02355,3,-0.166,-0.09,0.34,260,33.8,451,58.6,161,22.9,DIFÍCIL,-0.256,negativa,32.1,61.5,22.4
315,MANAUS,"RUA THOMAZ ANTONIO GONZAGA, CJ PROMORAR",DIFÍCIL,#E74C3C,-3.12718,-60.02911,3,-0.197,-0.093,0.31,370,30.6,760,62.9,252,22.6,DIFÍCIL,-0.29,negativa,29.1,66.0,22.2
316,MANAUS,"AV. AIRTON SENA, UNIÃO DA VITÓRIA, TARUMÃ",BOLSO+EB,#E67E22,-3.11118,-60.03158,3,-0.118,-0.046,0.39,536,38.5,783,56.2,353,27.3,BOLSO+EB,-0.164,negativa,36.6,59.1,26.8
317,MANAUS,"RUA B28, CJ AJURICABA",DIFÍCIL,#E74C3C,-3.1213,-60.02472,3,-0.192,-0.127,0.31,414,31.1,830,62.3,234,19.2,DIFÍCIL,-0.32,negativa,29.5,65.4,18.8
318,MANAUS,"RUA SANTA HELENA, S/N,  PARQUE SÃO PEDRO, TARUMA",DIFÍCIL,#E74C3C,-3.11504,-60.02231,3,-0.176,-0.102,0.33,434,32.7,822,62.0,269,21.8,DIFÍCIL,-0.278,negativa,31.1,65.1,21.3
319,MANAUS,"RUA THEOFILO DE MATOS,70, PAZ",DIFÍCIL,#E74C3C,-3.11602,-60.02164,3,-0.144,-0.085,0.36,501,35.9,827,59.3,297,23.4,DIFÍCIL,-0.229,negativa,34.1,62.3,22.9
320,MANAUS,RUA LORIS CORDOVIL,BOLSO+EB,#E67E22,-3.11917,-60.02194,3,-0.055,-0.022,0.45,604,44.8,690,51.1,369,29.8,BOLSO+EB,-0.077,negativa,42.5,53.7,29.2
321,MANAUS,"AV. XAVANTES, S/N",DIFÍCIL,#E74C3C,-3.11177,-60.03154,3,-0.134,-0.064,0.37,688,36.9,1072,57.6,438,25.6,DIFÍCIL,-0.197,negativa,35.1,60.5,25.1
322,MANAUS,"RUA 11, 440, ALVORADA III",DIFÍCIL,#E74C3C,-3.11302,-60.02331,3,-0.161,-0.102,0.34,470,34.2,798,58.0,269,21.8,DIFÍCIL,-0.263,negativa,32.5,60.9,21.3
323,MANAUS,"RUA SAMAMBAIA, S/N, SANTA ETELVINA",DIFÍCIL,#E74C3C,-3.12013,-60.02339,3,-0.115,-0.054,0.39,510,38.9,736,56.1,325,26.6,DIFÍCIL,-0.168,negativa,36.9,58.9,26.0
324,MANAUS,AV BARTOLOMEU BUENO DA SILVA,DIFÍCIL,#E74C3C,-3.11103,-60.01232,3,-0.163,-0.076,0.34,448,34.0,797,60.6,295,24.3,DIFÍCIL,-0.239,negativa,32.3,63.6,23.8
325,MANAUS,"RODOVIA AM-010, KM 25, ZONA RURAL",DIFÍCIL,#E74C3C,-3.1191,-60.00271,3,-0.147,-0.095,0.36,460,35.6,762,59.0,266,22.4,DIFÍCIL,-0.242,negativa,33.8,62.0,22.0
326,MANAUS,AV DOM PEDRO,DIFÍCIL,#E74C3C,-3.11062,-60.01773,3,-0.176,-0.093,0.33,446,32.8,818,60.1,285,22.6,DIFÍCIL,-0.269,negativa,31.1,63.1,22.1
327,MANAUS,"RUA QUARTZO-ROSA, S/N, CONJ. VIVER MELHOR I, LAGO AZUL",BOLSO+EB,#E67E22,-3.10696,-60.01786,3,-0.056,-0.022,0.45,586,44.8,665,50.8,354,29.7,BOLSO+EB,-0.078,negativa,42.5,53.3,29.1
328,MANAUS,"RUA ITUIUTABA, 891, REDENCAO",DIFÍCIL,#E74C3C,-3.12578,-60.00518,3,-0.123,-0.079,0.38,529,38.0,768,55.2,308,24.0,DIFÍCIL,-0.202,negativa,36.1,57.9,23.6
329,MANAUS,"AV. MARGARITA, S/N",DIFÍCIL,#E74C3C,-3.14105,-60.02866,3,-0.174,-0.098,0.33,646,32.9,1196,60.9,395,22.1,DIFÍCIL,-0.273,negativa,31.2,63.9,21.6
330,MANAUS,"RUA SÃO PEDRO, S/N, PARQUE SÃO PEDRO, TARUMA",BOLSO+EB,#E67E22,-3.1191,-60.02202,3,-0.12,-0.048,0.38,493,38.4,725,56.4,314,27.1,BOLSO+EB,-0.168,negativa,36.4,59.2,26.6
331,MANAUS,AV DES JOÃO MACHADO,DIFÍCIL,#E74C3C,-3.12593,-60.02878,3,-0.14,-0.082,0.36,413,36.4,651,57.3,244,23.7,DIFÍCIL,-0.222,negativa,34.5,60.2,23.3
332,MANAUS,"RUA J, 225",DIFÍCIL,#E74C3C,-3.11772,-60.02566,3,-0.123,-0.058,0.38,706,38.0,1037,55.8,440,26.1,DIFÍCIL,-0.181,negativa,36.1,58.6,25.6
333,MANAUS,RUA TIRADENTES,DIFÍCIL,#E74C3C,-3.12185,-60.00108,3,-0.121,-0.074,0.38,509,38.3,750,56.4,295,24.5,DIFÍCIL,-0.195,negativa,36.4,59.2,24.0
334,MANAUS,"RUA IMBÚ, N 22, COMUNIDADE ISMAIL AZIZ,  KM 2,5 BR 174",DIFÍCIL,#E74C3C,-3.13061,-60.00473,3,-0.098,-0.095,0.41,502,40.5,674,54.4,252,22.5,DIFÍCIL,-0.193,negativa,38.5,57.1,22.0
335,MANAUS,"RUA SAMAMBAIA, S/N, SANTA ETELVINA",DIFÍCIL,#E74C3C,-3.10302,-60.01538,3,-0.171,-0.076,0.33,458,33.3,846,61.4,317,24.3,DIFÍCIL,-0.247,negativa,31.6,64.5,23.8
336,MANAUS,"AV 7 DE ABRIL, 100",DIFÍCIL,#E74C3C,-3.11581,-60.02136,3,-0.105,-0.071,0.4,479,39.8,670,55.7,271,24.9,DIFÍCIL,-0.176,negativa,37.8,58.5,24.4
337,MANAUS,"RUA DUQUE DE CAXIAS, 25, REDENÇÃO",DIFÍCIL,#E74C3C,-3.14111,-60.01893,3,-0.131,-0.081,0.37,477,37.2,728,56.7,284,23.8,DIFÍCIL,-0.212,negativa,35.3,59.6,23.3
338,MANAUS,"RUA 15 DE OUTUBRO, S/N, REDENÇÃO",DIFÍCIL,#E74C3C,-3.14122,-60.02738,3,-0.013,-0.063,0.49,583,49.0,551,46.3,282,25.6,DIFÍCIL,-0.076,estável,46.6,48.7,25.1
339,MANAUS,COM SÃO SEBASTIÃO (TARUMÃZINHO),PURO_SWING,#F4D03F,-3.12074,-60.02889,3,0.014,0.021,0.52,615,51.7,509,42.8,380,34.0,PURO_SWING,0.034,positiva,49.1,44.9,33.3
340,MANAUS,"RUA Y, S/N, PLANALTO",DIFÍCIL,#E74C3C,-3.12047,-60.0207,3,-0.142,-0.091,0.36,716,36.2,1143,57.7,410,22.8,DIFÍCIL,-0.233,negativa,34.4,60.6,22.3
341,MANAUS,"AV CONSTANTINOPLA S/N, BAIRRO  PLANALTO (BALNEARIO DO SESC)",DIFÍCIL,#E74C3C,-3.10202,-60.01615,3,-0.054,-0.053,0.45,535,44.9,580,48.7,297,26.6,DIFÍCIL,-0.107,estável,42.7,51.1,26.1
342,MANAUS,COM SANTA MARIA,DIFÍCIL,#E74C3C,-3.12615,-60.02063,3,-0.045,-0.062,0.46,784,45.8,846,49.4,408,25.7,DIFÍCIL,-0.107,estável,43.5,51.9,25.2
343,MANAUS,"RUA SANTA HELENA, S/N,  PARQUE SÃO PEDRO, TARUMA",DIFÍCIL,#E74C3C,-3.12022,-60.02055,3,-0.089,-0.051,0.41,736,41.4,953,53.6,439,26.9,DIFÍCIL,-0.14,negativa,39.3,56.3,26.3
344,MANAUS,"RUA 18, S/N, CJ. HILEIA, REDENÇÃO",DIFÍCIL,#E74C3C,-3.13364,-60.03391,3,-0.096,-0.052,0.41,553,40.7,733,54.0,337,26.7,DIFÍCIL,-0.148,negativa,38.7,56.7,26.2
345,MANAUS,"RUA NOSSA SENHORA DE FÁTIMA, S/N, SANTA ETELVINA",PURO_SWING,#F4D03F,-3.12475,-60.00346,3,0.056,-0.029,0.56,600,56.0,422,39.4,287,29.0,PURO_SWING,0.027,positiva,53.2,41.3,28.4
346,MANAUS,"RUA PERCI AIRES, S/N, PLANALTO",DIFÍCIL,#E74C3C,-3.11741,-60.02208,3,-0.013,-0.14,0.49,587,49.0,564,47.1,201,18.0,DIFÍCIL,-0.152,estável,46.6,49.5,17.6
347,MANAUS,AV DOM PEDRO,DIFÍCIL,#E74C3C,-3.11867,-60.02262,3,-0.128,-0.052,0.38,504,37.5,764,56.9,333,26.7,DIFÍCIL,-0.18,negativa,35.7,59.7,26.1
348,MANAUS,"RUA IMBÚ, N 22, COMUNIDADE ISMAIL AZIZ,  KM 2,5 BR 174",DIFÍCIL,#E74C3C,-3.12228,-60.0286,3,-0.128,-0.061,0.38,516,37.5,797,58.0,327,25.8,DIFÍCIL,-0.189,negativa,35.7,60.9,25.3
349,MANAUS,RUA LORIS CORDOVIL,DIFÍCIL,#E74C3C,-3.11373,-60.02129,3,-0.16,-0.091,0.34,473,34.4,831,60.3,288,22.9,DIFÍCIL,-0.25,negativa,32.6,63.4,22.4
350,MANAUS,"AV M, 375, ALV. II",DIFÍCIL,#E74C3C,-3.11476,-60.02516,3,-0.144,-0.107,0.36,496,36.0,810,58.7,264,21.2,DIFÍCIL,-0.25,negativa,34.2,61.7,20.8
351,MANAUS,"AV DES JOÃO MACHADO, 211",DIFÍCIL,#E74C3C,-3.12538,-59.99617,3,-0.192,-0.1,0.31,419,31.1,844,62.7,276,22.0,DIFÍCIL,-0.292,negativa,29.6,65.8,21.5
352,MANAUS,"RUA QUARTZO-ROSA, S/N, CONJ. VIVER MELHOR I, LAGO AZUL",DIFÍCIL,#E74C3C,-3.11392,-60.02315,3,-0.143,-0.074,0.36,475,36.0,792,60.0,294,24.6,DIFÍCIL,-0.217,negativa,34.2,63.0,24.1
353,MANAUS,RUA 03,DIFÍCIL,#E74C3C,-3.13924,-60.0179,3,-0.166,-0.079,0.34,465,33.8,825,59.9,302,24.0,DIFÍCIL,-0.245,negativa,32.1,62.9,23.5
354,MANAUS,RUA TIRADENTES,DIFÍCIL,#E74C3C,-3.11806,-59.99875,3,-0.171,-0.085,0.33,433,33.2,800,61.4,285,23.5,DIFÍCIL,-0.255,negativa,31.6,64.5,23.0
355,MANAUS,"ESTRADA DO TARUMÃ, KM 04 - TARUMÃ PONTAL",DIFÍCIL,#E74C3C,-3.13424,-60.02441,3,-0.163,-0.096,0.34,432,34.0,782,61.6,266,22.3,DIFÍCIL,-0.259,negativa,32.3,64.7,21.9
356,MANAUS,"RUA 18, S/N, CJ. HILEIA, REDENÇÃO",DIFÍCIL,#E74C3C,-3.10617,-60.01787,3,-0.136,-0.082,0.37,548,36.7,856,57.4,326,23.8,DIFÍCIL,-0.218,negativa,34.9,60.2,23.3
357,MANAUS,"RUA SAMAUMA, S/N",DIFÍCIL,#E74C3C,-3.09805,-60.03345,3,-0.116,-0.076,0.39,741,38.7,1052,55.0,420,24.3,DIFÍCIL,-0.192,negativa,36.8,57.7,23.8
358,MANAUS,RUA DO CAMPO,DIFÍCIL,#E74C3C,-3.10046,-60.04079,3,-0.152,-0.064,0.35,683,35.2,1175,60.5,453,25.6,DIFÍCIL,-0.215,negativa,33.4,63.5,25.1
359,MANAUS,AV DOM PEDRO,DIFÍCIL,#E74C3C,-3.13594,-60.03666,3,-0.132,-0.075,0.37,738,37.1,1127,56.6,447,24.4,DIFÍCIL,-0.207,negativa,35.2,59.5,23.9
360,MANAUS,"RUA NOSSA SENHORA DE FÁTIMA, S/N, SANTA ETELVINA",DIFÍCIL,#E74C3C,-3.11609,-60.02059,3,-0.161,-0.069,0.34,679,34.2,1204,60.7,459,25.0,DIFÍCIL,-0.23,negativa,32.5,63.8,24.5
361,MANAUS,"RUA THEOFILO DE MATOS,70, PAZ",DIFÍCIL,#E74C3C,-3.102,-60.02237,3,-0.167,-0.082,0.34,666,33.6,1190,60.0,429,23.7,DIFÍCIL,-0.249,negativa,31.9,63.0,23.2
362,MANAUS,"AV. NEPAL, S/N",DIFÍCIL,#E74C3C,-3.1028,-60.03835,3,-0.155,-0.103,0.35,712,34.9,1209,59.2,405,21.7,DIFÍCIL,-0.257,negativa,33.1,62.2,21.2
363,MANAUS,"RUA ITUIUTABA, 891, REDENCAO",DIFÍCIL,#E74C3C,-3.13788,-60.0396,3,-0.134,-0.087,0.37,770,36.9,1208,57.9,442,23.2,DIFÍCIL,-0.221,negativa,35.1,60.8,22.7
364,MANAUS,"AV J, S/N, ALVORADA II",BOLSO+EB,#E67E22,-3.1281,-60.01571,3,-0.12,-0.045,0.38,765,38.3,1143,57.2,508,27.5,BOLSO+EB,-0.165,negativa,36.4,60.1,26.9
365,MANAUS,"RUA SANTA MÔNICA, S/N MANOA FLORESTAL",DIFÍCIL,#E74C3C,-3.12003,-60.03374,3,-0.14,-0.07,0.36,738,36.3,1190,58.6,463,24.9,DIFÍCIL,-0.21,negativa,34.5,61.5,24.4
366,MANAUS,"RUA PARINTINS, COMUNIDADE AMÉRICA DO SUL",BOLSO+EB,#E67E22,-3.1195,-60.02451,3,-0.097,-0.042,0.41,789,40.6,1062,54.7,495,27.8,BOLSO+EB,-0.139,negativa,38.6,57.4,27.2
367,MANAUS,"RUA 18, S/N, CJ. HILEIA, REDENÇÃO",DIFÍCIL,#E74C3C,-3.11598,-60.02745,3,-0.102,-0.05,0.4,834,40.1,1141,54.8,511,26.9,DIFÍCIL,-0.153,negativa,38.1,57.6,26.4
368,MANAUS,AV. AYMORÉ,DIFÍCIL,#E74C3C,-3.10719,-60.03234,3,-0.101,-0.062,0.4,803,40.2,1088,54.5,471,25.7,DIFÍCIL,-0.163,negativa,38.2,57.2,25.2
369,MANAUS,"AV M, 375, ALV. II",DIFÍCIL,#E74C3C,-3.11963,-60.02182,3,-0.126,-0.087,0.38,762,37.7,1150,56.9,424,23.2,DIFÍCIL,-0.213,negativa,35.8,59.7,22.8
370,MANAUS,RUA SECUNDARIA VIII S/N,BOLSO+EB,#E67E22,-3.12811,-60.03113,3,-0.112,-0.042,0.39,756,39.1,1079,55.8,494,27.8,BOLSO+EB,-0.154,negativa,37.2,58.6,27.2
371,MANAUS,"RUA NOSSA SENHORA DE FÁTIMA, S/N, SANTA ETELVINA",DIFÍCIL,#E74C3C,-3.11411,-60.01308,3,-0.164,-0.082,0.34,678,34.0,1188,59.5,433,23.8,DIFÍCIL,-0.245,negativa,32.3,62.5,23.3
372,MANAUS,AV DOM PEDRO,DIFÍCIL,#E74C3C,-3.14323,-60.01155,3,-0.142,-0.094,0.36,723,36.1,1195,59.7,414,22.5,DIFÍCIL,-0.236,negativa,34.3,62.7,22.1
373,MANAUS,"RUA 15 DE OUTUBRO, S/N, REDENÇÃO",DIFÍCIL,#E74C3C,-3.11152,-60.01862,3,-0.154,-0.079,0.35,683,35.0,1159,59.3,430,24.1,DIFÍCIL,-0.232,negativa,33.2,62.3,23.6
374,MANAUS,"AV. ITAPEMIRIM, S/N",DIFÍCIL,#E74C3C,-3.10273,-60.00436,3,-0.159,-0.08,0.34,683,34.4,1185,59.7,439,23.9,DIFÍCIL,-0.24,negativa,32.7,62.7,23.4
375,MANAUS,AV BARTOLOMEU BUENO DA SILVA,DIFÍCIL,#E74C3C,-3.10617,-60.00044,3,-0.179,-0.098,0.32,670,32.4,1271,61.5,431,22.1,DIFÍCIL,-0.277,negativa,30.8,64.6,21.7
376,MANAUS,"RUA 22 DE MAIO, S/N, SANTA ETELVINA",BOLSO+EB,#E67E22,-3.12852,-60.01373,3,-0.071,-0.029,0.43,743,43.2,894,51.9,463,29.0,BOLSO+EB,-0.101,negativa,41.0,54.5,28.4
377,MANAUS,"AV. TORQUATO TAPAJÓS, S/N - KM 12",DIFÍCIL,#E74C3C,-3.12953,-60.02176,3,-0.136,-0.078,0.37,713,36.8,1126,58.1,425,24.2,DIFÍCIL,-0.213,negativa,34.9,61.0,23.7
378,MANAUS,"RUA 12, S/N",DIFÍCIL,#E74C3C,-3.13021,-60.02683,3,-0.148,-0.057,0.36,903,35.5,1529,60.1,590,26.2,DIFÍCIL,-0.205,negativa,33.7,63.2,25.7
379,MANAUS,"AV. CURAÇÃO, QD 33 - S/N",DIFÍCIL,#E74C3C,-3.12257,-60.01934,3,-0.168,-0.099,0.34,624,33.5,1142,61.4,379,22.0,DIFÍCIL,-0.267,negativa,31.9,64.5,21.6
380,MANAUS,"RUA PROFA MARIA J BRIGIDO, N.34.",DIFÍCIL,#E74C3C,-3.11388,-60.038,3,-0.125,-0.084,0.38,686,37.8,1045,57.6,387,23.5,DIFÍCIL,-0.209,negativa,35.9,60.5,23.0
381,MANAUS,"AV VALE DO PÓ, 120, CJ COPHASA",DIFÍCIL,#E74C3C,-3.14023,-60.02046,3,-0.165,-0.093,0.34,655,33.8,1188,61.3,406,22.7,DIFÍCIL,-0.258,negativa,32.1,64.3,22.2
382,MANAUS,"AV. MONSENHOR PINTO, S/N",DIFÍCIL,#E74C3C,-3.12641,-60.00712,3,-0.13,-0.069,0.37,765,37.4,1188,58.0,469,25.1,DIFÍCIL,-0.198,negativa,35.5,60.9,24.6
383,MANAUS,"AV. MARGARITA, S/N",DIFÍCIL,#E74C3C,-3.13776,-60.01799,3,-0.178,-0.08,0.33,669,32.5,1277,62.1,461,23.9,DIFÍCIL,-0.258,negativa,30.9,65.2,23.4
384,MANAUS,AV. AYMORÉ,DIFÍCIL,#E74C3C,-3.1118,-60.0159,3,-0.143,-0.063,0.36,944,36.0,1522,58.1,607,25.6,DIFÍCIL,-0.206,negativa,34.2,61.0,25.1
385,MANAUS,"RUA NOSSA SENHORA DE FÁTIMA, S/N, SANTA ETELVINA",DIFÍCIL,#E74C3C,-3.1297,-60.0173,3,-0.089,-0.062,0.41,801,41.4,1042,53.9,457,25.7,DIFÍCIL,-0.151,negativa,39.3,56.6,25.2
386,MANAUS,"AV DES JOÃO MACHADO, 211",DIFÍCIL,#E74C3C,-3.12009,-60.02114,3,-0.116,-0.06,0.39,771,38.7,1112,55.9,472,25.9,DIFÍCIL,-0.176,negativa,36.8,58.7,25.4
387,MANAUS,"RUA ITUIUTABA, 891, REDENCAO",DIFÍCIL,#E74C3C,-3.11537,-60.02248,3,-0.133,-0.057,0.37,759,37.0,1172,57.1,494,26.2,DIFÍCIL,-0.19,negativa,35.2,60.0,25.7
388,MANAUS,"AV. NEPAL, S/N",DIFÍCIL,#E74C3C,-3.12313,-60.00656,3,-0.163,-0.089,0.34,693,34.0,1227,60.2,426,23.0,DIFÍCIL,-0.252,negativa,32.3,63.2,22.6
389,MANAUS,"RUA PRINCIPAL UM, CONJ. JOÃO PAULO II",DIFÍCIL,#E74C3C,-3.12766,-60.03345,3,-0.145,-0.074,0.36,714,35.8,1157,58.1,449,24.6,DIFÍCIL,-0.218,negativa,34.1,61.0,24.1
390,MANAUS,"RUA SANTA HELENA, S/N,  PARQUE SÃO PEDRO, TARUMA",DIFÍCIL,#E74C3C,-3.11542,-60.04811,3,-0.101,-0.083,0.4,770,40.2,1045,54.6,417,23.6,DIFÍCIL,-0.185,negativa,38.2,57.3,23.1
391,MANAUS,"RUA MARGARITA, S/N",DIFÍCIL,#E74C3C,-3.12013,-60.01494,3,-0.133,-0.069,0.37,750,37.0,1165,57.4,467,25.0,DIFÍCIL,-0.203,negativa,35.1,60.3,24.5
392,MANAUS,RUA LORIS CORDOVIL,DIFÍCIL,#E74C3C,-3.12181,-60.02081,3,-0.13,-0.085,0.37,1195,37.3,1827,57.1,671,23.4,DIFÍCIL,-0.215,negativa,35.5,59.9,23.0
393,MANAUS,"AV DES JOÃO MACHADO, CJ CANAÃ, RUA 01",DIFÍCIL,#E74C3C,-3.14122,-60.02408,3,-0.144,-0.056,0.36,931,35.9,1521,58.7,625,26.3,DIFÍCIL,-0.2,negativa,34.1,61.6,25.8
394,MANAUS,"RUA FELIX VALOIS S/N ANTIGA RUA 03 CONJ. HILEIA I, REDENÇÃO",DIFÍCIL,#E74C3C,-3.11655,-60.0213,3,-0.105,-0.076,0.4,755,39.8,1052,55.4,423,24.3,DIFÍCIL,-0.181,negativa,37.8,58.2,23.8
395,MANAUS,"AV. TORQUATO TAPAJÓS, S/N - KM 12",DIFÍCIL,#E74C3C,-3.11962,-59.99713,3,-0.153,-0.089,0.35,674,35.0,1154,59.9,405,23.0,DIFÍCIL,-0.243,negativa,33.2,62.9,22.5
396,MANAUS,"RUA 06, QD 06, CJ AUGUSTO MONTENEGRO",DIFÍCIL,#E74C3C,-3.11541,-60.04614,3,-0.138,-0.082,0.36,719,36.5,1174,59.6,427,23.7,DIFÍCIL,-0.221,negativa,34.7,62.6,23.2
397,MANAUS,"RUA SAMAMBAIA, S/N, SANTA ETELVINA",DIFÍCIL,#E74C3C,-3.13419,-60.02338,3,-0.131,-0.061,0.37,755,37.2,1182,58.3,485,25.8,DIFÍCIL,-0.192,negativa,35.4,61.2,25.3
398,MANAUS,"RUA SÃO PEDRO, S/N, PARQUE SÃO PEDRO, TARUMA",DIFÍCIL,#E74C3C,-3.12136,-60.01763,3,-0.132,-0.074,0.37,703,37.1,1091,57.5,425,24.6,DIFÍCIL,-0.206,negativa,35.2,60.4,24.1
399,MANAUS,RUA 03,DIFÍCIL,#E74C3C,-3.12386,-60.02222,3,-0.119,-0.06,0.38,1036,38.4,1520,56.4,642,26.0,DIFÍCIL,-0.178,negativa,36.5,59.2,25.4
400,MANAUS,AV DOM PEDRO,DIFÍCIL,#E74C3C,-3.1206,-60.00598,3,-0.157,-0.08,0.35,920,34.6,1584,59.6,560,23.9,DIFÍCIL,-0.237,negativa,32.9,62.6,23.4
401,MANAUS,"RUA MARGARITA, S/N",DIFÍCIL,#E74C3C,-3.12679,-60.03506,3,-0.158,-0.068,0.35,709,34.5,1250,60.8,470,25.1,DIFÍCIL,-0.227,negativa,32.8,63.9,24.6
402,MANAUS,"RUA PERCI AIRES, S/N, PLANALTO",DIFÍCIL,#E74C3C,-3.11978,-60.0211,3,-0.16,-0.09,0.34,685,34.3,1208,60.6,424,22.9,DIFÍCIL,-0.25,negativa,32.6,63.6,22.5
403,MANAUS,"RUA PRINCIPAL UM, CONJ. JOÃO PAULO II",BOLSO+EB,#E67E22,-3.10064,-60.02609,3,-0.11,-0.041,0.39,741,39.4,1055,56.0,481,27.8,BOLSO+EB,-0.151,negativa,37.4,58.8,27.2
404,MANAUS,"RUA SANTA MÔNICA, S/N MANOA FLORESTAL",DIFÍCIL,#E74C3C,-3.1174,-60.02676,3,-0.155,-0.086,0.35,697,34.8,1215,60.7,423,23.3,DIFÍCIL,-0.241,negativa,33.1,63.7,22.8
405,MANAUS,RUA TIRADENTES,DIFÍCIL,#E74C3C,-3.12383,-60.0279,3,-0.125,-0.065,0.38,740,37.9,1107,56.6,456,25.4,DIFÍCIL,-0.19,negativa,36.0,59.5,24.9
406,MANAUS,"RUA IMBÚ, N 22, COMUNIDADE ISMAIL AZIZ,  KM 2,5 BR 174",BOLSO+EB,#E67E22,-3.14502,-60.02835,3,-0.106,-0.044,0.4,805,39.7,1140,56.2,516,27.5,BOLSO+EB,-0.15,negativa,37.7,59.1,27.0
407,MANAUS,"RUA 15 DE OUTUBRO, S/N, REDENÇÃO",DIFÍCIL,#E74C3C,-3.09542,-60.01044,3,-0.129,-0.094,0.37,719,37.4,1091,56.8,401,22.6,DIFÍCIL,-0.223,negativa,35.5,59.6,22.1
408,MANAUS,"RUA SANTA INÊS, 16",BOLSO+EB,#E67E22,-3.12333,-60.01707,3,-0.088,-0.042,0.42,1272,41.6,1634,53.4,766,27.7,BOLSO+EB,-0.13,negativa,39.5,56.1,27.1
409,MANAUS,RUA DO CAMPO,DIFÍCIL,#E74C3C,-3.10089,-60.01823,3,-0.141,-0.065,0.36,750,36.2,1226,59.3,482,25.5,DIFÍCIL,-0.205,negativa,34.4,62.2,25.0
410,MANAUS,"RUA Q,QUADRA 20, S/N CJ. RIBEIRO JUNIOR",DIFÍCIL,#E74C3C,-3.11605,-60.02141,3,-0.157,-0.088,0.35,706,34.6,1211,59.3,431,23.2,DIFÍCIL,-0.245,negativa,32.9,62.3,22.7
411,MANAUS,RUA LORIS CORDOVIL,DIFÍCIL,#E74C3C,-3.1217,-60.03758,3,-0.083,-0.051,0.42,833,42.0,1076,54.3,494,26.8,DIFÍCIL,-0.134,negativa,39.9,57.0,26.3
412,MANAUS,"AV. AIRTON SENA, UNIÃO DA VITÓRIA, TARUMÃ",DIFÍCIL,#E74C3C,-3.10039,-60.0383,3,-0.106,-0.071,0.4,730,39.7,1022,55.6,422,24.8,DIFÍCIL,-0.177,negativa,37.7,58.4,24.3
413,MANAUS,"RUA MARGARITA, S/N",DIFÍCIL,#E74C3C,-3.12169,-60.02875,3,-0.183,-0.085,0.32,659,32.0,1308,63.6,444,23.5,DIFÍCIL,-0.268,negativa,30.4,66.7,23.0
414,MANAUS,AV. NOSSA SENHORA DAS GRAÇAS,DIFÍCIL,#E74C3C,-3.11971,-60.02278,3,-0.124,-0.056,0.38,750,37.9,1153,58.3,473,26.4,DIFÍCIL,-0.18,negativa,36.0,61.2,25.8
415,MANAUS,"AV DES JOÃO MACHADO, CJ CANAÃ, RUA 01",BOLSO+EB,#E67E22,-3.12095,-60.02693,3,-0.095,-0.02,0.41,818,40.8,1099,54.8,546,30.0,BOLSO+EB,-0.115,negativa,38.8,57.6,29.4
416,MANAUS,RUA SECUNDARIA VIII S/N,DIFÍCIL,#E74C3C,-3.12364,-60.03695,3,-0.144,-0.078,0.36,706,35.9,1156,58.9,438,24.1,DIFÍCIL,-0.222,negativa,34.1,61.8,23.6
417,MANAUS,RUA JUREMA (CJ. KISSIA),DIFÍCIL,#E74C3C,-3.12471,-60.00009,3,-0.155,-0.083,0.35,689,34.8,1175,59.3,428,23.6,DIFÍCIL,-0.238,negativa,33.1,62.3,23.1
418,MANAUS,"RUA 09, 101 COM. ALFREDO NASCIMENTO",DIFÍCIL,#E74C3C,-3.11092,-60.01705,3,-0.13,-0.07,0.37,977,37.3,1509,57.7,593,25.0,DIFÍCIL,-0.199,negativa,35.5,60.6,24.5
419,MANAUS,"RUA 06, QD 06, CJ AUGUSTO MONTENEGRO",DIFÍCIL,#E74C3C,-3.13191,-60.01718,3,-0.135,-0.062,0.37,760,36.8,1201,58.1,481,25.7,DIFÍCIL,-0.197,negativa,34.9,61.0,25.2
420,MANAUS,"RUA FELIX VALOIS S/N ANTIGA RUA 03 CONJ. HILEIA I, REDENÇÃO",DIFÍCIL,#E74C3C,-3.12513,-60.01598,3,-0.182,-0.113,0.32,639,32.2,1227,61.8,379,20.6,DIFÍCIL,-0.295,negativa,30.6,64.8,20.2
421,MANAUS,"AV J, S/N, ALVORADA II",DIFÍCIL,#E74C3C,-3.11433,-60.02122,3,-0.144,-0.081,0.36,716,35.9,1177,59.0,436,23.9,DIFÍCIL,-0.225,negativa,34.1,62.0,23.4
422,MANAUS,"AV. MONSENHOR PINTO, S/N",DIFÍCIL,#E74C3C,-3.12239,-60.01855,3,-0.147,-0.072,0.36,671,35.6,1119,59.3,428,24.7,DIFÍCIL,-0.22,negativa,33.8,62.3,24.2
423,MANAUS,"AV 7 DE ABRIL, 100",DIFÍCIL,#E74C3C,-3.11832,-60.02142,3,-0.17,-0.082,0.33,704,33.3,1298,61.5,456,23.8,DIFÍCIL,-0.251,negativa,31.7,64.6,23.3
424,MANAUS,"RUA THEOFILO DE MATOS,70, PAZ",DIFÍCIL,#E74C3C,-3.11788,-60.02108,3,-0.127,-0.064,0.38,970,37.6,1505,58.3,598,25.6,DIFÍCIL,-0.191,negativa,35.7,61.3,25.0
425,MANAUS,"RUA SANTA HELENA, S/N,  PARQUE SÃO PEDRO, TARUMA",DIFÍCIL,#E74C3C,-3.1309,-60.01973,3,-0.146,-0.071,0.36,693,35.7,1150,59.2,437,24.8,DIFÍCIL,-0.217,negativa,33.9,62.2,24.3
426,MANAUS,RUA LORIS CORDOVIL,DIFÍCIL,#E74C3C,-3.1178,-60.02066,3,-0.11,-0.073,0.39,758,39.3,1071,55.5,438,24.6,DIFÍCIL,-0.184,negativa,37.3,58.3,24.1
427,MANAUS,"AV. CURAÇÃO, QD 33 - S/N",DIFÍCIL,#E74C3C,-3.12439,-60.04052,3,-0.145,-0.095,0.36,912,35.8,1502,59.0,525,22.4,DIFÍCIL,-0.24,negativa,34.1,62.0,22.0
428,MANAUS,"ESTRADA DO TARUMÃ, KM 04, TARUMA",DIFÍCIL,#E74C3C,-3.11133,-60.02616,3,-0.134,-0.08,0.37,698,37.0,1079,57.2,418,23.9,DIFÍCIL,-0.214,negativa,35.1,60.0,23.4
429,MANAUS,"RUA QUARTZO-ROSA, S/N, CONJ. VIVER MELHOR I, LAGO AZUL",DIFÍCIL,#E74C3C,-3.12467,-60.01214,3,-0.125,-0.051,0.38,754,37.8,1144,57.4,489,26.8,DIFÍCIL,-0.176,negativa,35.9,60.2,26.3
430,MANAUS,"AV. MARGARITA, S/N",DIFÍCIL,#E74C3C,-3.11533,-60.03793,3,-0.165,-0.073,0.34,695,33.8,1248,60.7,461,24.7,DIFÍCIL,-0.238,negativa,32.1,63.7,24.2
431,MANAUS,"RUA 06, QD 06, CJ AUGUSTO MONTENEGRO",BOLSO+EB,#E67E22,-3.11891,-60.01073,3,-0.132,-0.037,0.37,713,37.1,1130,58.8,491,28.2,BOLSO+EB,-0.17,negativa,35.2,61.7,27.6
432,MANAUS,"RUA JOÃO ALFREDO, S/N, PAZ",DIFÍCIL,#E74C3C,-3.10909,-60.01608,3,-0.162,-0.085,0.34,889,34.1,1582,60.7,558,23.5,DIFÍCIL,-0.247,negativa,32.4,63.7,23.0
433,MANAUS,ALAMEDA RIO NEGRO,DIFÍCIL,#E74C3C,-3.12085,-60.02295,3,-0.165,-0.072,0.34,723,33.8,1311,61.4,490,24.7,DIFÍCIL,-0.237,negativa,32.2,64.4,24.2
434,MANAUS,"RUA MARGARITA, S/N",DIFÍCIL,#E74C3C,-3.11317,-60.04346,3,-0.131,-0.084,0.37,753,37.2,1144,56.5,444,23.6,DIFÍCIL,-0.215,negativa,35.3,59.3,23.1
435,MANAUS,"RUA AMAZONINO MENDES, S/N, SANTA ETELVINA",DIFÍCIL,#E74C3C,-3.1234,-60.00231,3,-0.142,-0.072,0.36,936,36.2,1523,58.8,575,24.8,DIFÍCIL,-0.213,negativa,34.3,61.8,24.3
436,MANAUS,"AV. NEPAL, S/N",DIFÍCIL,#E74C3C,-3.1244,-60.00863,3,-0.162,-0.073,0.34,698,34.1,1244,60.9,468,24.6,DIFÍCIL,-0.235,negativa,32.4,63.9,24.1
437,MANAUS,"AV DES JOÃO MACHADO, 211",DIFÍCIL,#E74C3C,-3.10202,-60.01935,3,-0.144,-0.071,0.36,718,35.9,1180,59.0,447,24.9,DIFÍCIL,-0.215,negativa,34.1,62.0,24.4
438,MANAUS,"AV J, S/N, ALVORADA II",DIFÍCIL,#E74C3C,-3.1269,-60.01523,3,-0.125,-0.068,0.38,733,37.8,1126,58.1,450,25.1,DIFÍCIL,-0.193,negativa,35.9,61.0,24.6
439,MANAUS,"AV. AIRTON SENA, UNIÃO DA VITÓRIA, TARUMÃ",BOLSO+EB,#E67E22,-3.11641,-60.03916,3,-0.121,-0.047,0.38,743,38.2,1087,55.9,482,27.2,BOLSO+EB,-0.168,negativa,36.3,58.7,26.7
440,MANAUS,TRAVESSA TIRADENTES,DIFÍCIL,#E74C3C,-3.10037,-60.03316,3,-0.149,-0.081,0.35,680,35.5,1153,60.1,421,23.8,DIFÍCIL,-0.23,negativa,33.7,63.2,23.3
441,MANAUS,"AV. MONSENHOR PINTO, S/N",BOLSO+EB,#E67E22,-3.11315,-60.0224,3,-0.12,-0.043,0.38,728,38.3,1075,56.6,483,27.6,BOLSO+EB,-0.163,negativa,36.4,59.4,27.1
442,MANAUS,"AV. XAVANTES, S/N",DIFÍCIL,#E74C3C,-3.12312,-60.01291,3,-0.126,-0.071,0.38,746,37.8,1121,56.7,451,24.8,DIFÍCIL,-0.197,negativa,35.9,59.6,24.3
443,MANAUS,"RUA SANTA HELENA, S/N,  PARQUE SÃO PEDRO, TARUMA",BOLSO+EB,#E67E22,-3.119,-60.02242,3,-0.125,-0.044,0.38,737,37.8,1129,57.9,500,27.5,BOLSO+EB,-0.169,negativa,35.9,60.8,27.0
444,MANAUS,RUA 03,DIFÍCIL,#E74C3C,-3.12115,-60.02362,3,-0.136,-0.067,0.37,705,36.7,1128,58.8,446,25.2,DIFÍCIL,-0.203,negativa,34.9,61.7,24.7
445,MANAUS,RUA SECUNDARIA VIII S/N,DIFÍCIL,#E74C3C,-3.11555,-60.03629,3,-0.106,-0.06,0.4,916,39.7,1279,55.4,543,25.9,DIFÍCIL,-0.167,negativa,37.7,58.2,25.4
446,MANAUS,"RUA BEN-TE-VI, S/N - COM. MONTE PASCOAL",DIFÍCIL,#E74C3C,-3.12424,-60.00186,3,-0.133,-0.06,0.37,732,37.1,1167,59.1,467,25.9,DIFÍCIL,-0.193,negativa,35.2,62.0,25.4
447,MANAUS,EST DOS FRANCESES,DIFÍCIL,#E74C3C,-3.09732,-60.01585,3,-0.186,-0.091,0.32,611,31.7,1205,62.5,403,22.8,DIFÍCIL,-0.277,negativa,30.1,65.7,22.4
448,MANAUS,"RUA MARGARITA, S/N",DIFÍCIL,#E74C3C,-3.1345,-60.00838,3,-0.134,-0.086,0.37,774,36.9,1211,57.8,449,23.4,DIFÍCIL,-0.22,negativa,35.1,60.7,22.9
449,MANAUS,"RUA Q,QUADRA 20, S/N CJ. RIBEIRO JUNIOR",DIFÍCIL,#E74C3C,-3.12747,-60.04702,3,-0.152,-0.079,0.35,920,35.1,1536,58.6,574,24.0,DIFÍCIL,-0.231,negativa,33.3,61.5,23.6
450,MANAUS,"RUA 22 DE MAIO, S/N, SANTA ETELVINA",BOLSO+EB,#E67E22,-3.10829,-60.03079,3,-0.102,-0.039,0.4,762,40.1,1050,55.3,483,28.1,BOLSO+EB,-0.141,negativa,38.1,58.1,27.5
451,MANAUS,"AV VALE DO PÓ, 120, CJ COPHASA",DIFÍCIL,#E74C3C,-3.11717,-60.00525,3,-0.178,-0.096,0.32,624,32.5,1213,63.1,394,22.4,DIFÍCIL,-0.274,negativa,30.9,66.3,21.9
452,MANAUS,"AV DES JOÃO MACHADO, 211",BOLSO+EB,#E67E22,-3.11898,-60.00675,3,-0.141,-0.032,0.36,703,36.2,1152,59.4,510,28.7,BOLSO+EB,-0.173,negativa,34.4,62.4,28.2
453,MANAUS,"RUA JOÃO ALFREDO, S/N, PAZ",DIFÍCIL,#E74C3C,-3.10018,-60.00962,3,-0.173,-0.09,0.33,671,33.1,1249,61.6,426,22.9,DIFÍCIL,-0.263,negativa,31.4,64.6,22.4
454,MANAUS,"RUA RAINHA MARGHARIDA, S/N, PARQUE RIACHUELO, TARUMÃ",BOLSO+EB,#E67E22,-3.1304,-60.04397,3,-0.109,-0.05,0.39,755,39.5,1078,56.4,478,26.9,BOLSO+EB,-0.158,negativa,37.5,59.2,26.4
455,MANAUS,AV. AYMORÉ,DIFÍCIL,#E74C3C,-3.14393,-60.02787,3,-0.124,-0.059,0.38,726,38.0,1085,56.7,452,26.0,DIFÍCIL,-0.183,negativa,36.1,59.6,25.5
456,MANAUS,"AV CONSTANTINOPLA S/N, BAIRRO  PLANALTO (BALNEARIO DO SESC)",BOLSO+EB,#E67E22,-3.0948,-60.00995,3,-0.143,-0.046,0.36,720,36.1,1184,59.3,503,27.3,BOLSO+EB,-0.189,negativa,34.3,62.3,26.8
457,MANAUS,"RUA THEOFILO DE MATOS,70, PAZ",DIFÍCIL,#E74C3C,-3.11545,-60.02158,3,-0.157,-0.078,0.35,872,34.6,1525,60.6,549,24.1,DIFÍCIL,-0.235,negativa,32.9,63.6,23.6
458,MANAUS,"AV. NEPAL, S/N",BOLSO+EB,#E67E22,-3.10768,-60.01412,3,-0.128,-0.045,0.38,731,37.6,1124,57.8,486,27.5,BOLSO+EB,-0.172,negativa,35.7,60.6,26.9
459,MANAUS,"RUA NOSSA SENHORA DE FÁTIMA, S/N, SANTA ETELVINA",DIFÍCIL,#E74C3C,-3.11724,-60.02011,3,-0.125,-0.068,0.38,940,37.8,1455,58.6,570,25.1,DIFÍCIL,-0.193,negativa,35.9,61.5,24.6
460,MANAUS,"AV M, 375, ALV. II",DIFÍCIL,#E74C3C,-3.13663,-60.01424,3,-0.128,-0.06,0.37,742,37.5,1138,57.5,467,26.0,DIFÍCIL,-0.188,negativa,35.6,60.3,25.4
461,MANAUS,RUA JUREMA (CJ. KISSIA),DIFÍCIL,#E74C3C,-3.11048,-60.00612,3,-0.14,-0.075,0.36,708,36.4,1147,58.9,435,24.5,DIFÍCIL,-0.214,negativa,34.5,61.9,24.0
462,MANAUS,RUA DO CAMPO,DIFÍCIL,#E74C3C,-3.12788,-60.04296,3,-0.165,-0.075,0.34,647,33.9,1181,61.8,423,24.4,DIFÍCIL,-0.24,negativa,32.2,64.9,23.9
463,MANAUS,"AV. TORQUATO TAPAJÓS, S/N - KM 12",DIFÍCIL,#E74C3C,-3.12887,-60.00881,3,-0.139,-0.084,0.36,676,36.4,1098,59.2,392,23.6,DIFÍCIL,-0.223,negativa,34.6,62.1,23.1
464,MANAUS,RUA SECUNDARIA VIII S/N,DIFÍCIL,#E74C3C,-3.11854,-60.02183,3,-0.147,-0.086,0.36,705,35.7,1181,59.7,421,23.4,DIFÍCIL,-0.232,negativa,33.9,62.7,22.9
465,MANAUS,"RUA RIO CAQUETÁ, 563, LAGO AZUL",BOLSO+EB,#E67E22,-3.11771,-60.02185,3,-0.136,-0.047,0.37,731,36.7,1153,57.9,497,27.2,BOLSO+EB,-0.183,negativa,34.9,60.8,26.6
466,MANAUS,"RUA Y, S/N, PLANALTO",DIFÍCIL,#E74C3C,-3.1217,-60.03409,3,-0.179,-0.084,0.32,648,32.4,1261,63.1,424,23.6,DIFÍCIL,-0.263,negativa,30.8,66.2,23.1
467,MANAUS,"RUA SANTA HELENA, S/N,  PARQUE SÃO PEDRO, TARUMA",DIFÍCIL,#E74C3C,-3.11634,-60.0263,3,-0.156,-0.082,0.35,677,34.7,1175,60.2,427,23.7,DIFÍCIL,-0.238,negativa,33.0,63.2,23.3
468,MANAUS,"RUA PRINCIPAL UM, CONJ. JOÃO PAULO II",BOLSO+EB,#E67E22,-3.13578,-60.02683,3,-0.118,-0.04,0.39,765,38.5,1123,56.6,508,28.0,BOLSO+EB,-0.157,negativa,36.6,59.4,27.4
469,MANAUS,"RODOVIA AM-010, KM 25, ZONA RURAL",DIFÍCIL,#E74C3C,-3.12554,-60.02816,3,-0.137,-0.072,0.37,851,36.7,1367,58.9,526,24.7,DIFÍCIL,-0.208,negativa,34.8,61.8,24.2
470,MANAUS,"RUA SANTA MARTA, S/N - COMUNIDADE JESUS ME DEU",DIFÍCIL,#E74C3C,-3.10349,-60.01873,3,-0.122,-0.066,0.38,698,38.1,1061,57.9,422,25.3,DIFÍCIL,-0.188,negativa,36.2,60.8,24.8
471,MANAUS,"RUA TREZE DE MAIO, S/N",EB_PURO,#8E44AD,-3.12091,-60.03184,3,-0.081,-0.015,0.42,1015,42.2,1282,53.3,667,30.4,EB_PURO,-0.096,negativa,40.1,56.0,29.8
472,MANAUS,"RUA IMBÚ, N 22, COMUNIDADE ISMAIL AZIZ,  KM 2,5 BR 174",BOLSO+EB,#E67E22,-3.10341,-60.00222,3,-0.099,-0.045,0.4,772,40.4,1056,55.2,483,27.5,BOLSO+EB,-0.144,negativa,38.4,58.0,26.9
473,MANAUS,"RUA SANTA HELENA, S/N,  PARQUE SÃO PEDRO, TARUMA",BOLSO+EB,#E67E22,-3.10922,-60.0151,3,-0.116,-0.039,0.39,782,38.7,1150,56.9,521,28.0,BOLSO+EB,-0.155,negativa,36.8,59.7,27.5
474,MANAUS,"RUA SAMAUMA, S/N",DIFÍCIL,#E74C3C,-3.12204,-60.04033,3,-0.162,-0.085,0.34,640,34.1,1147,61.1,401,23.4,DIFÍCIL,-0.247,negativa,32.4,64.2,22.9
475,MANAUS,"AV M, 375, ALV. II",DIFÍCIL,#E74C3C,-3.11344,-60.01883,3,-0.163,-0.088,0.34,671,34.0,1210,61.3,422,23.1,DIFÍCIL,-0.251,negativa,32.3,64.4,22.7
476,MANAUS,"RUA B28, CJ AJURICABA",DIFÍCIL,#E74C3C,-3.11862,-60.00588,3,-0.14,-0.07,0.36,705,36.3,1150,59.2,445,24.9,DIFÍCIL,-0.21,negativa,34.5,62.2,24.4
477,MANAUS,ALAMEDA RIO NEGRO,BOLSO+EB,#E67E22,-3.11937,-60.03182,3,-0.129,-0.03,0.37,719,37.4,1116,58.1,505,29.0,BOLSO+EB,-0.159,negativa,35.5,61.0,28.4
478,MANAUS,"AV. XAVANTES, S/N",BOLSO+EB,#E67E22,-3.13065,-60.02263,3,-0.121,-0.037,0.38,740,38.2,1091,56.4,499,28.3,BOLSO+EB,-0.158,negativa,36.3,59.2,27.7
479,MANAUS,"RUA RIO PADUARI (ANTIGA RUA 11) , 09",BOLSO+EB,#E67E22,-3.11726,-60.01672,3,-0.145,-0.046,0.36,1105,35.8,1837,59.5,752,27.3,BOLSO+EB,-0.191,negativa,34.0,62.5,26.7
480,MANAUS,"RUA 15 DE OUTUBRO, S/N, REDENÇÃO",DIFÍCIL,#E74C3C,-3.12064,-60.01879,3,-0.139,-0.078,0.36,693,36.4,1116,58.6,424,24.1,DIFÍCIL,-0.217,negativa,34.6,61.6,23.6
481,MANAUS,EST DOS FRANCESES,DIFÍCIL,#E74C3C,-3.1072,-60.00495,3,-0.152,-0.095,0.35,645,35.1,1122,61.0,375,22.4,DIFÍCIL,-0.248,negativa,33.3,64.1,22.0
482,MANAUS,AV. AYMORÉ,BOLSO+EB,#E67E22,-3.12053,-60.02774,3,-0.128,-0.029,0.38,735,37.5,1151,58.8,513,29.0,BOLSO+EB,-0.157,negativa,35.7,61.7,28.5
483,MANAUS,AV F,BOLSO+EB,#E67E22,-3.1262,-60.01873,3,-0.103,-0.028,0.4,771,40.0,1080,56.1,508,29.1,BOLSO+EB,-0.131,negativa,38.0,58.9,28.5
484,MANAUS,"RUA Q,QUADRA 20, S/N CJ. RIBEIRO JUNIOR",DIFÍCIL,#E74C3C,-3.10884,-60.01076,3,-0.207,-0.123,0.3,667,29.6,1473,65.5,400,19.6,DIFÍCIL,-0.33,negativa,28.2,68.7,19.2
485,MANAUS,AV PEDRO TEIXEIRA,BOLSO+EB,#E67E22,-3.11186,-60.02294,3,-0.129,-0.046,0.37,1214,37.4,1888,58.1,813,27.4,BOLSO+EB,-0.175,negativa,35.5,61.0,26.8
486,MANAUS,RUA NOVA ESPERANÇA - ETAPA IV,BOLSO+EB,#E67E22,-3.12743,-60.01399,3,-0.097,-0.048,0.41,1337,40.7,1794,54.6,817,27.2,BOLSO+EB,-0.144,negativa,38.6,57.3,26.6
487,MANAUS,RUA BARÃO DO RIO BRANCO ESQUINA COM AV DAS TORRES,DIFÍCIL,#E74C3C,-3.11538,-60.0021,3,-0.126,-0.068,0.38,1400,37.7,2122,57.2,839,25.1,DIFÍCIL,-0.194,negativa,35.8,60.0,24.6
488,MANAUS,"AV DES JOÃO MACHADO, CJ CANAÃ, RUA 01",DIFÍCIL,#E74C3C,-3.14021,-60.01873,3,-0.134,-0.065,0.37,1193,37.0,1880,58.3,748,25.5,DIFÍCIL,-0.198,negativa,35.1,61.2,25.0
489,MANAUS,"RUA SÃO MARCOS, 11",DIFÍCIL,#E74C3C,-3.1135,-60.00499,3,-0.123,-0.073,0.38,1602,38.0,2408,57.1,949,24.6,DIFÍCIL,-0.197,negativa,36.1,60.0,24.1
490,MANAUS,"RUA AMAZONINO MENDES, S/N, SANTA ETELVINA",BOLSO+EB,#E67E22,-3.12111,-60.00059,3,-0.09,-0.048,0.41,1578,41.3,2063,54.0,939,27.1,BOLSO+EB,-0.138,negativa,39.3,56.7,26.6
491,MANAUS,"RUA RIO JARARETE (ANTIGA 7B), S/N",BOLSO+EB,#E67E22,-3.12323,-60.00272,3,-0.122,-0.041,0.38,1433,38.1,2152,57.2,962,27.8,BOLSO+EB,-0.164,negativa,36.2,60.0,27.2
492,MANAUS,"RUA DO COMÉRCIO, 36, SANTA ETELVINA",DIFÍCIL,#E74C3C,-3.10278,-60.00765,3,-0.12,-0.063,0.38,1471,38.4,2192,57.2,893,25.6,DIFÍCIL,-0.183,negativa,36.4,60.0,25.1
493,MANAUS,"RUA PARDAL,",DIFÍCIL,#E74C3C,-3.12628,-60.02942,3,-0.116,-0.057,0.39,2039,38.7,2988,56.7,1249,26.3,DIFÍCIL,-0.173,negativa,36.8,59.5,25.7
494,MANAUS,"RUA SANTA MARTA, S/N - COMUNIDADE JESUS ME DEU",BOLSO+EB,#E67E22,-3.11712,-60.01602,3,-0.096,-0.031,0.41,1820,40.7,2427,54.3,1181,28.8,BOLSO+EB,-0.128,negativa,38.7,57.0,28.2
495,MANAUS,RUA RAQUEL DE SOUZA 17,DIFÍCIL,#E74C3C,-3.1145,-60.01992,3,-0.125,-0.053,0.38,1709,37.8,2570,56.9,1106,26.6,DIFÍCIL,-0.178,negativa,35.9,59.7,26.1
496,MANAUS,"AVENIDA ITACOLOMY, S/N",DIFÍCIL,#E74C3C,-3.10415,-60.0266,3,-0.118,-0.068,0.38,1722,38.5,2527,56.5,1017,25.1,DIFÍCIL,-0.186,negativa,36.6,59.3,24.6
497,MANAUS,"ALAMEDA COSME FERREIRA , S/N - KM 8",DIFÍCIL,#E74C3C,-3.10037,-60.02791,3,-0.115,-0.055,0.39,2002,38.9,2898,56.3,1245,26.4,DIFÍCIL,-0.17,negativa,36.9,59.1,25.9
498,MANAUS,"R MARCIANO ARMOND, S/N",BOLSO+EB,#E67E22,-3.10211,-60.02707,3,-0.093,-0.041,0.41,1807,41.0,2405,54.5,1120,27.8,BOLSO+EB,-0.135,negativa,38.9,57.3,27.3
499,MANAUS,"RUA MARQUESA DE SANTOS, 500",DIFÍCIL,#E74C3C,-3.13273,-60.03039,3,-0.094,-0.05,0.41,1858,40.9,2447,53.9,1119,26.9,DIFÍCIL,-0.144,negativa,38.9,56.6,26.3
500,MANAUS,"RUA ENCONTRO DAS AGUAS, S/N",BOLSO+EB,#E67E22,-3.14466,-60.02472,3,-0.122,-0.03,0.38,1947,38.2,2893,56.7,1342,29.0,BOLSO+EB,-0.151,negativa,36.3,59.6,28.4
501,MANAUS,"RUA SETE QUEDAS, S/N",BOLSO+EB,#E67E22,-3.11727,-60.02292,3,-0.107,-0.05,0.4,2002,39.6,2793,55.3,1232,26.9,BOLSO+EB,-0.157,negativa,37.6,58.0,26.4
502,MANAUS,AV BARTOLOMEU BUENO DA SILVA,DIFÍCIL,#E74C3C,-3.12089,-60.02272,3,-0.106,-0.06,0.4,1734,39.7,2406,55.1,1040,25.9,DIFÍCIL,-0.166,negativa,37.7,57.8,25.4
503,MANAUS,"RUA QUARTZO-ROSA, S/N, CONJ. VIVER MELHOR I, LAGO AZUL",DIFÍCIL,#E74C3C,-3.11622,-59.99799,3,-0.066,-0.059,0.44,1925,43.7,2273,51.6,1064,26.1,DIFÍCIL,-0.125,negativa,41.5,54.2,25.5
504,MANAUS,AV PEDRO TEIXEIRA,DIFÍCIL,#E74C3C,-3.11969,-60.01707,3,-0.137,-0.061,0.37,1621,36.6,2572,58.1,1048,25.8,DIFÍCIL,-0.198,negativa,34.8,61.0,25.3
505,MANAUS,"RUA PADRE MARCELINO CHAMPGNAT, S/N",DIFÍCIL,#E74C3C,-3.13783,-60.02298,3,-0.112,-0.051,0.39,1797,39.1,2572,56.0,1107,26.8,DIFÍCIL,-0.163,negativa,37.2,58.8,26.3
506,MANAUS,"AV. CURAÇÃO, QD 33 - S/N",DIFÍCIL,#E74C3C,-3.11876,-60.02157,3,-0.127,-0.073,0.38,1614,37.6,2431,56.7,967,24.7,DIFÍCIL,-0.199,negativa,35.8,59.5,24.2
507,MANAUS,AV F,BOLSO+EB,#E67E22,-3.11911,-60.02171,3,-0.11,-0.044,0.39,1979,39.4,2820,56.1,1262,27.5,BOLSO+EB,-0.154,negativa,37.4,58.9,27.0
508,MANAUS,"RUA SAMAMBAIA, S/N, SANTA ETELVINA",DIFÍCIL,#E74C3C,-3.11081,-60.02688,3,-0.09,-0.059,0.41,1730,41.3,2287,54.7,1002,26.0,DIFÍCIL,-0.149,negativa,39.3,57.4,25.5
509,MANAUS,"RUA BAGÉ, 2071, REDENÇÃO",BOLSO+EB,#E67E22,-3.14248,-60.01401,3,-0.087,-0.024,0.42,1739,41.6,2264,54.2,1131,29.5,BOLSO+EB,-0.111,negativa,39.5,56.9,28.9
510,MANAUS,"RUA PARINTINS, COMUNIDADE AMÉRICA DO SUL",DIFÍCIL,#E74C3C,-3.12111,-60.02648,3,-0.154,-0.092,0.35,1143,35.0,1984,60.7,684,22.7,DIFÍCIL,-0.246,negativa,33.2,63.7,22.2
511,MANAUS,RUA DO CAMPO,DIFÍCIL,#E74C3C,-3.13524,-60.03189,3,-0.112,-0.057,0.39,1667,39.1,2386,56.0,1024,26.3,DIFÍCIL,-0.168,negativa,37.2,58.8,25.7
512,MANAUS,"RUA PRIMEIRO DE JUNHO, S/N, VILA SASSA MUTEMA",BOLSO+EB,#E67E22,-3.10652,-60.04157,3,-0.1,-0.039,0.4,1838,40.3,2514,55.2,1147,28.1,BOLSO+EB,-0.139,negativa,38.3,57.9,27.5
513,MANAUS,RUA SECUNDARIA VIII S/N,BOLSO+EB,#E67E22,-3.10177,-60.01729,3,-0.096,-0.048,0.41,1726,40.7,2327,54.9,1048,27.1,BOLSO+EB,-0.144,negativa,38.7,57.6,26.6
514,MANAUS,"RUA 06, QD 06, CJ AUGUSTO MONTENEGRO",DIFÍCIL,#E74C3C,-3.12434,-60.01904,3,-0.102,-0.053,0.4,1727,40.1,2357,54.8,1045,26.6,DIFÍCIL,-0.155,negativa,38.1,57.5,26.1
515,MANAUS,"RUA TERRA NOVA, S/N  ESQUINA COM A RUA VILAR FIUZA",BOLSO+EB,#E67E22,-3.12587,-60.00339,3,-0.1,-0.035,0.4,1771,40.3,2426,55.2,1136,28.5,BOLSO+EB,-0.135,negativa,38.3,58.0,27.9
516,MANAUS,"RUA RIO BAUNA (ANTIGA RUA 18), 39",DIFÍCIL,#E74C3C,-3.13376,-60.00596,3,-0.132,-0.061,0.37,1633,37.1,2567,58.3,1029,25.8,DIFÍCIL,-0.194,negativa,35.2,61.2,25.3
517,MANAUS,"R BARÃO DE MARACAJU,, 115",BOLSO+EB,#E67E22,-3.12019,-60.0233,3,-0.068,-0.035,0.44,1846,43.5,2194,51.8,1112,28.4,BOLSO+EB,-0.103,negativa,41.4,54.3,27.8
518,MANAUS,"RUA 01, CONJUNTO  ARTHUR VIRGILIO FILHO",DIFÍCIL,#E74C3C,-3.11533,-60.02195,3,-0.146,-0.075,0.36,1623,35.7,2688,59.2,1013,24.5,DIFÍCIL,-0.22,negativa,34.0,62.2,24.0
519,MANAUS,"RUA SÃO LUIS, S/N, COMUNIDADE SÃO JOÃO, BR 174, KM 04, ZONA RURAL",BOLSO+EB,#E67E22,-3.11199,-60.01851,3,-0.091,-0.021,0.41,2013,41.2,2662,54.5,1317,29.8,BOLSO+EB,-0.112,negativa,39.2,57.3,29.2
520,MANAUS,"RUA ITATIAIA, 171",DIFÍCIL,#E74C3C,-3.11151,-60.00691,3,-0.113,-0.059,0.39,1741,39.1,2482,55.7,1059,26.0,DIFÍCIL,-0.172,negativa,37.1,58.5,25.5
521,MANAUS,"RUA 11, 440, ALVORADA III",BOLSO+EB,#E67E22,-3.10734,-60.04156,3,-0.082,-0.025,0.42,1792,42.1,2278,53.5,1159,29.5,BOLSO+EB,-0.107,negativa,40.0,56.2,28.9
522,MANAUS,"AV M, 375, ALV. II",DIFÍCIL,#E74C3C,-3.12044,-60.03673,3,-0.123,-0.066,0.38,1498,38.0,2297,58.2,908,25.3,DIFÍCIL,-0.19,negativa,36.1,61.2,24.8
523,MANAUS,"AV 7 DE ABRIL, 100",DIFÍCIL,#E74C3C,-3.11634,-60.00488,3,-0.142,-0.064,0.36,1378,36.1,2258,59.1,896,25.5,DIFÍCIL,-0.207,negativa,34.3,62.1,25.0
524,MANAUS,"RUA RAINHA MARGHARIDA, S/N, PARQUE RIACHUELO, TARUMÃ",BOLSO+EB,#E67E22,-3.13984,-60.03891,3,-0.1,-0.029,0.4,1979,40.3,2683,54.6,1292,29.0,BOLSO+EB,-0.13,negativa,38.3,57.4,28.4
525,MANAUS,"RUA RIO CAQUETÁ, 563, LAGO AZUL",DIFÍCIL,#E74C3C,-3.13597,-60.01268,3,-0.139,-0.064,0.36,1639,36.5,2640,58.7,1046,25.5,DIFÍCIL,-0.203,negativa,34.6,61.7,25.0
526,MANAUS,"AV. MONSENHOR PINTO, S/N",DIFÍCIL,#E74C3C,-3.12056,-60.01932,3,-0.138,-0.065,0.37,1553,36.5,2488,58.5,979,25.4,DIFÍCIL,-0.203,negativa,34.7,61.5,24.9
527,MANAUS,"RUA IMBÚ, N 22, COMUNIDADE ISMAIL AZIZ,  KM 2,5 BR 174",BOLSO+EB,#E67E22,-3.12222,-60.01263,3,-0.099,-0.034,0.4,1557,40.4,2125,55.2,990,28.5,BOLSO+EB,-0.133,negativa,38.4,57.9,28.0
528,MANAUS,RUA VERBACO,DIFÍCIL,#E74C3C,-3.12386,-60.0102,3,-0.148,-0.066,0.36,1369,35.5,2315,60.0,900,25.3,DIFÍCIL,-0.214,negativa,33.7,63.0,24.8
529,MANAUS,"RUA OPALA (ANTIGA BERNARDO CABRAL), 175",DIFÍCIL,#E74C3C,-3.14218,-60.01366,3,-0.113,-0.064,0.39,1735,39.0,2507,56.3,1045,25.5,DIFÍCIL,-0.178,negativa,37.0,59.2,25.0
530,MANAUS,"RUA MARQUESA DE SANTOS, 500",DIFÍCIL,#E74C3C,-3.1286,-60.02333,3,-0.137,-0.058,0.37,1604,36.6,2579,58.8,1047,26.1,DIFÍCIL,-0.196,negativa,34.8,61.8,25.6
531,MANAUS,AVENIDA ITAUBA,DIFÍCIL,#E74C3C,-3.13383,-60.01937,3,-0.124,-0.056,0.38,1688,37.9,2508,56.3,1072,26.3,DIFÍCIL,-0.181,negativa,36.0,59.1,25.8
532,MANAUS,RUA 28 DE AGOSTO,DIFÍCIL,#E74C3C,-3.11809,-60.02045,3,-0.117,-0.056,0.39,1696,38.7,2505,57.1,1050,26.4,DIFÍCIL,-0.172,negativa,36.7,60.0,25.8
533,MANAUS,"RUA MARGARITA, S/N",DIFÍCIL,#E74C3C,-3.12481,-60.03127,3,-0.143,-0.07,0.36,1604,36.0,2661,59.7,1003,25.0,DIFÍCIL,-0.213,negativa,34.2,62.7,24.5
534,MANAUS,AV. AYMORÉ,DIFÍCIL,#E74C3C,-3.11177,-60.03534,3,-0.152,-0.07,0.35,1780,35.1,3015,59.5,1159,24.9,DIFÍCIL,-0.222,negativa,33.4,62.5,24.4
535,MANAUS,"RUA DAS AZALÉIAS, 01",DIFÍCIL,#E74C3C,-3.12671,-60.04044,3,-0.113,-0.064,0.39,1996,39.0,2887,56.4,1189,25.5,DIFÍCIL,-0.178,negativa,37.0,59.2,25.0
536,MANAUS,"QUADRA C, S/N",DIFÍCIL,#E74C3C,-3.11348,-60.01698,3,-0.094,-0.054,0.41,2122,41.0,2809,54.2,1259,26.6,DIFÍCIL,-0.147,negativa,38.9,56.9,26.0
537,MANAUS,"AVENIDA ITAUBA , CONJUNTO JOÃO PAULO II",DIFÍCIL,#E74C3C,-3.10762,-60.04033,3,-0.121,-0.058,0.38,1926,38.3,2846,56.5,1211,26.1,DIFÍCIL,-0.178,negativa,36.4,59.4,25.6
538,MANAUS,"RUA JACAMIN, S/N, LOT. CAMPOS SALES, TARUMÃ",DIFÍCIL,#E74C3C,-3.13081,-60.01353,3,-0.129,-0.057,0.37,1870,37.5,2862,57.3,1189,26.2,DIFÍCIL,-0.185,negativa,35.6,60.2,25.7
539,MANAUS,"RUA TUCANO, 364",DIFÍCIL,#E74C3C,-3.10334,-60.03964,3,-0.151,-0.068,0.35,1912,35.3,3252,60.0,1243,25.1,DIFÍCIL,-0.219,negativa,33.5,63.0,24.6
540,MANAUS,"R G-3, 167 - CJ. NOVA REPUBLICA",DIFÍCIL,#E74C3C,-3.1171,-60.00877,3,-0.158,-0.064,0.35,1736,34.5,3035,60.3,1163,25.5,DIFÍCIL,-0.222,negativa,32.8,63.4,25.0
541,MANAUS,"RUA RIO XANXERÊ, S/N",DIFÍCIL,#E74C3C,-3.12146,-60.02135,3,-0.122,-0.058,0.38,1908,38.1,2845,56.8,1199,26.1,DIFÍCIL,-0.18,negativa,36.2,59.7,25.6
542,MANAUS,"RUA MARGARITA, S/N",DIFÍCIL,#E74C3C,-3.1173,-60.02063,3,-0.134,-0.074,0.37,1891,36.9,2957,57.8,1161,24.6,DIFÍCIL,-0.207,negativa,35.1,60.6,24.1
543,MANAUS,"RUA JOÃO DO NASCIMENTO MARQUES, 11",DIFÍCIL,#E74C3C,-3.10775,-60.03956,3,-0.127,-0.066,0.38,2020,37.6,3110,57.9,1237,25.3,DIFÍCIL,-0.193,negativa,35.7,60.8,24.8
544,MANAUS,RUA CAPIM SANTO -  CONJUNTO JOÃO PAULO II,BOLSO+EB,#E67E22,-3.1238,-60.0124,3,-0.111,-0.037,0.39,2018,39.3,2886,56.1,1313,28.2,BOLSO+EB,-0.148,negativa,37.3,59.0,27.7
545,MANAUS,"RUA PAULO PINTO NERY, S/N",BOLSO+EB,#E67E22,-3.11488,-60.01772,3,-0.105,-0.038,0.4,2051,39.9,2859,55.6,1327,28.1,BOLSO+EB,-0.143,negativa,37.9,58.3,27.5
546,MANAUS,"RUA SAMAUMA, S/N",DIFÍCIL,#E74C3C,-3.1045,-60.03136,3,-0.149,-0.07,0.35,1775,35.4,2980,59.4,1140,24.9,DIFÍCIL,-0.22,negativa,33.6,62.4,24.4
547,MANAUS,"RUA J, 225",DIFÍCIL,#E74C3C,-3.11863,-60.0233,3,-0.141,-0.059,0.36,1777,36.2,2890,58.9,1174,26.0,DIFÍCIL,-0.2,negativa,34.4,61.9,25.5
548,MANAUS,RUA 26 - CONJ. CASTELO BRANCO,BOLSO+EB,#E67E22,-3.13583,-60.03202,3,-0.127,-0.049,0.38,1873,37.6,2891,58.0,1220,27.1,BOLSO+EB,-0.176,negativa,35.7,60.9,26.5
549,MANAUS,"RUA 01, CONJUNTO  ARTHUR VIRGILIO FILHO",DIFÍCIL,#E74C3C,-3.11722,-60.00634,3,-0.13,-0.061,0.37,1890,37.3,2925,57.7,1194,25.8,DIFÍCIL,-0.191,negativa,35.4,60.6,25.3
550,MANAUS,"RUA OPALA (ANTIGA BERNARDO CABRAL), 175",DIFÍCIL,#E74C3C,-3.11913,-60.03353,3,-0.141,-0.073,0.36,2007,36.2,3261,58.9,1248,24.7,DIFÍCIL,-0.214,negativa,34.4,61.8,24.2
551,MANAUS,"R 51, S/N - CJ. 31 DE MARÇO",DIFÍCIL,#E74C3C,-3.11948,-60.02403,3,-0.132,-0.054,0.37,2116,37.2,3301,58.0,1378,26.6,DIFÍCIL,-0.185,negativa,35.3,60.9,26.0
552,MANAUS,AV RAMOS D S/N NÚCLEO 23,DIFÍCIL,#E74C3C,-3.10378,-60.0218,3,-0.14,-0.056,0.36,2125,36.3,3455,59.0,1406,26.3,DIFÍCIL,-0.197,negativa,34.5,61.9,25.8
553,MANAUS,"RUA ARSENAL DA MARINHA, S/N",DIFÍCIL,#E74C3C,-3.109,-60.00261,3,-0.133,-0.07,0.37,2266,37.0,3569,58.3,1384,24.9,DIFÍCIL,-0.203,negativa,35.2,61.3,24.4
554,MANAUS,"RUA THEOFILO DE MATOS,70, PAZ",DIFÍCIL,#E74C3C,-3.1248,-60.0006,3,-0.134,-0.068,0.37,2386,36.9,3745,58.0,1469,25.1,DIFÍCIL,-0.202,negativa,35.1,60.9,24.6
555,MANAUS,"RUA SANTA INÊS, 16",DIFÍCIL,#E74C3C,-3.12315,-60.02527,3,-0.137,-0.07,0.37,2313,36.7,3708,58.8,1443,25.0,DIFÍCIL,-0.206,negativa,34.8,61.7,24.5
556,MANAUS,"RUA SANTA MÔNICA, S/N MANOA FLORESTAL",DIFÍCIL,#E74C3C,-3.11886,-60.02162,3,-0.118,-0.067,0.39,2378,38.6,3463,56.2,1408,25.2,DIFÍCIL,-0.185,negativa,36.6,59.0,24.7
557,MANAUS,"AV MARGARITA, S/N",BOLSO+EB,#E67E22,-3.11507,-60.01612,3,-0.12,-0.049,0.38,2277,38.4,3370,56.8,1468,27.1,BOLSO+EB,-0.168,negativa,36.5,59.6,26.5
558,MANAUS,"RUA 253, QD 432 S/N NÚCLEO 23",DIFÍCIL,#E74C3C,-3.13139,-60.03629,3,-0.113,-0.061,0.39,2440,39.0,3504,56.1,1480,25.9,DIFÍCIL,-0.174,negativa,37.1,58.9,25.3
559,MANAUS,"RUA J, 79",DIFÍCIL,#E74C3C,-3.12004,-60.0066,3,-0.157,-0.065,0.35,2201,34.6,3861,60.7,1473,25.5,DIFÍCIL,-0.222,negativa,32.9,63.7,25.0
560,MANAUS,"RUA MARQUESA DE SANTOS, 500",BOLSO+EB,#E67E22,-3.12782,-60.01781,3,-0.126,-0.049,0.38,2366,37.7,3639,57.9,1560,27.0,BOLSO+EB,-0.175,negativa,35.8,60.8,26.5
561,MANAUS,"RUA DO COMÉRCIO, 36, SANTA ETELVINA",DIFÍCIL,#E74C3C,-3.12874,-60.00614,3,-0.143,-0.058,0.36,2230,36.0,3682,59.4,1479,26.2,DIFÍCIL,-0.201,negativa,34.2,62.4,25.6
562,MANAUS,"RUA DA PAZ, 31",DIFÍCIL,#E74C3C,-3.11276,-60.02527,3,-0.109,-0.057,0.39,2338,39.4,3324,56.1,1433,26.2,DIFÍCIL,-0.166,negativa,37.5,58.9,25.7
563,MANAUS,RUA NOVA ESPERANÇA - ETAPA IV,BOLSO+EB,#E67E22,-3.11551,-60.02831,3,-0.109,-0.041,0.39,2368,39.4,3365,56.0,1538,27.8,BOLSO+EB,-0.151,negativa,37.4,58.8,27.3
564,MANAUS,RUA ENCONTRO DAS ÁGUAS,DIFÍCIL,#E74C3C,-3.12053,-60.02773,3,-0.123,-0.052,0.38,2424,38.0,3693,57.9,1563,26.7,DIFÍCIL,-0.176,negativa,36.1,60.8,26.2
565,MANAUS,"RUA BELO HORIZONTE, 1449",DIFÍCIL,#E74C3C,-3.10532,-60.03224,3,-0.156,-0.072,0.35,2211,34.7,3834,60.2,1437,24.7,DIFÍCIL,-0.228,negativa,33.0,63.2,24.2
566,MANAUS,"RUA JACAMIN, S/N, LOT. CAMPOS SALES, TARUMÃ",DIFÍCIL,#E74C3C,-3.12723,-60.00204,3,-0.137,-0.06,0.37,2264,36.6,3661,59.2,1450,25.9,DIFÍCIL,-0.197,negativa,34.8,62.2,25.4
567,MANAUS,"RUA RECIFE, 4390",DIFÍCIL,#E74C3C,-3.12745,-60.02453,3,-0.135,-0.062,0.37,2296,36.9,3673,59.0,1463,25.8,DIFÍCIL,-0.196,negativa,35.0,61.9,25.2
568,MANAUS,"RUA PARINTINS, COMUNIDADE AMÉRICA DO SUL",DIFÍCIL,#E74C3C,-3.11569,-60.02198,3,-0.139,-0.063,0.36,2285,36.4,3678,58.6,1454,25.6,DIFÍCIL,-0.202,negativa,34.6,61.5,25.1
569,MANAUS,"RUA INOCENCIO ARAUJO, S/N",BOLSO+EB,#E67E22,-3.11504,-60.03821,3,-0.123,-0.042,0.38,2405,38.0,3598,56.9,1600,27.8,BOLSO+EB,-0.165,negativa,36.1,59.7,27.2
570,MANAUS,"RUA SAMAMBAIA, S/N, SANTA ETELVINA",DIFÍCIL,#E74C3C,-3.1111,-60.01449,3,-0.113,-0.055,0.39,2436,39.0,3518,56.4,1508,26.4,DIFÍCIL,-0.168,negativa,37.1,59.2,25.9
571,MANAUS,"RUA OPALA (ANTIGA BERNARDO CABRAL), 175",DIFÍCIL,#E74C3C,-3.12988,-60.01813,3,-0.11,-0.062,0.39,2472,39.3,3554,56.6,1466,25.7,DIFÍCIL,-0.172,negativa,37.4,59.4,25.2
572,MANAUS,"RUA SANTA ANA NERY, S/N, OURO VERDE",DIFÍCIL,#E74C3C,-3.11775,-60.0169,3,-0.14,-0.079,0.36,2243,36.3,3647,59.0,1329,24.0,DIFÍCIL,-0.219,negativa,34.5,62.0,23.5
573,MANAUS,"R POLIVALENTE, 57 A",DIFÍCIL,#E74C3C,-3.11789,-60.02323,3,-0.132,-0.052,0.37,2301,37.1,3649,58.8,1504,26.7,DIFÍCIL,-0.184,negativa,35.2,61.8,26.2
574,MANAUS,R JOAQUIM TANAJURA,DIFÍCIL,#E74C3C,-3.11473,-60.04615,3,-0.145,-0.068,0.36,2202,35.8,3647,59.3,1411,25.1,DIFÍCIL,-0.213,negativa,34.0,62.2,24.6
575,MANAUS,"RUA ALTAIR NUNES, S/N",DIFÍCIL,#E74C3C,-3.11444,-60.00301,3,-0.149,-0.062,0.35,2118,35.4,3569,59.7,1406,25.7,DIFÍCIL,-0.211,negativa,33.6,62.6,25.2
576,MANAUS,"RUA SANTA MÔNICA, S/N MANOA FLORESTAL",DIFÍCIL,#E74C3C,-3.12228,-60.03279,3,-0.144,-0.077,0.36,2140,35.9,3524,59.2,1300,24.2,DIFÍCIL,-0.221,negativa,34.1,62.1,23.8
577,MANAUS,"AV ANDRÉ ARAÚJO, 150",BOLSO+EB,#E67E22,-3.11272,-60.01865,3,-0.109,-0.037,0.39,2420,39.5,3423,55.8,1581,28.2,BOLSO+EB,-0.146,negativa,37.5,58.6,27.6
578,MANAUS,"R MARCIANO ARMOND, S/N",DIFÍCIL,#E74C3C,-3.12837,-60.04315,3,-0.128,-0.059,0.38,2285,37.5,3532,58.0,1434,26.0,DIFÍCIL,-0.187,negativa,35.7,60.9,25.5
579,MANAUS,"AV CONSTANTINOPLA S/N, BAIRRO  PLANALTO (BALNEARIO DO SESC)",BOLSO+EB,#E67E22,-3.11844,-60.02238,3,-0.111,-0.04,0.39,2489,39.2,3560,56.0,1622,27.9,BOLSO+EB,-0.152,negativa,37.2,58.8,27.3
580,MANAUS,RUA CAPIM SANTO -  CONJUNTO JOÃO PAULO II,DIFÍCIL,#E74C3C,-3.13375,-60.02507,3,-0.117,-0.059,0.39,2367,38.6,3438,56.1,1459,26.0,DIFÍCIL,-0.176,negativa,36.7,58.9,25.5
581,MANAUS,"AV DES JOÃO MACHADO, CJ CANAÃ, RUA 01",BOLSO+EB,#E67E22,-3.11436,-60.0032,3,-0.112,-0.05,0.39,2369,39.1,3403,56.1,1488,26.9,BOLSO+EB,-0.162,negativa,37.1,58.9,26.4
582,MANAUS,"R SÃO PEDRO, S/N",BOLSO+EB,#E67E22,-3.12631,-60.01901,3,-0.116,-0.039,0.39,2404,38.7,3546,57.1,1584,28.0,BOLSO+EB,-0.156,negativa,36.8,59.9,27.4
583,MANAUS,"RUA CARIRÉ, 69 ANTIGA RUA 192,  NÚCLEO 16",DIFÍCIL,#E74C3C,-3.13794,-60.01075,3,-0.141,-0.064,0.36,2229,36.2,3637,59.0,1437,25.5,DIFÍCIL,-0.206,negativa,34.4,62.0,25.0
584,MANAUS,AV PEDRO TEIXEIRA 2565 - BLOCO G,DIFÍCIL,#E74C3C,-3.11998,-60.02117,3,-0.143,-0.069,0.36,2203,36.0,3621,59.2,1378,25.0,DIFÍCIL,-0.212,negativa,34.2,62.2,24.5
585,MANAUS,"RUA ALTAIR NUNES, S/N",DIFÍCIL,#E74C3C,-3.12332,-60.02233,3,-0.125,-0.061,0.38,2131,37.8,3214,57.0,1341,25.8,DIFÍCIL,-0.186,negativa,35.9,59.9,25.3
586,MANAUS,"RUA PAULO PINTO NERY, S/N",BOLSO+EB,#E67E22,-3.1006,-60.01336,3,-0.099,-0.026,0.4,2479,40.5,3391,55.3,1651,29.4,BOLSO+EB,-0.124,negativa,38.4,58.1,28.8
587,MANAUS,"RUA EPITACIO PESSOA, S/N",DIFÍCIL,#E74C3C,-3.12658,-59.99731,3,-0.135,-0.071,0.37,2358,36.8,3735,58.3,1456,24.8,DIFÍCIL,-0.206,negativa,35.0,61.2,24.3
588,MANAUS,"RUA MANOEL MARQUES DE SOUZA, 256 / CONJUNTO CASTELO BRANCO",DIFÍCIL,#E74C3C,-3.09409,-60.01342,3,-0.124,-0.053,0.38,2254,37.9,3401,57.2,1425,26.6,DIFÍCIL,-0.178,negativa,36.0,60.1,26.1
589,MANAUS,"RUA MARQUESA DE SANTOS, 500",BOLSO+EB,#E67E22,-3.11373,-60.03469,3,-0.111,-0.048,0.39,2446,39.2,3488,55.9,1539,27.1,BOLSO+EB,-0.16,negativa,37.2,58.7,26.5
590,MANAUS,RUA 26 - CONJ. CASTELO BRANCO,BOLSO+EB,#E67E22,-3.11912,-60.02809,3,-0.117,-0.042,0.39,2427,38.6,3564,56.7,1588,27.7,BOLSO+EB,-0.159,negativa,36.7,59.5,27.2
591,MANAUS,"RUA RIO XANXERÊ, S/N",BOLSO+EB,#E67E22,-3.11676,-60.01952,3,-0.105,-0.045,0.4,2464,39.8,3425,55.3,1545,27.5,BOLSO+EB,-0.15,negativa,37.8,58.1,26.9
592,MANAUS,"R MARCIANO ARMOND, S/N",DIFÍCIL,#E74C3C,-3.12782,-60.01392,3,-0.132,-0.065,0.37,2457,37.2,3865,58.5,1528,25.4,DIFÍCIL,-0.197,negativa,35.3,61.4,24.9
593,MANAUS,"RUA ABÍLIO ALENCAR (ANTIGA RUA 5), 371-A, ALVORADA 2",DIFÍCIL,#E74C3C,-3.12388,-60.01214,3,-0.134,-0.057,0.37,2312,36.9,3652,58.3,1483,26.3,DIFÍCIL,-0.191,negativa,35.1,61.2,25.8
594,MANAUS,"RUA BARREIRINHA, 500",DIFÍCIL,#E74C3C,-3.1098,-60.0099,3,-0.11,-0.053,0.39,2461,39.3,3513,56.1,1511,26.7,DIFÍCIL,-0.163,negativa,37.4,58.9,26.1
595,MANAUS,"R PORTUGAL, 805",DIFÍCIL,#E74C3C,-3.13711,-60.02612,3,-0.147,-0.073,0.36,1966,35.6,3312,60.0,1243,24.6,DIFÍCIL,-0.221,negativa,33.8,63.0,24.1
596,MANAUS,"RUA ENZO FERRARI, S/N",DIFÍCIL,#E74C3C,-3.13433,-60.03955,3,-0.115,-0.052,0.39,2505,38.8,3687,57.2,1577,26.7,DIFÍCIL,-0.167,negativa,36.9,60.0,26.2
597,MANAUS,"R. GAMA FARIAS, S/N,",DIFÍCIL,#E74C3C,-3.1302,-60.02835,3,-0.133,-0.056,0.37,2310,37.0,3606,57.8,1483,26.3,DIFÍCIL,-0.189,negativa,35.2,60.7,25.8
598,MANAUS,"RUA CASSIA BAIANA (ANTIGA NOVA ESPERANÇA), 320 AO LADO PRATO CIDADÃO",EB_PURO,#8E44AD,-3.11794,-60.01748,3,-0.088,-0.015,0.42,2591,41.5,3337,53.5,1720,30.4,EB_PURO,-0.103,negativa,39.4,56.1,29.8
599,MANAUS,RUA AURÉLIO PINHEIRO S/N CONJ. AMAZONINO MENDES,DIFÍCIL,#E74C3C,-3.10435,-60.01723,3,-0.132,-0.053,0.37,2358,37.1,3705,58.3,1536,26.6,DIFÍCIL,-0.185,negativa,35.2,61.2,26.1
600,MANAUS,"RUA SAMAMBAIA, S/N, SANTA ETELVINA",DIFÍCIL,#E74C3C,-3.12905,-60.03062,3,-0.117,-0.056,0.39,2346,38.6,3432,56.5,1453,26.3,DIFÍCIL,-0.173,negativa,36.7,59.4,25.8
601,MANAUS,"RUA DO CRUZEIRO, 4",BOLSO+EB,#E67E22,-3.10662,-60.02574,3,-0.099,-0.042,0.4,2601,40.4,3500,54.4,1641,27.8,BOLSO+EB,-0.141,negativa,38.4,57.1,27.2
602,MANAUS,"R 5 DE FEVEREIRO, S/N",BOLSO+EB,#E67E22,-3.13439,-60.03447,3,-0.123,-0.046,0.38,2369,38.0,3571,57.3,1563,27.3,BOLSO+EB,-0.169,negativa,36.1,60.2,26.8
603,MANAUS,"AV. PERIMETRAL D, CJ. 31 DE MARÇO",DIFÍCIL,#E74C3C,-3.10108,-60.0151,3,-0.132,-0.062,0.37,2297,37.1,3566,57.7,1458,25.7,DIFÍCIL,-0.194,negativa,35.3,60.5,25.2
604,MANAUS,"RUA DA PAZ, 31",DIFÍCIL,#E74C3C,-3.12774,-60.03709,3,-0.118,-0.055,0.39,2365,38.5,3477,56.6,1462,26.4,DIFÍCIL,-0.173,negativa,36.6,59.5,25.9
605,MANAUS,AV JERUSALÉM,DIFÍCIL,#E74C3C,-3.1158,-60.0221,3,-0.112,-0.05,0.39,2462,39.1,3538,56.2,1520,26.9,DIFÍCIL,-0.163,negativa,37.1,59.0,26.3
606,MANAUS,"AV. DOM PEDRO I, N-151, DOM PEDRO I",DIFÍCIL,#E74C3C,-3.12487,-60.02255,3,-0.104,-0.068,0.4,2408,39.9,3350,55.5,1380,25.2,DIFÍCIL,-0.172,negativa,37.9,58.3,24.6
607,MANAUS,"RUA ONIX, S/N",BOLSO+EB,#E67E22,-3.11634,-60.0239,3,-0.118,-0.046,0.39,2189,38.6,3200,56.4,1415,27.3,BOLSO+EB,-0.164,negativa,36.6,59.2,26.7
608,MANAUS,"COMUNIDADE BELA VISTA, RUA PRINCESA DIANA",BOLSO+EB,#E67E22,-3.11271,-60.02723,3,-0.104,-0.049,0.4,2503,39.9,3456,55.1,1556,27.1,BOLSO+EB,-0.153,negativa,37.9,57.8,26.5
609,MANAUS,"RUA SAMAMBAIA, S/N, SANTA ETELVINA",DIFÍCIL,#E74C3C,-3.11904,-60.02128,3,-0.126,-0.056,0.38,2329,37.8,3544,57.5,1495,26.4,DIFÍCIL,-0.181,negativa,35.9,60.4,25.8
610,MANAUS,"RUA NOVA JERUSALÉM, AO LADO DO PRATO CIDADÃO.",BOLSO+EB,#E67E22,-3.12542,-59.99665,3,-0.09,-0.042,0.41,2523,41.3,3298,54.0,1526,27.7,BOLSO+EB,-0.132,negativa,39.3,56.8,27.1
611,MANAUS,RUA BARÃO DO RIO BRANCO ESQUINA COM AV DAS TORRES,DIFÍCIL,#E74C3C,-3.12353,-60.0098,3,-0.141,-0.067,0.36,2244,36.2,3642,58.8,1426,25.2,DIFÍCIL,-0.208,negativa,34.4,61.7,24.7
612,MANAUS,"RUA NOVA JERUSALÉM, AO LADO DO PRATO CIDADÃO.",BOLSO+EB,#E67E22,-3.11409,-60.0319,3,-0.107,-0.038,0.4,2440,39.7,3394,55.2,1575,28.1,BOLSO+EB,-0.145,negativa,37.7,57.9,27.5
613,MANAUS,"RUA ANTONIO BITTENCOURT, 26",EB_PURO,#8E44AD,-3.10819,-60.02767,3,-0.077,-0.007,0.43,2639,42.6,3268,52.7,1772,31.3,EB_PURO,-0.084,negativa,40.4,55.4,30.6
614,MANAUS,"AV. LEOPOLDO NEVES, 39",DIFÍCIL,#E74C3C,-3.12697,-60.03502,3,-0.125,-0.067,0.38,2369,37.8,3595,57.4,1444,25.3,DIFÍCIL,-0.192,negativa,35.9,60.3,24.8
615,MANAUS,"RUA SANTA ANA NERY, S/N, OURO VERDE",DIFÍCIL,#E74C3C,-3.12591,-59.99931,3,-0.117,-0.051,0.39,2438,38.6,3593,56.9,1533,26.8,DIFÍCIL,-0.169,negativa,36.7,59.8,26.3
616,MANAUS,"R 12, 75 - CJ. JARDIM PETROPOLIS",DIFÍCIL,#E74C3C,-3.12727,-60.02234,3,-0.11,-0.052,0.39,2793,39.3,3977,56.0,1733,26.7,DIFÍCIL,-0.162,negativa,37.4,58.8,26.1
617,MANAUS,RUA PURUI,BOLSO+EB,#E67E22,-3.12063,-60.01871,3,-0.088,-0.02,0.42,2292,41.6,2992,54.3,1499,29.9,BOLSO+EB,-0.108,negativa,39.5,57.0,29.3
618,MANAUS,"R. PADRE MONTEIRO DE NORONHA, 285",BOLSO+EB,#E67E22,-3.12929,-60.0313,3,-0.094,-0.043,0.41,2684,40.9,3560,54.2,1645,27.7,BOLSO+EB,-0.137,negativa,38.8,56.9,27.1
619,MANAUS,"RUA INACIO GUIMARÃES, S/N",BOLSO+EB,#E67E22,-3.11637,-60.02511,3,-0.103,-0.046,0.4,2623,40.1,3591,54.9,1631,27.4,BOLSO+EB,-0.148,negativa,38.1,57.6,26.8
620,MANAUS,"R PORTUGAL, 805",DIFÍCIL,#E74C3C,-3.10988,-60.01303,3,-0.124,-0.057,0.38,2382,37.9,3605,57.4,1497,26.3,DIFÍCIL,-0.181,negativa,36.0,60.3,25.7
621,MANAUS,"AVENIDA BRASIL,S/N",BOLSO+EB,#E67E22,-3.12555,-60.0458,3,-0.125,-0.039,0.38,2618,37.8,3965,57.3,1768,28.0,BOLSO+EB,-0.164,negativa,35.9,60.2,27.5
622,MANAUS,"RUA DAS AZALÉIAS, 01",BOLSO+EB,#E67E22,-3.12701,-60.03285,3,-0.121,-0.032,0.38,2413,38.3,3588,56.9,1656,28.7,BOLSO+EB,-0.153,negativa,36.4,59.7,28.1
623,MANAUS,"R 20, CASA 61 - CJ. 31 DE MARÇO",BOLSO+EB,#E67E22,-3.12472,-60.00303,3,-0.095,-0.046,0.41,2642,40.9,3512,54.3,1612,27.3,BOLSO+EB,-0.141,negativa,38.8,57.0,26.8
624,MANAUS,"RUA SÃO CRISTOVÃO, 15, CONJUNTO SÃO CRISTÓVÃO",BOLSO+EB,#E67E22,-3.12642,-60.0103,3,-0.109,-0.044,0.39,2703,39.4,3864,56.4,1649,27.6,BOLSO+EB,-0.153,negativa,37.5,59.2,27.0
625,MANAUS,"RUA GOIANIA, 701, REDENÇÃO",BOLSO+EB,#E67E22,-3.11713,-60.02218,3,-0.127,-0.044,0.38,2700,37.7,4111,57.4,1714,27.5,BOLSO+EB,-0.171,negativa,35.8,60.2,27.0
626,MANAUS,AV RAMOS D S/N NÚCLEO 23,BOLSO+EB,#E67E22,-3.11454,-60.03742,3,-0.099,-0.043,0.4,2501,40.4,3401,54.9,1564,27.6,BOLSO+EB,-0.142,negativa,38.4,57.7,27.1
627,MANAUS,"RUA ALCÂNTAR (ANTIGA MONTE ALEGRE), S/N",DIFÍCIL,#E74C3C,-3.12305,-59.9983,3,-0.12,-0.062,0.38,2345,38.3,3498,57.1,1427,25.7,DIFÍCIL,-0.183,negativa,36.4,60.0,25.2
628,MANAUS,"RUA NOVA, 1000",BOLSO+EB,#E67E22,-3.09798,-60.02873,3,-0.14,-0.047,0.36,2225,36.3,3621,59.1,1519,27.2,BOLSO+EB,-0.187,negativa,34.5,62.1,26.7
629,MANAUS,"RUA EDMUNDO SOARES (ANTIGA  PENETRAÇÃO 2) , 05",EB_PURO,#8E44AD,-3.11621,-60.0269,3,-0.078,-0.016,0.42,2652,42.5,3308,53.0,1732,30.3,EB_PURO,-0.094,negativa,40.4,55.7,29.7
630,MANAUS,"RUA GOIANIA, 701, REDENÇÃO",BOLSO+EB,#E67E22,-3.09809,-60.01449,3,-0.108,-0.046,0.4,2451,39.5,3422,55.2,1543,27.3,BOLSO+EB,-0.154,negativa,37.5,57.9,26.7
631,MANAUS,"RUA DOM BOSCO, 996",DIFÍCIL,#E74C3C,-3.11688,-60.01245,3,-0.111,-0.063,0.39,2204,39.2,3166,56.3,1317,25.6,DIFÍCIL,-0.174,negativa,37.2,59.1,25.1
632,MANAUS,"BECO JOÃO ALFREDO, S/N, PAZ",DIFÍCIL,#E74C3C,-3.1314,-60.0275,3,-0.11,-0.057,0.39,2361,39.3,3361,56.0,1435,26.2,DIFÍCIL,-0.167,negativa,37.4,58.8,25.7
633,MANAUS,"R SÃO BENEDITO, S/N",BOLSO+EB,#E67E22,-3.1095,-60.02843,3,-0.127,-0.044,0.38,2310,37.6,3516,57.3,1548,27.5,BOLSO+EB,-0.171,negativa,35.7,60.1,27.0
634,MANAUS,"RUA DOS AÇAIZEIROS (ANTIGA AV. PERIMETRAL), S/N",DIFÍCIL,#E74C3C,-3.11297,-60.04404,3,-0.113,-0.055,0.39,2446,39.0,3481,55.6,1511,26.5,DIFÍCIL,-0.167,negativa,37.1,58.3,25.9
635,MANAUS,"RUA DANILO DE MATOS AREOSA, S/N - COMPENSA II",BOLSO+EB,#E67E22,-3.0944,-60.01915,3,-0.109,-0.044,0.39,2460,39.4,3470,55.6,1566,27.6,BOLSO+EB,-0.152,negativa,37.5,58.4,27.0
636,MANAUS,AV PROFESSOR NILTON LINS 3259,DIFÍCIL,#E74C3C,-3.12712,-60.01799,3,-0.117,-0.052,0.39,2368,38.6,3461,56.4,1495,26.7,DIFÍCIL,-0.169,negativa,36.7,59.3,26.2
637,MANAUS,"AV. VIA LÁCTEA, 835",DIFÍCIL,#E74C3C,-3.12949,-60.00501,3,-0.121,-0.057,0.38,2060,38.2,3062,56.7,1289,26.2,DIFÍCIL,-0.178,negativa,36.3,59.6,25.7
638,MANAUS,"R. PADRE MONTEIRO DE NORONHA, 285",DIFÍCIL,#E74C3C,-3.12162,-60.01295,3,-0.111,-0.055,0.39,2290,39.2,3254,55.8,1405,26.4,DIFÍCIL,-0.166,negativa,37.3,58.6,25.9
639,MANAUS,"RUA NOSSA SENHORA DE FÁTIMA, S/N, SANTA ETELVINA",BOLSO+EB,#E67E22,-3.11782,-60.02479,3,-0.104,-0.048,0.4,2477,39.9,3440,55.5,1531,27.1,BOLSO+EB,-0.152,negativa,37.9,58.2,26.6
640,MANAUS,RUA SÃO BENEDITO,DIFÍCIL,#E74C3C,-3.10559,-60.01258,3,-0.122,-0.061,0.38,2489,38.1,3715,56.8,1528,25.8,DIFÍCIL,-0.184,negativa,36.2,59.7,25.3
641,MANAUS,RUA PURUI,BOLSO+EB,#E67E22,-3.11354,-60.04626,3,-0.114,-0.041,0.39,2601,38.9,3770,56.4,1696,27.9,BOLSO+EB,-0.155,negativa,37.0,59.2,27.3
642,MANAUS,"RUA J, 79",DIFÍCIL,#E74C3C,-3.11083,-60.00554,3,-0.128,-0.052,0.38,2399,37.5,3664,57.3,1555,26.8,DIFÍCIL,-0.18,negativa,35.7,60.2,26.2
643,MANAUS,"AVENIDA LUIS DE CAMÕES, S/N",BOLSO+EB,#E67E22,-3.11929,-60.02148,3,-0.112,-0.042,0.39,2562,39.1,3699,56.4,1662,27.7,BOLSO+EB,-0.154,negativa,37.1,59.3,27.2
644,MANAUS,"RUA SETE QUEDAS, S/N",DIFÍCIL,#E74C3C,-3.13706,-60.01975,3,-0.106,-0.053,0.4,2585,39.8,3597,55.3,1593,26.6,DIFÍCIL,-0.159,negativa,37.8,58.1,26.1
645,MANAUS,"AV. PEIXE CAVALO, S/N, LOTEAMENTO UNIAO DA VITORIA, TARUMÃ",BOLSO+EB,#E67E22,-3.12685,-60.04121,3,-0.1,-0.049,0.4,2658,40.3,3596,54.5,1643,27.0,BOLSO+EB,-0.149,negativa,38.3,57.2,26.5
646,MANAUS,"RUA BOM JESUS, S/N",DIFÍCIL,#E74C3C,-3.11601,-60.01586,3,-0.131,-0.057,0.37,2426,37.2,3753,57.6,1566,26.2,DIFÍCIL,-0.188,negativa,35.4,60.5,25.7
647,MANAUS,"RUA NOVA, 1000",DIFÍCIL,#E74C3C,-3.12578,-60.03675,3,-0.101,-0.059,0.4,2542,40.2,3484,55.1,1510,26.0,DIFÍCIL,-0.16,negativa,38.2,57.8,25.5
648,MANAUS,"RUA MANOEL MARQUES DE SOUZA, 256 / CONJUNTO CASTELO BRANCO",DIFÍCIL,#E74C3C,-3.1094,-60.01246,3,-0.126,-0.058,0.38,2461,37.8,3705,56.8,1543,26.1,DIFÍCIL,-0.184,negativa,35.9,59.7,25.6
649,MANAUS,RUA AURÉLIO PINHEIRO S/N CONJ. AMAZONINO MENDES,BOLSO+EB,#E67E22,-3.11531,-60.01009,3,-0.109,-0.049,0.39,2687,39.4,3752,55.0,1682,27.0,BOLSO+EB,-0.159,negativa,37.4,57.8,26.4
650,MANAUS,"RUA TUCANO, 364",BOLSO+EB,#E67E22,-3.11851,-60.0181,3,-0.105,-0.042,0.4,2657,39.9,3720,55.8,1670,27.7,BOLSO+EB,-0.147,negativa,37.9,58.6,27.1
651,MANAUS,"AV CURAÇAO, S/N",BOLSO+EB,#E67E22,-3.11911,-60.0158,3,-0.135,-0.048,0.37,2445,36.8,3889,58.6,1660,27.2,BOLSO+EB,-0.183,negativa,35.0,61.5,26.6
652,MANAUS,"RUA RIO BRANCO, 41",BOLSO+EB,#E67E22,-3.11568,-60.02088,3,-0.092,-0.037,0.41,2684,41.1,3529,54.1,1680,28.2,BOLSO+EB,-0.129,negativa,39.1,56.8,27.6
653,MANAUS,RUA HERMINIO BARBOSA,DIFÍCIL,#E74C3C,-3.10948,-60.02284,3,-0.114,-0.053,0.39,2445,39.0,3536,56.4,1526,26.7,DIFÍCIL,-0.166,negativa,37.0,59.2,26.1
654,MANAUS,"RUA CHICO MENDES, S/N",DIFÍCIL,#E74C3C,-3.09938,-60.02212,3,-0.135,-0.063,0.37,2255,36.8,3583,58.5,1441,25.6,DIFÍCIL,-0.199,negativa,34.9,61.4,25.1
655,MANAUS,"RUA SAMAMBAIA, S/N, SANTA ETELVINA",DIFÍCIL,#E74C3C,-3.11381,-60.02125,3,-0.119,-0.052,0.38,2511,38.4,3691,56.4,1619,26.7,DIFÍCIL,-0.171,negativa,36.5,59.3,26.2
656,MANAUS,"RUA RIO SERVINE, 480",DIFÍCIL,#E74C3C,-3.1321,-60.04257,3,-0.125,-0.052,0.38,2367,37.8,3591,57.4,1520,26.8,DIFÍCIL,-0.177,negativa,35.9,60.2,26.2
657,MANAUS,RUA PURUI,BOLSO+EB,#E67E22,-3.12007,-60.02091,3,-0.112,-0.028,0.39,2321,39.1,3344,56.4,1595,29.1,BOLSO+EB,-0.14,negativa,37.2,59.2,28.5
658,MANAUS,RUA ENCONTRO DAS ÁGUAS,BOLSO+EB,#E67E22,-3.11555,-60.02486,3,-0.134,-0.047,0.37,2255,37.0,3555,58.3,1515,27.2,BOLSO+EB,-0.181,negativa,35.1,61.2,26.7
659,MANAUS,"RUA BOM JESUS, 7630",BOLSO+EB,#E67E22,-3.12573,-60.01686,3,-0.127,-0.05,0.38,2423,37.6,3673,57.0,1581,26.9,BOLSO+EB,-0.177,negativa,35.7,59.8,26.4
660,MANAUS,"RUA CURICA, 50",DIFÍCIL,#E74C3C,-3.13055,-60.04184,3,-0.114,-0.053,0.39,2086,38.9,3053,56.9,1289,26.6,DIFÍCIL,-0.168,negativa,37.0,59.8,26.1
661,MANAUS,"RUA DAS LARANJEIRAS, 24, OURO VERDE",DIFÍCIL,#E74C3C,-3.11027,-60.03757,3,-0.126,-0.055,0.38,2349,37.7,3593,57.7,1508,26.4,DIFÍCIL,-0.181,negativa,35.8,60.5,25.9
662,MANAUS,AV PROFESSOR NILTON LINS 3259,DIFÍCIL,#E74C3C,-3.11299,-60.02817,3,-0.142,-0.064,0.36,2101,36.1,3456,59.4,1347,25.5,DIFÍCIL,-0.207,negativa,34.3,62.4,25.0
663,MANAUS,"RUA VOLUNTARIOS DA PATRIA, 88",BOLSO+EB,#E67E22,-3.11348,-60.00742,3,-0.101,-0.029,0.4,2471,40.3,3364,54.8,1631,29.0,BOLSO+EB,-0.13,negativa,38.2,57.5,28.5
664,MANAUS,"RUA COLHEIRAS, FAZENDINHA ATRÁS DA UNIAO CASCAVEL",BOLSO+EB,#E67E22,-3.11392,-60.02025,3,-0.099,-0.042,0.4,2446,40.4,3336,55.1,1543,27.7,BOLSO+EB,-0.142,negativa,38.4,57.8,27.1
665,MANAUS,"RUA DO CRUZEIRO, 4",BOLSO+EB,#E67E22,-3.09836,-60.01069,3,-0.123,-0.046,0.38,2164,38.0,3262,57.2,1414,27.3,BOLSO+EB,-0.169,negativa,36.1,60.1,26.8
666,MANAUS,RUA ARAÚJO LIMA COM. AMAZONINO MENDES,BOLSO+EB,#E67E22,-3.13688,-60.03587,3,-0.124,-0.047,0.38,2290,37.9,3463,57.3,1502,27.2,BOLSO+EB,-0.171,negativa,36.0,60.2,26.6
667,MANAUS,"RUA DOUTOR DIDIA, S/N",DIFÍCIL,#E74C3C,-3.10831,-60.02719,3,-0.123,-0.051,0.38,2311,38.0,3453,56.8,1477,26.8,DIFÍCIL,-0.174,negativa,36.1,59.7,26.3
668,MANAUS,"RUA CASSIA BAIANA (ANTIGA NOVA ESPERANÇA), 320 AO LADO PRATO CIDADÃO",DIFÍCIL,#E74C3C,-3.1158,-60.02387,3,-0.138,-0.058,0.37,2157,36.5,3482,58.9,1412,26.2,DIFÍCIL,-0.196,negativa,34.7,61.9,25.6
669,MANAUS,RUA 7 - HUASCAR ANGELIM,BOLSO+EB,#E67E22,-3.12462,-60.02559,3,-0.113,-0.028,0.39,2145,39.0,3106,56.5,1426,29.1,BOLSO+EB,-0.141,negativa,37.1,59.4,28.5
670,MANAUS,"RUA MARQUESA DE SANTOS, S/N",DIFÍCIL,#E74C3C,-3.12281,-60.02091,3,-0.134,-0.058,0.37,2051,36.9,3243,58.3,1320,26.1,DIFÍCIL,-0.193,negativa,35.0,61.2,25.6
671,MANAUS,"RUA CHICO MENDES, S/N",DIFÍCIL,#E74C3C,-3.11676,-60.02346,3,-0.134,-0.051,0.37,2011,36.9,3180,58.4,1319,26.8,DIFÍCIL,-0.185,negativa,35.1,61.3,26.3
672,MANAUS,"R JOSÉ MONTEIRO, S/N",DIFÍCIL,#E74C3C,-3.12898,-60.0161,3,-0.12,-0.058,0.38,2105,38.3,3162,57.5,1300,26.2,DIFÍCIL,-0.178,negativa,36.4,60.4,25.6
673,MANAUS,"RUA VOLUNTARIOS DA PATRIA, 88",DIFÍCIL,#E74C3C,-3.12812,-60.02607,3,-0.151,-0.066,0.35,1943,35.2,3330,60.4,1261,25.3,DIFÍCIL,-0.217,negativa,33.5,63.4,24.8
674,MANAUS,"RUA NOVA REPUBLICA, 13",DIFÍCIL,#E74C3C,-3.09779,-60.00645,3,-0.14,-0.056,0.36,1986,36.4,3225,59.1,1312,26.3,DIFÍCIL,-0.196,negativa,34.5,62.0,25.8
675,MANAUS,"RUA DESDEMONA, S/N",BOLSO+EB,#E67E22,-3.10596,-60.02122,3,-0.111,-0.038,0.39,2140,39.2,3083,56.5,1385,28.1,BOLSO+EB,-0.149,negativa,37.2,59.3,27.6
676,MANAUS,"RUA PAULICEIA (ANTIGA RUA PARAISO), 53",BOLSO+EB,#E67E22,-3.13962,-60.01483,3,-0.135,-0.047,0.37,1934,36.9,3080,58.7,1306,27.2,BOLSO+EB,-0.182,negativa,35.0,61.6,26.7
677,MANAUS,"RUA DESEMBARGADOR FELISMINO SOARES, S/N",DIFÍCIL,#E74C3C,-3.1283,-60.02741,3,-0.14,-0.051,0.36,1849,36.3,3021,59.4,1229,26.9,DIFÍCIL,-0.191,negativa,34.5,62.3,26.3
678,MANAUS,"AV DJALMA BATISTA, 160",BOLSO+EB,#E67E22,-3.11174,-60.01428,3,-0.109,-0.042,0.39,2105,39.4,2991,56.0,1353,27.7,BOLSO+EB,-0.151,negativa,37.4,58.8,27.1
679,MANAUS,"AV TEFÉ, 1223",BOLSO+EB,#E67E22,-3.12247,-60.03029,3,-0.121,-0.046,0.38,1994,38.3,3002,57.6,1301,27.3,BOLSO+EB,-0.167,negativa,36.4,60.5,26.8
680,MANAUS,"R BARÃO DE MARACAJU,, 115",BOLSO+EB,#E67E22,-3.13652,-60.03662,3,-0.121,-0.04,0.38,1879,38.2,2810,57.1,1239,28.0,BOLSO+EB,-0.161,negativa,36.3,60.0,27.4
681,MANAUS,"AV. ADALBERTO VALE, 1000",BOLSO+EB,#E67E22,-3.11854,-60.04647,3,-0.117,-0.047,0.39,2085,38.6,3077,56.9,1333,27.3,BOLSO+EB,-0.164,negativa,36.6,59.8,26.7
682,MANAUS,"COMUNIDADE BELA VISTA, RUA PRINCESA DIANA",EB_PURO,#8E44AD,-3.10872,-60.03849,3,-0.106,-0.016,0.4,2293,39.7,3220,55.8,1585,30.3,EB_PURO,-0.122,negativa,37.7,58.6,29.7
683,MANAUS,"RUA LAURO BITTENCOURT, 892",DIFÍCIL,#E74C3C,-3.14359,-60.0229,3,-0.12,-0.052,0.38,2062,38.3,3073,57.2,1308,26.7,DIFÍCIL,-0.172,negativa,36.4,60.0,26.2
684,MANAUS,"RUA 253, QD 432 S/N NÚCLEO 23",DIFÍCIL,#E74C3C,-3.12909,-60.01831,3,-0.134,-0.051,0.37,2011,36.9,3164,58.1,1332,26.8,DIFÍCIL,-0.185,negativa,35.1,61.0,26.3
685,MANAUS,"RUA MANOEL FERREIRA NASCIMENTO, S/N (ANTIGA VITÓRIA RÉGIA)",DIFÍCIL,#E74C3C,-3.12123,-59.99777,3,-0.142,-0.062,0.36,1937,36.1,3170,59.1,1244,25.8,DIFÍCIL,-0.204,negativa,34.3,62.1,25.3
686,MANAUS,"RUA MANOEL MARQUES DE SOUZA, 256 / CONJUNTO CASTELO BRANCO",DIFÍCIL,#E74C3C,-3.1105,-60.00076,3,-0.131,-0.065,0.37,1930,37.2,3016,58.2,1207,25.5,DIFÍCIL,-0.196,negativa,35.4,61.1,25.0
687,MANAUS,"RUA BENJAMIN, COM. ALIANÇA COM DEUS",BOLSO+EB,#E67E22,-3.12065,-60.02501,3,-0.117,-0.032,0.39,2134,38.6,3128,56.6,1446,28.7,BOLSO+EB,-0.149,negativa,36.7,59.4,28.2
688,MANAUS,R AMANCIO DE MIRANDA,DIFÍCIL,#E74C3C,-3.10892,-60.0403,3,-0.135,-0.051,0.37,1965,36.8,3160,59.2,1300,26.8,DIFÍCIL,-0.186,negativa,35.0,62.1,26.3
689,MANAUS,"RUA J, 100",BOLSO+EB,#E67E22,-3.12617,-60.03159,3,-0.119,-0.049,0.38,2029,38.4,3021,57.2,1294,27.0,BOLSO+EB,-0.168,negativa,36.5,60.1,26.5
690,MANAUS,"AV. DARCY VARGAS, 1200",BOLSO+EB,#E67E22,-3.11091,-59.99658,3,-0.101,-0.028,0.4,2158,40.2,2975,55.5,1399,29.1,BOLSO+EB,-0.129,negativa,38.2,58.2,28.5
691,MANAUS,"RUA 23 DE DEZEMBRO, 70 - COMPENSA II",BOLSO+EB,#E67E22,-3.12912,-60.01453,3,-0.112,-0.036,0.39,2129,39.1,3070,56.4,1403,28.3,BOLSO+EB,-0.148,negativa,37.2,59.2,27.8
692,MANAUS,"RUA 12, S/N",DIFÍCIL,#E74C3C,-3.09809,-60.02104,3,-0.152,-0.059,0.35,1928,35.2,3293,60.0,1285,26.1,DIFÍCIL,-0.21,negativa,33.4,63.0,25.5
693,MANAUS,AV RAMO D,DIFÍCIL,#E74C3C,-3.12554,-60.03201,3,-0.127,-0.061,0.38,1970,37.6,3034,57.9,1241,25.9,DIFÍCIL,-0.188,negativa,35.7,60.8,25.3
694,MANAUS,"RUA RIO XANXERÊ, 100, QUADRA 33",DIFÍCIL,#E74C3C,-3.11428,-60.01745,3,-0.144,-0.052,0.36,1846,36.0,3016,58.8,1233,26.7,DIFÍCIL,-0.196,negativa,34.2,61.7,26.2
695,MANAUS,"RUA PADRE AGOSTINHO CABALLERO MARTIN, S/N - COMPENSA I",BOLSO+EB,#E67E22,-3.10434,-60.02385,3,-0.126,-0.043,0.38,1830,37.8,2783,57.4,1211,27.7,BOLSO+EB,-0.168,negativa,35.9,60.3,27.1
696,MANAUS,"RUA TUCANO, 364",DIFÍCIL,#E74C3C,-3.11864,-60.02224,3,-0.132,-0.051,0.37,1812,37.1,2860,58.5,1195,26.8,DIFÍCIL,-0.183,negativa,35.2,61.5,26.3
697,MANAUS,"AV. VIA LÁCTEA, 835",DIFÍCIL,#E74C3C,-3.10807,-60.01256,3,-0.157,-0.067,0.35,1658,34.6,2914,60.8,1098,25.2,DIFÍCIL,-0.224,negativa,32.9,63.8,24.7
698,MANAUS,RUA AURÉLIO PINHEIRO S/N CONJ. AMAZONINO MENDES,EB_PURO,#8E44AD,-3.10647,-60.03291,3,-0.113,-0.015,0.39,1967,39.1,2854,56.7,1401,30.5,EB_PURO,-0.127,negativa,37.1,59.5,29.8
699,MANAUS,"RUA DESDEMONA, S/N",DIFÍCIL,#E74C3C,-3.11383,-60.04018,3,-0.114,-0.053,0.39,1824,38.9,2640,56.4,1136,26.6,DIFÍCIL,-0.167,negativa,37.0,59.2,26.1
700,MANAUS,"R RIO AMAZONAS, 12 A - SÃO SEBASTIÃO",BOLSO+EB,#E67E22,-3.13108,-60.00671,3,-0.122,-0.036,0.38,1786,38.1,2688,57.4,1196,28.3,BOLSO+EB,-0.158,negativa,36.2,60.2,27.8
701,MANAUS,"RUA 253, QD 432 S/N NÚCLEO 23",BOLSO+EB,#E67E22,-3.13388,-60.0163,3,-0.12,-0.045,0.38,1951,38.3,2925,57.4,1270,27.4,BOLSO+EB,-0.165,negativa,36.4,60.3,26.8
702,MANAUS,"RUA ALTAIR NUNES, S/N",DIFÍCIL,#E74C3C,-3.107,-60.04073,3,-0.141,-0.066,0.36,1651,36.2,2668,58.6,1044,25.3,DIFÍCIL,-0.207,negativa,34.4,61.5,24.8
703,MANAUS,AV RAMOS D S/N NÚCLEO 23,DIFÍCIL,#E74C3C,-3.12631,-60.02436,3,-0.156,-0.071,0.35,1704,34.7,2962,60.3,1111,24.9,DIFÍCIL,-0.227,negativa,32.9,63.3,24.4
704,MANAUS,"RUA SANTO ANTONIO, 266",DIFÍCIL,#E74C3C,-3.11991,-60.01488,3,-0.142,-0.065,0.36,1788,36.1,2936,59.3,1145,25.4,DIFÍCIL,-0.207,negativa,34.3,62.3,24.9
705,MANAUS,"RUA GUANABARA, S/N",BOLSO+EB,#E67E22,-3.11287,-60.02323,3,-0.107,-0.046,0.4,1882,39.6,2659,56.0,1161,27.4,BOLSO+EB,-0.153,negativa,37.6,58.8,26.8
706,MANAUS,"RUA RECIFE, 4390",BOLSO+EB,#E67E22,-3.11106,-60.0399,3,-0.141,-0.047,0.36,1696,36.3,2743,58.7,1147,27.2,BOLSO+EB,-0.188,negativa,34.5,61.6,26.6
707,MANAUS,AV 7 DE SETEMBRO,BOLSO+EB,#E67E22,-3.10874,-60.00803,3,-0.12,-0.04,0.38,1825,38.3,2716,57.0,1213,27.9,BOLSO+EB,-0.16,negativa,36.4,59.9,27.4
708,MANAUS,"RUA 2 DE AGOSTO, 161",BOLSO+EB,#E67E22,-3.12413,-60.02688,3,-0.118,-0.046,0.38,1856,38.5,2788,57.8,1188,27.3,BOLSO+EB,-0.164,negativa,36.6,60.7,26.8
709,MANAUS,"RUA ENZO FERRARI, S/N",BOLSO+EB,#E67E22,-3.1331,-60.00364,3,-0.135,-0.049,0.37,1792,36.8,2869,59.0,1216,27.0,BOLSO+EB,-0.184,negativa,35.0,61.9,26.5
710,MANAUS,"RUA MANOEL FERREIRA NASCIMENTO, S/N (ANTIGA VITÓRIA RÉGIA)",EB_PURO,#8E44AD,-3.11219,-60.01615,3,-0.109,-0.015,0.39,1675,39.5,2375,55.9,1153,30.4,EB_PURO,-0.124,negativa,37.5,58.7,29.8
711,MANAUS,"RUA ESTRELA GUIA (ANTIGA AURORA), S/N",BOLSO+EB,#E67E22,-3.14045,-60.03741,3,-0.114,-0.05,0.39,1677,38.9,2431,56.4,1064,27.0,BOLSO+EB,-0.163,negativa,37.0,59.3,26.4
712,MANAUS,"RUA ALEXANDRE AMORIM, 325",DIFÍCIL,#E74C3C,-3.11124,-60.02662,3,-0.125,-0.052,0.38,1808,37.8,2751,57.5,1155,26.7,DIFÍCIL,-0.178,negativa,35.9,60.4,26.2
713,MANAUS,"RUA 12, S/N",DIFÍCIL,#E74C3C,-3.13583,-60.02326,3,-0.132,-0.053,0.37,1752,37.2,2768,58.7,1125,26.7,DIFÍCIL,-0.184,negativa,35.3,61.6,26.1
714,MANAUS,AV RAMOS D S/N NÚCLEO 23,DIFÍCIL,#E74C3C,-3.09617,-60.01335,3,-0.13,-0.052,0.37,1835,37.3,2860,58.2,1198,26.7,DIFÍCIL,-0.182,negativa,35.5,61.1,26.2
715,MANAUS,"RUA JOÃO DO NASCIMENTO MARQUES, 11",DIFÍCIL,#E74C3C,-3.11085,-60.03098,3,-0.144,-0.066,0.36,1506,35.9,2498,59.6,956,25.3,DIFÍCIL,-0.21,negativa,34.1,62.6,24.8
716,MANAUS,"RUA BARREIRINHA, 500",DIFÍCIL,#E74C3C,-3.12106,-60.01552,3,-0.132,-0.064,0.37,1721,37.1,2692,58.0,1052,25.5,DIFÍCIL,-0.197,negativa,35.2,60.9,25.0
717,MANAUS,"R 51, S/N - CJ. 31 DE MARÇO",DIFÍCIL,#E74C3C,-3.11284,-60.02752,3,-0.134,-0.058,0.37,1708,36.9,2692,58.2,1095,26.1,DIFÍCIL,-0.192,negativa,35.1,61.1,25.6
718,MANAUS,"AV. ADALBERTO VALE, 1000",DIFÍCIL,#E74C3C,-3.11548,-60.02385,3,-0.145,-0.051,0.36,1678,35.8,2805,59.9,1126,26.8,DIFÍCIL,-0.196,negativa,34.0,62.9,26.3
719,MANAUS,"RUA DOM BOSCO, 996",DIFÍCIL,#E74C3C,-3.1253,-60.04675,3,-0.145,-0.051,0.36,1611,35.8,2696,60.0,1105,26.8,DIFÍCIL,-0.196,negativa,34.0,62.9,26.3
720,MANAUS,"AVENIDA BEIRA RIO, S/N",BOLSO+EB,#E67E22,-3.12386,-60.02854,3,-0.137,-0.044,0.37,1736,36.7,2819,59.5,1185,27.6,BOLSO+EB,-0.18,negativa,34.8,62.5,27.0
721,MANAUS,RUA ACRE N 200,BOLSO+EB,#E67E22,-3.10996,-60.03958,3,-0.104,-0.035,0.4,1760,39.9,2455,55.6,1142,28.4,BOLSO+EB,-0.139,negativa,37.9,58.4,27.9
722,MANAUS,"RUA PRIMEIRO DE JUNHO, S/N, VILA SASSA MUTEMA",BOLSO+EB,#E67E22,-3.12308,-60.01616,3,-0.108,-0.035,0.4,1954,39.5,2783,56.3,1274,28.4,BOLSO+EB,-0.143,negativa,37.5,59.1,27.9
723,MANAUS,AV PROFESSOR NILTON LINS 3259,DIFÍCIL,#E74C3C,-3.12267,-60.02735,3,-0.113,-0.057,0.39,1423,39.1,2082,57.1,869,26.3,DIFÍCIL,-0.169,negativa,37.1,60.0,25.7
724,MANAUS,"RUA DA PAZ, 31",BOLSO+EB,#E67E22,-3.1286,-60.02323,3,-0.105,-0.048,0.4,1766,39.8,2470,55.7,1080,27.1,BOLSO+EB,-0.153,negativa,37.9,58.5,26.6
725,MANAUS,"RUA ESTRELA GUIA (ANTIGA AURORA), S/N",DIFÍCIL,#E74C3C,-3.1424,-60.01638,3,-0.133,-0.054,0.37,1839,37.0,2905,58.4,1194,26.6,DIFÍCIL,-0.187,negativa,35.1,61.4,26.0
726,MANAUS,RUA ARAÚJO LIMA COM. AMAZONINO MENDES,DIFÍCIL,#E74C3C,-3.11678,-60.02798,3,-0.147,-0.053,0.36,1841,35.7,3067,59.4,1260,26.6,DIFÍCIL,-0.2,negativa,33.9,62.4,26.1
727,MANAUS,"AV. MARCOS CAVALCANTE, SN, COM. ALFREDO NASCIMENTO",BOLSO+EB,#E67E22,-3.13984,-60.02938,3,-0.126,-0.041,0.38,1552,37.7,2406,58.4,1041,27.8,BOLSO+EB,-0.168,negativa,35.8,61.3,27.2
728,MANAUS,"RUA NOVA, 1000",DIFÍCIL,#E74C3C,-3.11167,-60.03375,3,-0.141,-0.074,0.36,1748,36.3,2854,59.2,1075,24.5,DIFÍCIL,-0.215,negativa,34.5,62.2,24.0
729,MANAUS,"R SOLIMÕES, 5 BR 319",DIFÍCIL,#E74C3C,-3.13052,-60.02105,3,-0.148,-0.059,0.35,1896,35.5,3221,60.3,1258,26.1,DIFÍCIL,-0.207,negativa,33.7,63.3,25.6
730,MANAUS,"R CANUMÃ, S/N - CJ. ATILIO ANDREAZZA",BOLSO+EB,#E67E22,-3.0999,-60.0079,3,-0.125,-0.049,0.38,2073,37.8,3144,57.4,1345,27.1,BOLSO+EB,-0.174,negativa,35.9,60.3,26.5
731,MANAUS,AV RAMOS D S/N NÚCLEO 23,DIFÍCIL,#E74C3C,-3.11735,-60.03063,3,-0.141,-0.055,0.36,1501,36.2,2451,59.1,989,26.4,DIFÍCIL,-0.197,negativa,34.4,62.0,25.9
732,MANAUS,"AV JOAQUIM NABUCO, 1232",DIFÍCIL,#E74C3C,-3.09265,-60.02606,3,-0.12,-0.056,0.38,1882,38.4,2771,56.5,1177,26.4,DIFÍCIL,-0.175,negativa,36.4,59.3,25.9
733,MANAUS,"RUA DUQUE DE CAXIAS C/ BARCELOS, 1856",DIFÍCIL,#E74C3C,-3.13525,-60.03634,3,-0.12,-0.054,0.38,1726,38.3,2587,57.5,1076,26.5,DIFÍCIL,-0.174,negativa,36.4,60.3,26.0
734,MANAUS,"AV TIMBIRAS, 39",DIFÍCIL,#E74C3C,-3.12675,-60.01217,3,-0.17,-0.088,0.33,1546,33.3,2861,61.6,968,23.1,DIFÍCIL,-0.259,negativa,31.6,64.7,22.6
735,MANAUS,"RUA 34, 34, CJ FRANCISCA MENDES I",DIFÍCIL,#E74C3C,-3.09785,-60.00844,3,-0.135,-0.058,0.37,1673,36.8,2666,58.6,1046,26.2,DIFÍCIL,-0.193,negativa,34.9,61.5,25.6
736,MANAUS,RUA DA LEGIÃO,DIFÍCIL,#E74C3C,-3.11657,-60.01914,3,-0.13,-0.053,0.37,1745,37.3,2730,58.4,1135,26.6,DIFÍCIL,-0.183,negativa,35.5,61.3,26.1
737,MANAUS,"R 20, CASA 61 - CJ. 31 DE MARÇO",DIFÍCIL,#E74C3C,-3.13444,-60.01609,3,-0.114,-0.05,0.39,2047,38.9,2993,56.8,1273,26.9,DIFÍCIL,-0.165,negativa,36.9,59.7,26.4
738,MANAUS,"AV. G. CIRCULAR, S/N-TRECHO II COM. A. NASCIMENTO PROX A RESERVA DUCKE",BOLSO+EB,#E67E22,-3.1123,-60.00625,3,-0.12,-0.024,0.38,2095,38.3,3126,57.2,1443,29.5,BOLSO+EB,-0.144,negativa,36.4,60.0,28.9
739,MANAUS,"RUA ENZO FERRARI, S/N",DIFÍCIL,#E74C3C,-3.10681,-60.03516,3,-0.131,-0.052,0.37,1704,37.2,2641,57.7,1116,26.8,DIFÍCIL,-0.183,negativa,35.3,60.5,26.2
740,MANAUS,AV. PRESIDENTE KENNED,EB_PURO,#8E44AD,-3.12013,-60.00073,3,-0.112,-0.015,0.39,2101,39.1,3053,56.8,1484,30.4,EB_PURO,-0.127,negativa,37.1,59.6,29.8
741,MANAUS,"AV DJALMA BATISTA, 160",BOLSO+EB,#E67E22,-3.14146,-60.01893,3,-0.102,-0.041,0.4,1984,40.1,2704,54.7,1245,27.9,BOLSO+EB,-0.143,negativa,38.1,57.4,27.3
742,MANAUS,"RUA BOM JESUS, 7630",BOLSO+EB,#E67E22,-3.12984,-60.01385,3,-0.117,-0.03,0.39,1860,38.6,2723,56.5,1251,28.9,BOLSO+EB,-0.147,negativa,36.7,59.4,28.3
743,MANAUS,"RUA NOVA, 1000",DIFÍCIL,#E74C3C,-3.12019,-60.02289,3,-0.139,-0.067,0.36,1880,36.4,2997,58.0,1163,25.2,DIFÍCIL,-0.207,negativa,34.6,60.9,24.7
744,MANAUS,"AV CARVALHO LEAL, 555",DIFÍCIL,#E74C3C,-3.1219,-60.02079,3,-0.142,-0.059,0.36,1353,36.1,2217,59.2,882,26.0,DIFÍCIL,-0.201,negativa,34.3,62.1,25.5
745,MANAUS,"RUA VOLUNTARIOS DA PATRIA, 88",BOLSO+EB,#E67E22,-3.11838,-60.0181,3,-0.123,-0.048,0.38,1808,38.0,2716,57.0,1155,27.1,BOLSO+EB,-0.172,negativa,36.1,59.9,26.6
746,MANAUS,"RUA RIO JARARETE (ANTIGA 7B), S/N",BOLSO+EB,#E67E22,-3.12042,-60.02057,3,-0.113,-0.021,0.39,1789,39.1,2574,56.2,1240,29.8,BOLSO+EB,-0.134,negativa,37.1,59.0,29.2
747,MANAUS,AV RAMOS D S/N NÚCLEO 23,BOLSO+EB,#E67E22,-3.11658,-60.02054,3,-0.127,-0.036,0.38,1857,37.7,2816,57.1,1284,28.4,BOLSO+EB,-0.162,negativa,35.8,60.0,27.8
748,MANAUS,"AVENIDA PRESIDENTE DUTRA, S/N",DIFÍCIL,#E74C3C,-3.13036,-60.03093,3,-0.126,-0.059,0.38,1292,37.7,1998,58.3,788,26.0,DIFÍCIL,-0.186,negativa,35.8,61.2,25.5
749,MANAUS,RUA 89 N 10 COM ARMADO MENDES ATRÁS DO JARLECE,DIFÍCIL,#E74C3C,-3.11356,-60.01404,3,-0.146,-0.069,0.36,1484,35.7,2462,59.3,932,25.0,DIFÍCIL,-0.215,negativa,33.9,62.2,24.5
750,MANAUS,RUA 27,DIFÍCIL,#E74C3C,-3.11874,-60.02178,3,-0.115,-0.05,0.39,1411,38.8,2052,56.5,890,26.9,DIFÍCIL,-0.165,negativa,36.9,59.3,26.4
751,MANAUS,RUA AURÉLIO PINHEIRO S/N CONJ. AMAZONINO MENDES,BOLSO+EB,#E67E22,-3.11787,-60.02864,3,-0.097,-0.021,0.41,1428,40.7,1908,54.3,954,29.9,BOLSO+EB,-0.117,negativa,38.6,57.0,29.3
752,MANAUS,"RUA T-8, S/N - COMPENSA III",DIFÍCIL,#E74C3C,-3.11907,-60.0225,3,-0.147,-0.056,0.36,1085,35.6,1859,61.0,732,26.3,DIFÍCIL,-0.203,negativa,33.8,64.0,25.8
753,MANAUS,"RUA WOLFANG NOGUEIRA, S/N, CONJUNTO OURO VERDE",DIFÍCIL,#E74C3C,-3.12755,-60.02566,3,-0.137,-0.062,0.37,1321,36.6,2134,59.2,850,25.7,DIFÍCIL,-0.199,negativa,34.8,62.1,25.2
754,MANAUS,"RUA JUNQUEIRA, S/N CONJ. ARCO-ÍRIS",BOLSO+EB,#E67E22,-3.11291,-60.0329,3,-0.129,-0.049,0.37,1390,37.4,2155,58.0,920,27.0,BOLSO+EB,-0.179,negativa,35.5,60.9,26.4
755,MANAUS,"AV 7 DE SETEMBRO, 1975",DIFÍCIL,#E74C3C,-3.11929,-60.02105,3,-0.131,-0.053,0.37,1499,37.2,2350,58.3,970,26.6,DIFÍCIL,-0.184,negativa,35.3,61.2,26.1
756,MANAUS,"RUA ALBERTO RANGEL , 33-B - COMPENSA III",DIFÍCIL,#E74C3C,-3.12317,-60.02668,3,-0.13,-0.05,0.37,1172,37.3,1845,58.7,763,26.9,DIFÍCIL,-0.181,negativa,35.4,61.7,26.3
757,MANAUS,AV RIO MAR 1340,DIFÍCIL,#E74C3C,-3.10899,-60.02632,3,-0.115,-0.061,0.39,1659,38.9,2402,56.3,1011,25.9,DIFÍCIL,-0.175,negativa,36.9,59.1,25.3
758,MANAUS,AV RAMOS D S/N NÚCLEO 23,DIFÍCIL,#E74C3C,-3.12464,-60.02997,3,-0.13,-0.06,0.37,1492,37.4,2299,57.6,929,26.0,DIFÍCIL,-0.189,negativa,35.5,60.5,25.4
759,MANAUS,"RUA DAS JAÇANÃS, S/N ANTIGA RUA 27 PROX. AO LETÍCIO CAMPOS",DIFÍCIL,#E74C3C,-3.11958,-60.03188,3,-0.129,-0.052,0.37,1534,37.5,2341,57.2,993,26.7,DIFÍCIL,-0.181,negativa,35.6,60.0,26.2
760,MANAUS,PRAÇA NOSSA SENHORA DE NAZARÉ,DIFÍCIL,#E74C3C,-3.13146,-60.02112,3,-0.138,-0.064,0.36,1508,36.5,2413,58.4,950,25.6,DIFÍCIL,-0.202,negativa,34.7,61.3,25.0
761,MANAUS,"RUA J, S/N - ETAPA B",BOLSO+EB,#E67E22,-3.11913,-60.02699,3,-0.123,-0.049,0.38,1280,38.0,1923,57.1,823,27.0,BOLSO+EB,-0.172,negativa,36.1,60.0,26.5
762,MANAUS,"RUA DOUTOR DIDIA, S/N",BOLSO+EB,#E67E22,-3.11325,-60.00842,3,-0.098,-0.04,0.41,1683,40.5,2295,55.2,1051,28.0,BOLSO+EB,-0.138,negativa,38.5,58.0,27.4
763,MANAUS,"RUA PAULO PINTO NERY, S/N",BOLSO+EB,#E67E22,-3.12711,-60.03516,3,-0.111,-0.025,0.39,1754,39.2,2501,56.0,1154,29.4,BOLSO+EB,-0.136,negativa,37.3,58.7,28.8
764,MANAUS,"RUA 5 DE SETEMBRO, 1",DIFÍCIL,#E74C3C,-3.09957,-60.02345,3,-0.121,-0.052,0.38,1586,38.2,2350,56.6,1001,26.7,DIFÍCIL,-0.173,negativa,36.3,59.5,26.2
765,MANAUS,"AV. GRANDE CIRCULAR, S/N",DIFÍCIL,#E74C3C,-3.13314,-60.03145,3,-0.108,-0.052,0.39,1859,39.5,2639,56.1,1150,26.7,DIFÍCIL,-0.16,negativa,37.5,58.9,26.2
766,MANAUS,"AV BORBA, SN",BOLSO+EB,#E67E22,-3.11923,-60.01392,3,-0.111,-0.047,0.39,1598,39.2,2288,56.2,1002,27.2,BOLSO+EB,-0.158,negativa,37.3,59.0,26.7
767,MANAUS,AV RAMOS D S/N NÚCLEO 23,DIFÍCIL,#E74C3C,-3.11821,-60.01935,3,-0.134,-0.06,0.37,1679,36.9,2627,57.7,1060,25.9,DIFÍCIL,-0.195,negativa,35.1,60.6,25.4
768,MANAUS,RUA AURÉLIO PINHEIRO S/N CONJ. AMAZONINO MENDES,DIFÍCIL,#E74C3C,-3.10805,-60.00697,3,-0.129,-0.065,0.37,1522,37.4,2350,57.7,932,25.5,DIFÍCIL,-0.194,negativa,35.5,60.6,25.0
769,MANAUS,"RUA M, QD 37, CJ CANARANAS",BOLSO+EB,#E67E22,-3.13537,-60.03875,3,-0.1,-0.036,0.4,1894,40.3,2608,55.6,1196,28.3,BOLSO+EB,-0.136,negativa,38.3,58.3,27.8
770,MANAUS,"RUA 05, CJ COSTA E SILVA",BOLSO+EB,#E67E22,-3.10645,-60.00589,3,-0.101,-0.043,0.4,1861,40.2,2535,54.8,1146,27.6,BOLSO+EB,-0.144,negativa,38.2,57.5,27.1
771,MANAUS,"AVENIDA BEIRA RIO, S/N",DIFÍCIL,#E74C3C,-3.13722,-60.01236,3,-0.149,-0.074,0.35,1468,35.4,2464,59.4,929,24.5,DIFÍCIL,-0.224,negativa,33.6,62.3,24.0
772,MANAUS,"RUA RECIFE, 4390",BOLSO+EB,#E67E22,-3.12955,-60.0248,3,-0.115,-0.037,0.39,1509,38.9,2177,56.1,1005,28.2,BOLSO+EB,-0.152,negativa,36.9,58.9,27.6
773,MANAUS,"RUA CARIRÉ, 69 ANTIGA RUA 192,  NÚCLEO 16",DIFÍCIL,#E74C3C,-3.12763,-60.0331,3,-0.127,-0.063,0.38,1598,37.6,2405,56.6,988,25.6,DIFÍCIL,-0.19,negativa,35.7,59.5,25.1
774,MANAUS,"RUA ARMANDO CUNHA, S/N - CONJ. RIO XINGU - COMPENSA II",BOLSO+EB,#E67E22,-3.11332,-60.02692,3,-0.11,-0.046,0.39,1514,39.4,2095,54.5,944,27.3,BOLSO+EB,-0.156,negativa,37.4,57.2,26.8
775,MANAUS,"RUA J, 100",BOLSO+EB,#E67E22,-3.11464,-60.01855,3,-0.099,-0.041,0.4,1236,40.5,1666,54.5,776,27.8,BOLSO+EB,-0.14,negativa,38.4,57.3,27.2
776,MANAUS,AV RAMOS D S/N NÚCLEO 23,DIFÍCIL,#E74C3C,-3.1193,-60.02539,3,-0.118,-0.059,0.39,1253,38.5,1838,56.5,757,26.0,DIFÍCIL,-0.177,negativa,36.6,59.4,25.5
777,MANAUS,"RUA BOM JESUS, 7630",BOLSO+EB,#E67E22,-3.10745,-60.01504,3,-0.11,-0.036,0.39,1573,39.3,2231,55.8,1025,28.4,BOLSO+EB,-0.146,negativa,37.4,58.6,27.8
778,MANAUS,"RUA DA PENETRAÇÃO, 100 - VILA AMAZONAS",DIFÍCIL,#E74C3C,-3.13442,-60.03061,3,-0.125,-0.06,0.38,1332,37.8,2026,57.5,821,26.0,DIFÍCIL,-0.184,negativa,35.9,60.4,25.5
779,MANAUS,"RUA CRATO, 101, CJ CAMPO DOURADO",DIFÍCIL,#E74C3C,-3.1112,-60.031,3,-0.13,-0.067,0.37,1539,37.4,2372,57.6,944,25.2,DIFÍCIL,-0.196,negativa,35.5,60.5,24.7
780,MANAUS,"RUA RIO JARARETE (ANTIGA 7B), S/N",DIFÍCIL,#E74C3C,-3.11833,-60.02255,3,-0.152,-0.084,0.35,1243,35.1,2118,59.9,762,23.5,DIFÍCIL,-0.236,negativa,33.4,62.9,23.0
781,MANAUS,"RUA RECIFE, 4390",DIFÍCIL,#E74C3C,-3.14087,-60.01884,3,-0.121,-0.053,0.38,1351,38.3,1996,56.5,854,26.6,DIFÍCIL,-0.174,negativa,36.4,59.4,26.1
782,MANAUS,"RUA JORGE ANTONIO, S/N - COMPENSA II",DIFÍCIL,#E74C3C,-3.11794,-59.99916,3,-0.109,-0.054,0.39,1539,39.4,2191,56.1,943,26.5,DIFÍCIL,-0.163,negativa,37.4,58.9,26.0
783,MANAUS,"RUA CASSIA BAIANA (ANTIGA NOVA ESPERANÇA), 320 AO LADO PRATO CIDADÃO",DIFÍCIL,#E74C3C,-3.12172,-60.01444,3,-0.118,-0.062,0.39,1636,38.5,2379,56.0,978,25.7,DIFÍCIL,-0.18,negativa,36.6,58.8,25.2
784,MANAUS,"RUA ONIX, 683",BOLSO+EB,#E67E22,-3.12971,-60.01287,3,-0.096,-0.042,0.41,1466,40.7,1942,53.9,918,27.7,BOLSO+EB,-0.138,negativa,38.6,56.6,27.2
785,MANAUS,"RUA XIBORENA, S/N",DIFÍCIL,#E74C3C,-3.12095,-60.02131,3,-0.108,-0.064,0.4,1671,39.5,2365,55.9,973,25.5,DIFÍCIL,-0.172,negativa,37.5,58.7,25.0
786,MANAUS,"AV. MARCOS CAVALCANTE, SN, COM. ALFREDO NASCIMENTO",DIFÍCIL,#E74C3C,-3.12031,-60.0171,3,-0.123,-0.052,0.38,1135,38.0,1730,57.9,722,26.7,DIFÍCIL,-0.175,negativa,36.1,60.8,26.2
787,MANAUS,"AV BORBA, SN",BOLSO+EB,#E67E22,-3.10432,-60.02332,3,-0.113,-0.041,0.39,1414,39.0,2031,56.1,924,27.8,BOLSO+EB,-0.154,negativa,37.1,58.9,27.3
788,MANAUS,RUA 27,BOLSO+EB,#E67E22,-3.12178,-60.04141,3,-0.1,-0.035,0.4,1706,40.3,2301,54.4,1103,28.4,BOLSO+EB,-0.135,negativa,38.3,57.1,27.8
789,MANAUS,"RUA 1, NOVO HORIZONTE",DIFÍCIL,#E74C3C,-3.11957,-60.0265,3,-0.133,-0.057,0.37,1560,37.0,2435,57.8,1001,26.2,DIFÍCIL,-0.19,negativa,35.2,60.7,25.7
790,MANAUS,AV NOEL NUTELS,BOLSO+EB,#E67E22,-3.11865,-60.01438,3,-0.089,-0.028,0.41,1713,41.4,2213,53.5,1096,29.1,BOLSO+EB,-0.117,negativa,39.4,56.2,28.5
791,MANAUS,"RUA TERESINA, 495",DIFÍCIL,#E74C3C,-3.10865,-60.00321,3,-0.158,-0.06,0.34,1309,34.5,2264,59.7,872,25.9,DIFÍCIL,-0.219,negativa,32.8,62.6,25.4
792,MANAUS,"RUA PAULICEIA (ANTIGA RUA PARAISO), 53",BOLSO+EB,#E67E22,-3.11708,-60.01951,3,-0.122,-0.039,0.38,1089,38.1,1621,56.7,740,28.1,BOLSO+EB,-0.161,negativa,36.2,59.6,27.5
793,MANAUS,"RUA COMENDADOR MATOS AREOSA, 119",DIFÍCIL,#E74C3C,-3.10217,-60.02592,3,-0.123,-0.069,0.38,1148,38.0,1729,57.2,691,25.0,DIFÍCIL,-0.192,negativa,36.1,60.1,24.5
794,MANAUS,"RUA ESTRELA GUIA (ANTIGA AURORA), S/N",BOLSO+EB,#E67E22,-3.11875,-60.03146,3,-0.114,-0.04,0.39,1592,38.9,2295,56.1,1034,27.9,BOLSO+EB,-0.154,negativa,37.0,58.9,27.4
795,MANAUS,"RUA PEIXE AGULHA, ETAPA III",BOLSO+EB,#E67E22,-3.14042,-60.01614,3,-0.086,-0.035,0.42,1764,41.7,2283,53.9,1089,28.4,BOLSO+EB,-0.122,negativa,39.6,56.6,27.8
796,MANAUS,"RUA SILVA RAMOS, 215",BOLSO+EB,#E67E22,-3.12693,-60.0374,3,-0.099,-0.048,0.4,1410,40.5,1917,55.0,878,27.1,BOLSO+EB,-0.146,negativa,38.4,57.8,26.6
797,MANAUS,"AV 7 DE SETEMBRO, 1975",BOLSO+EB,#E67E22,-3.12776,-59.99884,3,-0.096,-0.035,0.41,1405,40.7,1889,54.8,895,28.4,BOLSO+EB,-0.131,negativa,38.7,57.5,27.9
798,MANAUS,"RUA SÃO MARCOS, S/N",BOLSO+EB,#E67E22,-3.11196,-60.01787,3,-0.084,-0.031,0.42,1258,41.9,1585,52.8,785,28.8,BOLSO+EB,-0.115,negativa,39.8,55.5,28.2
799,MANAUS,"RUA RAUL PAVON, S/N - GILBERTO MESTRINHO",DIFÍCIL,#E74C3C,-3.11338,-60.017,3,-0.118,-0.06,0.39,1426,38.5,2060,55.7,857,25.9,DIFÍCIL,-0.178,negativa,36.6,58.5,25.4
800,MANAUS,AV RAMOS D S/N NÚCLEO 23,BOLSO+EB,#E67E22,-3.12512,-60.02162,3,-0.106,-0.043,0.4,1207,39.7,1671,55.0,763,27.6,BOLSO+EB,-0.149,negativa,37.8,57.8,27.1
801,MANAUS,"RUA DOS AÇAIZEIROS (ANTIGA AV. PERIMETRAL), S/N",DIFÍCIL,#E74C3C,-3.12099,-60.03332,3,-0.124,-0.061,0.38,1157,37.9,1751,57.3,715,25.8,DIFÍCIL,-0.185,negativa,36.0,60.2,25.3
802,MANAUS,AV MARCOS CAVALCANTE,DIFÍCIL,#E74C3C,-3.12955,-60.02254,3,-0.145,-0.057,0.36,979,35.8,1621,59.2,652,26.2,DIFÍCIL,-0.203,negativa,34.0,62.2,25.7
803,MANAUS,"RUA 23 DE DEZEMBRO, 70 - COMPENSA II",BOLSO+EB,#E67E22,-3.10959,-60.00763,3,-0.111,-0.029,0.39,1134,39.3,1616,55.9,764,29.0,BOLSO+EB,-0.14,negativa,37.3,58.7,28.4
804,MANAUS,"AV BORBA, SN",DIFÍCIL,#E74C3C,-3.13182,-60.00539,3,-0.164,-0.079,0.34,786,34.0,1399,60.5,509,24.0,DIFÍCIL,-0.242,negativa,32.3,63.5,23.6
805,MANAUS,"RUA T-8, S/N - COMPENSA III",DIFÍCIL,#E74C3C,-3.11973,-60.00582,3,-0.117,-0.058,0.39,934,38.6,1393,57.6,572,26.1,DIFÍCIL,-0.175,negativa,36.7,60.5,25.6
806,MANAUS,"RUA 07, MONTE SINAI / MANOA.",BOLSO+EB,#E67E22,-3.09823,-60.0302,3,-0.11,-0.049,0.39,972,39.3,1381,55.9,611,27.0,BOLSO+EB,-0.159,negativa,37.4,58.7,26.5
807,MANAUS,AV MAX TEIXEIRA,BOLSO+EB,#E67E22,-3.12566,-60.0241,3,-0.117,-0.034,0.39,1016,38.6,1483,56.3,693,28.5,BOLSO+EB,-0.151,negativa,36.7,59.2,28.0
808,MANAUS,AV. NOSSA SENHORA DA CONCEIÇÃO,DIFÍCIL,#E74C3C,-3.11161,-60.03672,3,-0.114,-0.066,0.39,899,38.9,1290,55.8,526,25.3,DIFÍCIL,-0.18,negativa,37.0,58.6,24.8
809,MANAUS,"RUA A, CJ VALE DO SINAI / MANOA",BOLSO+EB,#E67E22,-3.11582,-60.0105,3,-0.097,-0.043,0.41,719,40.6,957,54.1,450,27.6,BOLSO+EB,-0.14,negativa,38.6,56.8,27.1
810,MANAUS,AV MAX TEIXEIRA,DIFÍCIL,#E74C3C,-3.11165,-60.0226,3,-0.161,-0.074,0.34,786,34.3,1382,60.2,515,24.5,DIFÍCIL,-0.235,negativa,32.6,63.3,24.0
811,MANAUS,"RUA SILVA RAMOS, 833",BOLSO+EB,#E67E22,-3.13567,-60.02246,3,-0.134,-0.047,0.37,727,36.9,1153,58.6,489,27.2,BOLSO+EB,-0.181,negativa,35.1,61.5,26.7
812,MANAUS,"RUA RIO BRANCO, 41",DIFÍCIL,#E74C3C,-3.11733,-60.02315,3,-0.128,-0.055,0.38,436,37.5,670,57.7,283,26.4,DIFÍCIL,-0.183,negativa,35.6,60.5,25.9
813,MANAUS,"RUA PADRE AGOSTINHO CABALLERO MARTIN, S/N - COMPENSA I",BOLSO+EB,#E67E22,-3.12316,-60.04337,3,-0.067,-0.035,0.44,835,43.6,992,51.8,495,28.4,BOLSO+EB,-0.102,negativa,41.4,54.4,27.8
814,MANAUS,"RUA 17 ESQUINA COM RUA 21, N 259 - CJ. JARDIM MAUÁ",DIFÍCIL,#E74C3C,-3.11498,-60.038,3,-0.171,-0.088,0.33,764,33.2,1428,62.0,480,23.2,DIFÍCIL,-0.259,negativa,31.5,65.1,22.7
815,MANAUS,"RUA MARECHAL BITTENCOURT, 100 - VILA MARINHO - COMPENSA III",BOLSO+EB,#E67E22,-3.11279,-60.01992,3,-0.121,-0.029,0.38,933,38.2,1388,56.9,659,29.0,BOLSO+EB,-0.15,negativa,36.3,59.7,28.5
816,MANAUS,"AV DJALMA BATISTA, 160",BOLSO+EB,#E67E22,-3.11645,-60.01592,3,-0.119,-0.03,0.38,1041,38.5,1542,57.0,712,28.9,BOLSO+EB,-0.149,negativa,36.5,59.8,28.4
817,MANAUS,"RUA BENJAMIN LIMA, S/N",DIFÍCIL,#E74C3C,-3.12845,-60.00502,3,-0.158,-0.073,0.35,994,34.5,1745,60.6,627,24.6,DIFÍCIL,-0.231,negativa,32.8,63.6,24.1
818,MANAUS,"RUA T-8, S/N - COMPENSA III",BOLSO+EB,#E67E22,-3.11576,-60.03025,3,-0.117,-0.039,0.39,687,38.6,1000,56.2,454,28.0,BOLSO+EB,-0.156,negativa,36.7,59.0,27.4
819,MANAUS,"RUA BERQUÉLIO, 21",DIFÍCIL,#E74C3C,-3.1174,-60.02509,3,-0.166,-0.08,0.34,575,33.8,1036,60.8,375,23.9,DIFÍCIL,-0.246,negativa,32.1,63.9,23.4
820,MANAUS,AV MAX TEIXEIRA,BOLSO+EB,#E67E22,-3.13974,-60.01913,3,-0.09,-0.023,0.41,914,41.4,1196,54.1,598,29.6,BOLSO+EB,-0.113,negativa,39.3,56.8,29.0
821,MANAUS,RUA COUTO VALLE,DIFÍCIL,#E74C3C,-3.11619,-60.00916,3,-0.137,-0.054,0.37,660,36.6,1067,59.2,441,26.6,DIFÍCIL,-0.191,negativa,34.8,62.2,26.0
822,MANAUS,AV NOEL NUTELS,BOLSO+EB,#E67E22,-3.09315,-60.01909,3,-0.097,-0.046,0.41,1007,40.7,1364,55.1,618,27.4,BOLSO+EB,-0.142,negativa,38.6,57.8,26.8
823,MANAUS,"RUA CRATO, 101, CJ CAMPO DOURADO",DIFÍCIL,#E74C3C,-3.13241,-60.00444,3,-0.144,-0.062,0.36,642,35.9,1046,58.5,421,25.8,DIFÍCIL,-0.206,negativa,34.1,61.5,25.2
824,MANAUS,"RUA TERESINA, 495",DIFÍCIL,#E74C3C,-3.1046,-60.02451,3,-0.138,-0.065,0.37,865,36.5,1399,59.1,562,25.4,DIFÍCIL,-0.203,negativa,34.7,62.0,24.9
825,MANAUS,"RUA SÃO PAULO, 3",BOLSO+EB,#E67E22,-3.10577,-60.00167,3,-0.118,-0.049,0.38,636,38.5,938,56.7,400,27.0,BOLSO+EB,-0.167,negativa,36.6,59.6,26.5
826,MANAUS,"RUA CLAUDINO LEMOS, CJ RIACHO DOCE II",BOLSO+EB,#E67E22,-3.10873,-60.02703,3,-0.092,-0.029,0.41,979,41.2,1308,55.0,632,29.0,BOLSO+EB,-0.121,negativa,39.1,57.8,28.5
827,MANAUS,"AV A, CJ FRANCISCA MENDES",DIFÍCIL,#E74C3C,-3.09913,-60.0138,3,-0.144,-0.055,0.36,861,36.0,1415,59.1,578,26.4,DIFÍCIL,-0.199,negativa,34.2,62.1,25.9
828,MANAUS,"RUA K, QD 30, CJ CANARANAS",DIFÍCIL,#E74C3C,-3.10571,-60.00258,3,-0.145,-0.069,0.36,911,35.9,1498,59.0,578,25.1,DIFÍCIL,-0.213,negativa,34.1,61.9,24.6
829,MANAUS,AV NOEL NUTELS,BOLSO+EB,#E67E22,-3.10947,-60.0359,3,-0.141,-0.027,0.36,647,36.2,1056,59.2,482,29.2,BOLSO+EB,-0.168,negativa,34.4,62.1,28.7
830,MANAUS,"RUA FERREIRA PENA, 1285",DIFÍCIL,#E74C3C,-3.11393,-60.01677,3,-0.138,-0.071,0.36,649,36.5,1036,58.2,404,24.9,DIFÍCIL,-0.209,negativa,34.7,61.1,24.4
831,MANAUS,"RUA DOS EXPEDICIONÁRIOS, S/N - CONJ. DO IPASE - COMPENSA I",DIFÍCIL,#E74C3C,-3.11969,-60.01929,3,-0.171,-0.063,0.33,363,33.2,684,62.6,247,25.6,DIFÍCIL,-0.234,negativa,31.6,65.8,25.1
832,MANAUS,"RUA M, QD 37, CJ CANARANAS",DIFÍCIL,#E74C3C,-3.11379,-60.01311,3,-0.143,-0.055,0.36,659,36.0,1085,59.3,439,26.4,DIFÍCIL,-0.199,negativa,34.2,62.3,25.9
833,MANAUS,"RUA 77, NÚCLEO 11",BOLSO+EB,#E67E22,-3.13223,-60.02231,3,-0.129,-0.04,0.37,698,37.4,1078,57.8,481,27.9,BOLSO+EB,-0.169,negativa,35.6,60.7,27.3
834,MANAUS,"RUA ARMANDO CUNHA, S/N - CONJ. RIO XINGU - COMPENSA II",DIFÍCIL,#E74C3C,-3.11736,-60.02054,3,-0.14,-0.058,0.36,666,36.3,1062,57.9,433,26.1,DIFÍCIL,-0.198,negativa,34.5,60.8,25.6
835,MANAUS,"RUA SENADOR CUNHA MELO, 77",DIFÍCIL,#E74C3C,-3.10862,-60.03343,3,-0.113,-0.065,0.39,671,39.0,968,56.3,397,25.4,DIFÍCIL,-0.178,negativa,37.1,59.1,24.9
836,MANAUS,"AV TIMBIRAS, 39",DIFÍCIL,#E74C3C,-3.12935,-60.04178,3,-0.137,-0.072,0.37,648,36.6,1023,57.8,397,24.8,DIFÍCIL,-0.209,negativa,34.8,60.7,24.3
837,MANAUS,"RUA TERESINA, 495",DIFÍCIL,#E74C3C,-3.10874,-60.00984,3,-0.148,-0.088,0.36,383,35.6,648,60.2,225,23.1,DIFÍCIL,-0.235,negativa,33.8,63.2,22.7
838,MANAUS,"RUA LAURO BITENCOURT, 1144",DIFÍCIL,#E74C3C,-3.11802,-60.02114,3,-0.139,-0.067,0.36,609,36.5,997,59.7,388,25.2,DIFÍCIL,-0.205,negativa,34.6,62.7,24.7
839,MANAUS,"RUA BENJAMIN LIMA, S/N",DIFÍCIL,#E74C3C,-3.122,-60.01841,3,-0.127,-0.068,0.38,670,37.6,1030,57.8,404,25.1,DIFÍCIL,-0.195,negativa,35.7,60.7,24.6
840,MANAUS,AV TIMBIRAS,DIFÍCIL,#E74C3C,-3.11523,-60.01574,3,-0.163,-0.064,0.34,620,34.0,1115,61.1,419,25.5,DIFÍCIL,-0.228,negativa,32.3,64.2,25.0
841,MANAUS,"AVENIDA PRESIDENTE DUTRA, S/N",BOLSO+EB,#E67E22,-3.11489,-60.01883,3,-0.111,-0.039,0.39,673,39.2,969,56.4,443,28.0,BOLSO+EB,-0.151,negativa,37.2,59.3,27.4
842,MANAUS,AV 7 DE SETEMBRO,BOLSO+EB,#E67E22,-3.10742,-60.00262,3,-0.091,-0.049,0.41,780,41.2,1040,54.9,433,27.0,BOLSO+EB,-0.14,negativa,39.1,57.7,26.5
843,MANAUS,"RUA SAO CRISTOVAO, S/N",DIFÍCIL,#E74C3C,-3.09995,-60.02686,3,-0.132,-0.067,0.37,719,37.1,1125,58.0,418,25.2,DIFÍCIL,-0.2,negativa,35.2,60.9,24.7
844,MANAUS,"RUA CURUANÃ, 175 - COMPENSA III",BOLSO+EB,#E67E22,-3.13074,-60.02178,3,-0.115,-0.02,0.39,674,38.8,960,55.3,477,29.9,BOLSO+EB,-0.135,negativa,36.9,58.1,29.3
845,MANAUS,RUA TAMOIOS C/ TIMBIRAS,DIFÍCIL,#E74C3C,-3.12244,-60.01984,3,-0.16,-0.083,0.34,614,34.3,1091,60.9,380,23.6,DIFÍCIL,-0.244,negativa,32.6,64.0,23.1
846,MANAUS,"AV DJALMA BATISTA, 160",DIFÍCIL,#E74C3C,-3.11743,-60.01306,3,-0.134,-0.063,0.37,641,36.9,1001,57.7,405,25.6,DIFÍCIL,-0.197,negativa,35.1,60.6,25.1
847,MANAUS,AV MAX TEIXEIRA,DIFÍCIL,#E74C3C,-3.10089,-60.01706,3,-0.135,-0.06,0.37,627,36.8,989,58.0,406,26.0,DIFÍCIL,-0.195,negativa,35.0,60.9,25.4
848,MANAUS,"RUA C 5 , N. 6",DIFÍCIL,#E74C3C,-3.10558,-60.02857,3,-0.147,-0.057,0.36,657,35.6,1091,59.2,442,26.3,DIFÍCIL,-0.203,negativa,33.8,62.1,25.8
849,MANAUS,AV NOEL NUTELS,BOLSO+EB,#E67E22,-3.10581,-60.01375,3,-0.131,-0.044,0.37,644,37.2,1016,58.7,438,27.5,BOLSO+EB,-0.176,negativa,35.3,61.6,26.9
850,MANAUS,RUA ROSA DE MAIO,BOLSO+EB,#E67E22,-3.13591,-60.01801,3,-0.115,-0.043,0.39,685,38.8,1011,57.3,445,27.6,BOLSO+EB,-0.158,negativa,36.9,60.1,27.1
851,MANAUS,"AV CARVALHO LEAL, 1777",DIFÍCIL,#E74C3C,-3.10431,-60.00458,3,-0.125,-0.056,0.38,698,37.9,1052,57.0,442,26.4,DIFÍCIL,-0.18,negativa,36.0,59.9,25.8
852,MANAUS,"RUA VIRGILIO RAMOS, S/N",BOLSO+EB,#E67E22,-3.10514,-60.00956,3,-0.11,-0.05,0.39,423,39.3,592,55.1,258,26.9,BOLSO+EB,-0.16,negativa,37.4,57.8,26.4
853,MANAUS,"RUA COMENDADOR MATOS AREOSA, 119",BOLSO+EB,#E67E22,-3.11049,-60.03612,3,-0.11,-0.031,0.39,692,39.3,981,55.8,462,28.8,BOLSO+EB,-0.141,negativa,37.4,58.6,28.3
854,MANAUS,"RUA BERQUÉLIO, 21",DIFÍCIL,#E74C3C,-3.10498,-60.01776,3,-0.16,-0.077,0.34,596,34.3,1045,60.2,385,24.2,DIFÍCIL,-0.237,negativa,32.6,63.2,23.8
855,MANAUS,"RUA LEONARDO MALCHER C/ MAJOR GABRIEL, 1728",BOLSO+EB,#E67E22,-3.09446,-60.02519,3,-0.124,-0.048,0.38,654,37.9,996,57.7,423,27.1,BOLSO+EB,-0.172,negativa,36.0,60.6,26.6
856,MANAUS,AV CONSTANTINO NERY,BOLSO+EB,#E67E22,-3.13621,-60.02807,3,-0.134,-0.04,0.37,396,36.9,634,59.1,268,27.9,BOLSO+EB,-0.174,negativa,35.1,62.1,27.4
857,MANAUS,"RUA K, QD 30, CJ CANARANAS",BOLSO+EB,#E67E22,-3.11437,-60.02145,3,-0.103,-0.038,0.4,736,40.0,994,54.0,476,28.1,BOLSO+EB,-0.141,negativa,38.0,56.7,27.6
858,MANAUS,"RUA BENJAMIN LIMA, S/N",DIFÍCIL,#E74C3C,-3.1278,-60.02578,3,-0.142,-0.058,0.36,625,36.2,1021,59.1,413,26.2,DIFÍCIL,-0.199,negativa,34.4,62.0,25.6
859,MANAUS,"AV TIMBIRAS, 39",DIFÍCIL,#E74C3C,-3.11375,-60.03797,3,-0.174,-0.068,0.33,577,32.9,1102,62.8,403,25.1,DIFÍCIL,-0.242,negativa,31.3,66.0,24.6
860,MANAUS,RUA COUTO VALLE,DIFÍCIL,#E74C3C,-3.11061,-60.01851,3,-0.132,-0.053,0.37,650,37.1,1005,57.4,424,26.6,DIFÍCIL,-0.185,negativa,35.2,60.2,26.1
861,MANAUS,"RUA T-8, S/N - COMPENSA III",BOLSO+EB,#E67E22,-3.10218,-60.00309,3,-0.141,-0.034,0.36,409,36.2,680,60.2,296,28.6,BOLSO+EB,-0.175,negativa,34.4,63.2,28.0
862,MANAUS,AV NOEL NUTELS,BOLSO+EB,#E67E22,-3.12542,-60.04739,3,-0.113,-0.037,0.39,674,39.0,976,56.5,445,28.2,BOLSO+EB,-0.15,negativa,37.1,59.3,27.6
863,MANAUS,"RUA M, QD 37, CJ CANARANAS",BOLSO+EB,#E67E22,-3.12675,-60.03697,3,-0.152,-0.044,0.35,609,35.1,1039,59.9,440,27.5,BOLSO+EB,-0.196,negativa,33.3,62.8,27.0
864,MANAUS,"RUA AFONSO PENA, 1053",DIFÍCIL,#E74C3C,-3.14123,-60.0155,3,-0.126,-0.06,0.38,624,37.7,935,56.5,392,26.0,DIFÍCIL,-0.186,negativa,35.8,59.3,25.5
865,MANAUS,RUA WALTER RAYOL,DIFÍCIL,#E74C3C,-3.11067,-60.01649,3,-0.132,-0.076,0.37,665,37.1,1057,59.0,399,24.4,DIFÍCIL,-0.208,negativa,35.2,61.9,23.9
866,MANAUS,"RUA 5 DE SETEMBRO, 1",BOLSO+EB,#E67E22,-3.14217,-60.03337,3,-0.123,-0.047,0.38,652,38.1,997,58.2,420,27.2,BOLSO+EB,-0.17,negativa,36.2,61.1,26.7
867,MANAUS,"RUA DA PROSPERIDADE, S/N - COMPENSA II",BOLSO+EB,#E67E22,-3.13669,-60.01603,3,-0.126,-0.047,0.38,664,37.7,1007,57.2,436,27.2,BOLSO+EB,-0.173,negativa,35.9,60.1,26.7
868,MANAUS,"RUA 6, CJ RENATO SOUZA PINTO I",DIFÍCIL,#E74C3C,-3.12747,-60.01106,3,-0.163,-0.072,0.34,580,34.0,1058,62.0,392,24.8,DIFÍCIL,-0.235,negativa,32.3,65.1,24.3
869,MANAUS,"RUA T-8, S/N - COMPENSA III",DIFÍCIL,#E74C3C,-3.11077,-60.03511,3,-0.154,-0.077,0.35,489,34.9,844,60.3,310,24.3,DIFÍCIL,-0.23,negativa,33.2,63.3,23.8
870,MANAUS,AV TIMBIRAS,DIFÍCIL,#E74C3C,-3.12367,-60.02396,3,-0.132,-0.067,0.37,675,37.1,1061,58.3,417,25.2,DIFÍCIL,-0.199,negativa,35.3,61.2,24.7
871,MANAUS,"RUA TERESINA, 495",DIFÍCIL,#E74C3C,-3.12185,-60.03058,3,-0.211,-0.109,0.29,532,29.3,1196,65.8,349,21.0,DIFÍCIL,-0.32,negativa,27.8,69.1,20.6
872,MANAUS,"RUA BELO HORIZONTE, S/N - COMPENSA II",DIFÍCIL,#E74C3C,-3.12004,-59.99787,3,-0.129,-0.063,0.37,640,37.4,1006,58.8,399,25.6,DIFÍCIL,-0.192,negativa,35.6,61.8,25.1
873,MANAUS,"RUA DOS EXPEDICIONÁRIOS, S/N - CONJ. DO IPASE - COMPENSA I",DIFÍCIL,#E74C3C,-3.11205,-60.02226,3,-0.139,-0.074,0.36,623,36.4,1023,59.8,378,24.5,DIFÍCIL,-0.213,negativa,34.6,62.8,24.0
874,MANAUS,AV MAX TEIXEIRA,DIFÍCIL,#E74C3C,-3.12936,-60.02252,3,-0.158,-0.095,0.34,618,34.5,1107,61.8,368,22.4,DIFÍCIL,-0.254,negativa,32.8,64.9,21.9
875,MANAUS,"AVENIDA LUIS DE CAMÕES, S/N",DIFÍCIL,#E74C3C,-3.12394,-60.03146,3,-0.166,-0.074,0.34,577,33.7,1056,61.8,370,24.5,DIFÍCIL,-0.24,negativa,32.1,64.8,24.0
876,MANAUS,AV NOEL NUTELS,DIFÍCIL,#E74C3C,-3.12294,-60.02578,3,-0.168,-0.055,0.34,593,33.5,1097,62.0,425,26.4,DIFÍCIL,-0.223,negativa,31.9,65.1,25.9
877,MANAUS,"TRAVESSA ADERSON DE MENEZES, S/N",DIFÍCIL,#E74C3C,-3.11727,-60.01044,3,-0.184,-0.095,0.32,567,31.9,1141,64.2,355,22.4,DIFÍCIL,-0.279,negativa,30.3,67.5,22.0
878,MANAUS,"RUA BENJAMIN LIMA, S/N",DIFÍCIL,#E74C3C,-3.12079,-60.02131,3,-0.171,-0.089,0.33,580,33.3,1078,61.8,363,23.1,DIFÍCIL,-0.259,negativa,31.6,64.9,22.6
879,MANAUS,RUA ACRE N 200,BOLSO+EB,#E67E22,-3.11586,-60.01812,3,-0.178,-0.049,0.33,565,32.5,1083,62.3,428,27.0,BOLSO+EB,-0.227,negativa,30.9,65.5,26.5
880,MANAUS,"RUA T-8, S/N - COMPENSA III",BOLSO+EB,#E67E22,-3.10473,-60.01066,3,-0.144,-0.026,0.36,384,35.9,650,60.8,287,29.3,BOLSO+EB,-0.17,negativa,34.1,63.8,28.7
881,MANAUS,"AV DJALMA BATISTA, 160",DIFÍCIL,#E74C3C,-3.12137,-60.0005,3,-0.171,-0.067,0.33,552,33.3,1047,63.1,375,25.2,DIFÍCIL,-0.238,negativa,31.6,66.2,24.7
882,MANAUS,"AV CARVALHO LEAL, 1777",DIFÍCIL,#E74C3C,-3.12596,-60.01232,3,-0.132,-0.055,0.37,634,37.1,1008,59.0,411,26.4,DIFÍCIL,-0.188,negativa,35.3,62.0,25.9
883,MANAUS,AV NOEL NUTELS,BOLSO+EB,#E67E22,-3.11667,-60.0172,3,-0.111,-0.047,0.39,483,39.2,692,56.1,309,27.2,BOLSO+EB,-0.159,negativa,37.2,58.9,26.7
884,MANAUS,"RUA K, QD 30, CJ CANARANAS",DIFÍCIL,#E74C3C,-3.12952,-60.0192,3,-0.138,-0.061,0.36,655,36.5,1062,59.2,423,25.9,DIFÍCIL,-0.199,negativa,34.7,62.1,25.4
885,MANAUS,"AV JOAQUIM NABUCO, 1232",EB_PURO,#8E44AD,-3.12028,-60.02989,3,-0.085,0.026,0.42,482,41.8,634,55.0,363,34.5,EB_PURO,-0.059,negativa,39.7,57.7,33.8
886,MANAUS,"RUA ALEXANDRE AMORIM, 325",DIFÍCIL,#E74C3C,-3.1434,-60.01855,3,-0.116,-0.06,0.39,682,38.7,1013,57.5,410,25.9,DIFÍCIL,-0.177,negativa,36.7,60.3,25.4
887,MANAUS,"RUA LIBERTADOR, 55",DIFÍCIL,#E74C3C,-3.14053,-60.03621,3,-0.131,-0.069,0.37,650,37.2,1024,58.6,390,25.0,DIFÍCIL,-0.201,negativa,35.3,61.5,24.5
888,MANAUS,"RUA XAVIER DE MENDONÇA, 155",DIFÍCIL,#E74C3C,-3.09821,-60.01043,3,-0.139,-0.061,0.36,342,36.5,553,59.0,215,25.9,DIFÍCIL,-0.199,negativa,34.6,61.9,25.4
889,MANAUS,"RUA EMÍLI MOREIRA, 1330",DIFÍCIL,#E74C3C,-3.09906,-60.03546,3,-0.182,-0.088,0.32,567,32.1,1116,63.2,370,23.2,DIFÍCIL,-0.27,negativa,30.5,66.4,22.7
890,MANAUS,RUA SANTA ISABEL C/ DUQUE DE CAXIAS,DIFÍCIL,#E74C3C,-3.10783,-60.04303,3,-0.127,-0.057,0.38,619,37.6,968,58.8,396,26.3,DIFÍCIL,-0.184,negativa,35.7,61.7,25.8
891,MANAUS,"RUA 6, CJ RENATO SOUZA PINTO I",BOLSO+EB,#E67E22,-3.12845,-60.00688,3,-0.117,-0.043,0.39,678,38.6,994,56.6,442,27.6,BOLSO+EB,-0.16,negativa,36.7,59.5,27.1
892,MANAUS,"RUA BELO HORIZONTE, S/N - COMPENSA II",BOLSO+EB,#E67E22,-3.13103,-60.00076,3,-0.133,-0.046,0.37,680,37.0,1095,59.5,447,27.3,BOLSO+EB,-0.18,negativa,35.1,62.5,26.7
893,MANAUS,"RUA M, QD 37, CJ CANARANAS",BOLSO+EB,#E67E22,-3.10489,-60.02603,3,-0.132,-0.037,0.37,650,37.1,1022,58.4,447,28.2,BOLSO+EB,-0.169,negativa,35.3,61.3,27.7
894,MANAUS,"RUA CRATO, 101, CJ CAMPO DOURADO",DIFÍCIL,#E74C3C,-3.09867,-60.02435,3,-0.175,-0.098,0.33,574,32.8,1088,62.2,341,22.1,DIFÍCIL,-0.273,negativa,31.2,65.4,21.7
895,MANAUS,AV MAX TEIXEIRA,BOLSO+EB,#E67E22,-3.1259,-60.032,3,-0.141,-0.048,0.36,594,36.3,962,58.7,402,27.1,BOLSO+EB,-0.188,negativa,34.5,61.7,26.6
896,MANAUS,RUA COSTA E SILVA,DIFÍCIL,#E74C3C,-3.12331,-60.02681,3,-0.108,-0.05,0.4,705,39.5,1011,56.7,443,26.9,DIFÍCIL,-0.158,negativa,37.6,59.5,26.4
897,MANAUS,"RUA SILVA RAMOS, 833",DIFÍCIL,#E74C3C,-3.12121,-60.0171,3,-0.139,-0.063,0.36,648,36.4,1055,59.3,413,25.6,DIFÍCIL,-0.202,negativa,34.6,62.3,25.1
898,MANAUS,"TRAVESSA ADERSON DE MENEZES, S/N",DIFÍCIL,#E74C3C,-3.12009,-60.00844,3,-0.155,-0.062,0.35,656,34.8,1150,61.0,422,25.7,DIFÍCIL,-0.217,negativa,33.0,64.0,25.2
899,MANAUS,AV 7 DE SETEMBRO,DIFÍCIL,#E74C3C,-3.11843,-60.01991,3,-0.172,-0.103,0.33,548,33.1,1040,62.8,325,21.7,DIFÍCIL,-0.275,negativa,31.5,66.0,21.2
900,MANAUS,"AV 7 DE SETEMBRO, 1975",DIFÍCIL,#E74C3C,-3.12346,-60.02269,3,-0.146,-0.055,0.36,590,35.7,985,59.6,398,26.5,DIFÍCIL,-0.201,negativa,33.9,62.6,25.9
901,MANAUS,"RUA RIO BRANCO, 41",BOLSO+EB,#E67E22,-3.11622,-60.01748,3,-0.136,-0.042,0.37,665,36.7,1080,59.6,454,27.8,BOLSO+EB,-0.178,negativa,34.8,62.5,27.2
902,MANAUS,AV CONSTANTINO NERY,EB_PURO,#8E44AD,-3.10704,-60.02641,3,-0.122,-0.016,0.38,328,38.1,498,57.9,236,30.4,EB_PURO,-0.137,negativa,36.2,60.8,29.8
903,MANAUS,AV NOEL NUTELS,DIFÍCIL,#E74C3C,-3.11843,-60.02203,3,-0.176,-0.074,0.33,414,32.7,796,62.9,283,24.5,DIFÍCIL,-0.25,negativa,31.1,66.0,24.1
904,MANAUS,"RUA ALBERTO RANGEL , 33-B - COMPENSA III",EB_PURO,#8E44AD,-3.11179,-60.0033,3,-0.117,-0.018,0.39,618,38.6,899,56.1,434,30.1,EB_PURO,-0.135,negativa,36.6,58.9,29.5
905,MANAUS,"RUA DA PROSPERIDADE, S/N - COMPENSA II",BOLSO+EB,#E67E22,-3.12865,-60.01773,3,-0.106,-0.024,0.4,459,39.7,644,55.8,293,29.5,BOLSO+EB,-0.13,negativa,37.8,58.5,28.9
906,MANAUS,"AV A, CJ FRANCISCA MENDES",DIFÍCIL,#E74C3C,-3.12347,-60.02244,3,-0.167,-0.076,0.34,403,33.6,748,62.4,261,24.4,DIFÍCIL,-0.242,negativa,32.0,65.6,23.9
907,MANAUS,AV CONSTANTINO NERY,DIFÍCIL,#E74C3C,-3.12147,-60.00757,3,-0.153,-0.08,0.35,527,35.1,919,61.1,329,24.0,DIFÍCIL,-0.232,negativa,33.3,64.2,23.5
908,MANAUS,AV MAX TEIXEIRA,BOLSO+EB,#E67E22,-3.12045,-60.02142,3,-0.119,-0.028,0.38,551,38.4,825,57.5,382,29.1,BOLSO+EB,-0.147,negativa,36.5,60.4,28.6
909,MANAUS,"RUA 5 DE SETEMBRO, 1",DIFÍCIL,#E74C3C,-3.1143,-60.01991,3,-0.106,-0.069,0.4,469,39.7,656,55.6,266,25.0,DIFÍCIL,-0.175,negativa,37.8,58.4,24.5
910,MANAUS,"RUA ALBERTO RANGEL , 33-B - COMPENSA III",BOLSO+EB,#E67E22,-3.11211,-60.03234,3,-0.139,-0.044,0.36,696,36.4,1133,59.3,476,27.5,BOLSO+EB,-0.183,negativa,34.6,62.2,27.0
911,MANAUS,"RUA TOBIAS BARRETO, 445 - COMPENSA I",DIFÍCIL,#E74C3C,-3.11013,-60.03445,3,-0.163,-0.065,0.34,199,34.0,362,61.9,137,25.5,DIFÍCIL,-0.228,negativa,32.3,65.0,25.0
912,MANAUS,"RUA CURUANÃ, 175 - COMPENSA III",BOLSO+EB,#E67E22,-3.13968,-60.03237,3,-0.091,-0.025,0.41,609,41.2,805,54.4,399,29.4,BOLSO+EB,-0.117,negativa,39.1,57.2,28.8
913,MANAUS,"RUA BELO HORIZONTE, S/N - COMPENSA II",DIFÍCIL,#E74C3C,-3.13387,-60.02154,3,-0.16,-0.093,0.34,408,34.3,728,61.2,238,22.6,DIFÍCIL,-0.254,negativa,32.6,64.3,22.1
914,MANAUS,"RUA PARAGUAÇU, 68",DIFÍCIL,#E74C3C,-3.12435,-60.03314,3,-0.144,-0.077,0.36,427,35.9,715,60.1,262,24.3,DIFÍCIL,-0.221,negativa,34.1,63.1,23.8
915,MANAUS,"RUA K, QD 30, CJ CANARANAS",DIFÍCIL,#E74C3C,-3.1139,-60.03552,3,-0.167,-0.089,0.34,407,33.6,749,61.8,254,23.0,DIFÍCIL,-0.257,negativa,31.9,64.9,22.5
916,MANAUS,"RUA CLAUDINO LEMOS, CJ RIACHO DOCE II",DIFÍCIL,#E74C3C,-3.11828,-60.02473,3,-0.146,-0.099,0.36,420,35.7,692,58.9,239,22.1,DIFÍCIL,-0.244,negativa,34.0,61.8,21.6
917,MANAUS,"AV TIMBIRAS, 39",DIFÍCIL,#E74C3C,-3.10122,-60.01079,3,-0.179,-0.091,0.32,411,32.4,793,62.5,266,22.9,DIFÍCIL,-0.27,negativa,30.8,65.7,22.4
918,MANAUS,"RUA A, CJ VALE DO SINAI / MANOA",DIFÍCIL,#E74C3C,-3.13322,-60.0316,3,-0.152,-0.088,0.35,599,35.2,1020,59.9,351,23.1,DIFÍCIL,-0.24,negativa,33.4,62.9,22.6
919,MANAUS,"RUA SILVA RAMOS, 833",DIFÍCIL,#E74C3C,-3.1023,-60.02665,3,-0.142,-0.056,0.36,661,36.2,1087,59.5,430,26.4,DIFÍCIL,-0.197,negativa,34.4,62.4,25.8
920,MANAUS,"AVENIDA PRESIDENTE DUTRA, S/N",BOLSO+EB,#E67E22,-3.11546,-60.02125,3,-0.114,-0.027,0.39,596,38.9,847,55.3,412,29.3,BOLSO+EB,-0.141,negativa,37.0,58.1,28.7
921,MANAUS,"RUA LAURO BITENCOURT, 1144",DIFÍCIL,#E74C3C,-3.12218,-60.02839,3,-0.085,-0.051,0.42,664,41.8,850,53.5,380,26.8,DIFÍCIL,-0.137,negativa,39.7,56.2,26.3
922,MANAUS,"RUA 77, N 23, CIDADE NOVA",BOLSO+EB,#E67E22,-3.11676,-60.01566,3,-0.114,-0.045,0.39,683,38.9,989,56.4,430,27.4,BOLSO+EB,-0.159,negativa,37.0,59.2,26.9
923,MANAUS,"RUA COMENDADOR J. G. ARAÚJO, 657",DIFÍCIL,#E74C3C,-3.13127,-60.04572,3,-0.199,-0.111,0.3,333,30.5,698,63.9,206,20.9,DIFÍCIL,-0.309,negativa,28.9,67.1,20.4
924,MANAUS,AV NOEL NUTELS,DIFÍCIL,#E74C3C,-3.118,-60.02088,3,-0.151,-0.103,0.35,580,35.3,982,59.7,315,21.6,DIFÍCIL,-0.254,negativa,33.5,62.7,21.2
925,MANAUS,AV MAX TEIXEIRA,DIFÍCIL,#E74C3C,-3.11865,-60.02357,3,-0.163,-0.057,0.34,389,34.0,686,59.9,275,26.2,DIFÍCIL,-0.221,negativa,32.3,62.9,25.7
926,MANAUS,"AV 7 DE SETEMBRO, 1975",BOLSO+EB,#E67E22,-3.11797,-60.01027,3,-0.117,-0.029,0.39,392,38.7,569,56.1,264,29.0,BOLSO+EB,-0.145,negativa,36.7,58.9,28.5
927,MANAUS,"RUA 77, NÚCLEO 11",DIFÍCIL,#E74C3C,-3.13771,-60.02313,3,-0.144,-0.053,0.36,629,35.9,1050,59.9,423,26.6,DIFÍCIL,-0.197,negativa,34.1,62.9,26.1
928,MANAUS,AV NOEL NUTELS,DIFÍCIL,#E74C3C,-3.1175,-60.02032,3,-0.131,-0.066,0.37,423,37.2,653,57.4,261,25.3,DIFÍCIL,-0.198,negativa,35.3,60.3,24.8
929,MANAUS,"AVENIDA LUIS DE CAMÕES, S/N",BOLSO+EB,#E67E22,-3.11012,-59.99729,3,-0.115,-0.041,0.39,515,38.8,742,56.0,327,27.9,BOLSO+EB,-0.156,negativa,36.9,58.8,27.3
930,MANAUS,"RUA VOLUNTARIOS DA PATRIA, 88",BOLSO+EB,#E67E22,-3.12011,-60.04315,3,-0.133,-0.046,0.37,371,37.0,573,57.1,250,27.3,BOLSO+EB,-0.179,negativa,35.1,60.0,26.8
931,MANAUS,RUA SANTA ISABEL C/ DUQUE DE CAXIAS,BOLSO+EB,#E67E22,-3.11019,-60.00642,3,-0.113,-0.037,0.39,649,39.0,937,56.4,426,28.2,BOLSO+EB,-0.15,negativa,37.1,59.2,27.7
932,MANAUS,"RUA SANTOS DIAS, COM NOSSA SENHORA DO PERPÉTUO SOCORRO",DIFÍCIL,#E74C3C,-3.11073,-60.03279,3,-0.109,-0.089,0.39,460,39.4,674,57.7,236,23.1,DIFÍCIL,-0.198,negativa,37.4,60.6,22.6
933,MANAUS,"RUA SAO BENTO, S/N",DIFÍCIL,#E74C3C,-3.10614,-60.00278,3,-0.103,-0.057,0.4,623,40.1,855,55.0,369,26.2,DIFÍCIL,-0.16,negativa,38.1,57.7,25.7
934,MANAUS,AV NOEL NUTELS,DIFÍCIL,#E74C3C,-3.11656,-60.02824,3,-0.123,-0.056,0.38,591,38.0,870,55.9,371,26.3,DIFÍCIL,-0.179,negativa,36.1,58.7,25.8
935,MANAUS,"RUA TOBIAS BARRETO, 445 - COMPENSA I",DIFÍCIL,#E74C3C,-3.1303,-60.03063,3,-0.109,-0.051,0.39,678,39.4,945,54.9,412,26.8,DIFÍCIL,-0.16,negativa,37.4,57.7,26.3
936,MANAUS,"RUA MARECHAL BITTENCOURT, 100 - VILA MARINHO - COMPENSA III",BOLSO+EB,#E67E22,-3.11428,-60.02983,3,-0.131,-0.039,0.37,669,37.2,1041,57.9,456,28.1,BOLSO+EB,-0.17,negativa,35.3,60.8,27.5
937,MANAUS,"RUA VIRGILIO RAMOS, S/N",BOLSO+EB,#E67E22,-3.13469,-60.02464,3,-0.102,-0.047,0.4,472,40.2,648,55.1,292,27.2,BOLSO+EB,-0.149,negativa,38.2,57.9,26.7
938,MANAUS,"RUA BRASILIA, S/N",DIFÍCIL,#E74C3C,-3.13776,-60.01369,3,-0.112,-0.055,0,157,39.2,224,55.9,95,26.4,DIFÍCIL,-0.167,negativa,37.2,58.7,25.9
939,MANAUS,"AV TIMBIRAS, 39",DIFÍCIL,#E74C3C,-3.11885,-60.0248,3,-0.149,-0.071,0.35,377,35.4,637,59.9,237,24.8,DIFÍCIL,-0.22,negativa,33.7,62.9,24.3
940,MANAUS,"RUA DOS EXPEDICIONÁRIOS, S/N - CONJ. DO IPASE - COMPENSA I",DIFÍCIL,#E74C3C,-3.1132,-60.00906,3,-0.114,-0.082,0.39,486,38.9,713,57.1,257,23.7,DIFÍCIL,-0.196,negativa,37.0,60.0,23.2
941,MANAUS,"AV CARVALHO LEAL, 1777",EB_PURO,#8E44AD,-3.12263,-60.02739,3,-0.047,-0.013,0.46,418,45.6,444,48.4,258,30.7,EB_PURO,-0.06,estável,43.3,50.8,30.1
942,MANAUS,"RUA 23 DE DEZEMBRO, 70 - COMPENSA II",BOLSO+EB,#E67E22,-3.10937,-60.0135,3,-0.143,-0.043,0.36,442,36.0,730,59.5,307,27.6,BOLSO+EB,-0.186,negativa,34.2,62.5,27.1
943,MANAUS,"RUA CLAUDINO LEMOS, CJ RIACHO DOCE II",DIFÍCIL,#E74C3C,-3.11449,-60.02217,3,-0.107,-0.069,0.4,712,39.6,1002,55.7,391,25.0,DIFÍCIL,-0.177,negativa,37.6,58.5,24.5
944,MANAUS,"AV JOAQUIM NABUCO, 1232",BOLSO+EB,#E67E22,-3.11903,-60.0216,3,-0.124,-0.045,0.38,658,37.9,974,56.2,430,27.4,BOLSO+EB,-0.169,negativa,36.0,59.0,26.8
945,MANAUS,"RUA 77, NÚCLEO 11",DIFÍCIL,#E74C3C,-3.13645,-60.03988,3,-0.126,-0.051,0.38,240,37.7,364,57.1,158,26.8,DIFÍCIL,-0.177,negativa,35.8,60.0,26.3
946,MANAUS,RUA TAMOIOS C/ TIMBIRAS,DIFÍCIL,#E74C3C,-3.12335,-60.02547,3,-0.145,-0.094,0.36,420,35.8,697,59.4,238,22.5,DIFÍCIL,-0.24,negativa,34.0,62.4,22.0
947,MANAUS,"RUA K, QD 30, CJ CANARANAS",DIFÍCIL,#E74C3C,-3.11963,-60.02269,3,-0.122,-0.056,0.38,256,38.1,378,56.2,163,26.3,DIFÍCIL,-0.179,negativa,36.2,59.1,25.8
948,MANAUS,AV 7 DE SETEMBRO,BOLSO+EB,#E67E22,-3.10681,-60.02363,3,-0.119,-0.046,0.38,425,38.4,608,55.0,276,27.3,BOLSO+EB,-0.165,negativa,36.5,57.7,26.8
949,MANAUS,AV NOEL NUTELS,DIFÍCIL,#E74C3C,-3.11336,-60.02994,3,-0.153,-0.09,0.35,225,35.0,396,61.6,135,22.9,DIFÍCIL,-0.243,negativa,33.2,64.7,22.5
950,MANAUS,AV CONSTANTINO NERY,DIFÍCIL,#E74C3C,-3.11857,-60.04481,3,-0.089,-0.063,0.41,469,41.4,612,54.0,263,25.6,DIFÍCIL,-0.152,negativa,39.3,56.7,25.1
951,MANAUS,AV MAX TEIXEIRA,DIFÍCIL,#E74C3C,-3.12786,-60.02769,3,-0.161,-0.084,0.34,217,34.2,394,62.0,135,23.6,DIFÍCIL,-0.245,negativa,32.5,65.1,23.1
952,MANAUS,"AV 7 DE SETEMBRO, 1975",BOLSO+EB,#E67E22,-3.11672,-60.00607,3,-0.085,-0.028,0.42,575,41.8,716,52.1,368,29.2,BOLSO+EB,-0.112,negativa,39.8,54.7,28.6
953,MANAUS,AV MAX TEIXEIRA,BOLSO+EB,#E67E22,-3.12754,-60.0057,3,-0.127,-0.048,0.38,416,37.6,635,57.4,270,27.1,BOLSO+EB,-0.176,negativa,35.7,60.3,26.5
954,MANAUS,"RUA K, QD 30, CJ CANARANAS",DIFÍCIL,#E74C3C,-3.12135,-60.03875,3,-0.142,-0.062,0.36,410,36.1,660,58.1,265,25.7,DIFÍCIL,-0.205,negativa,34.3,61.0,25.2
955,MANAUS,RUA ROSA DE MAIO,DIFÍCIL,#E74C3C,-3.11319,-60.04559,3,-0.102,-0.063,0.4,333,40.1,452,54.5,185,25.7,DIFÍCIL,-0.165,negativa,38.1,57.2,25.1
956,MANAUS,"RUA NATAL, N. 300",DIFÍCIL,#E74C3C,-3.12171,-60.04534,3,-0.188,-0.094,0.32,363,31.5,711,61.8,231,22.5,DIFÍCIL,-0.282,negativa,30.0,64.9,22.1
957,MANAUS,"AV PRES CASTELO BRANCO, 504",DIFÍCIL,#E74C3C,-3.13658,-60.02653,3,-0.087,-0.052,0.42,464,41.6,585,52.4,273,26.7,DIFÍCIL,-0.14,negativa,39.5,55.0,26.2
958,MANAUS,AV MAX TEIXEIRA,DIFÍCIL,#E74C3C,-3.11574,-60.03521,3,-0.248,-0.13,0.25,166,25.5,452,69.4,114,18.9,DIFÍCIL,-0.378,negativa,24.2,72.9,18.6
959,MANAUS,AV TIMBIRAS,DIFÍCIL,#E74C3C,-3.10775,-60.00724,3,-0.188,-0.079,0.32,209,31.5,419,63.2,144,24.0,DIFÍCIL,-0.267,negativa,29.9,66.4,23.6
960,MANAUS,"RUA SANTOS DIAS, CJ RIACHO DOCE",DIFÍCIL,#E74C3C,-3.1158,-60.0456,3,-0.101,-0.077,0.4,264,40.2,368,56.1,142,24.2,DIFÍCIL,-0.178,negativa,38.2,58.9,23.7
961,MANAUS,"RUA BETA 19, CJ MUNDO NOVO",DIFÍCIL,#E74C3C,-3.103,-60.04159,3,-0.1,-0.068,0.4,258,40.3,364,56.9,148,25.1,DIFÍCIL,-0.169,negativa,38.3,59.7,24.6
963,MANAUS,AV CONSTANTINO NERY,DIFÍCIL,#E74C3C,-3.13417,-60.0361,3,-0.115,-0.079,0.39,443,38.9,644,56.5,248,24.1,DIFÍCIL,-0.193,negativa,36.9,59.3,23.6
964,MANAUS,"RUA CLAUDINO LEMOS, CJ RIACHO DOCE II",EB_PURO,#8E44AD,-3.13252,-60.03522,3,-0.061,-0.017,0.44,489,44.2,551,49.8,307,30.2,EB_PURO,-0.078,negativa,42.0,52.3,29.6
965,MANAUS,"AV PRES CASTELO BRANCO, 504",PURO_SWING,#F4D03F,-3.11968,-60.02034,3,-0.016,-0.015,0,292,48.7,269,44.9,167,30.4,PURO_SWING,-0.031,estável,46.3,47.2,29.8
966,MANAUS,"RUA NATAL, N. 300",DIFÍCIL,#E74C3C,-3.12399,-60.02908,3,-0.114,-0.053,0.39,457,39.0,650,55.4,291,26.7,DIFÍCIL,-0.166,negativa,37.0,58.2,26.1
967,MANAUS,"RUA 6, CJ RENATO SOUZA PINTO I",DIFÍCIL,#E74C3C,-3.11446,-60.02571,3,-0.187,-0.111,0.32,210,31.6,418,63.0,123,20.8,DIFÍCIL,-0.298,negativa,30.0,66.1,20.4
968,MANAUS,AV CONSTANTINO NERY,DIFÍCIL,#E74C3C,-3.14206,-60.02737,3,-0.058,-0.084,0,242,44.5,280,51.5,119,23.6,DIFÍCIL,-0.142,negativa,42.3,54.0,23.1
969,MANAUS,AV NOEL NUTELS,EB_PURO,#8E44AD,-3.11777,-60.03212,3,-0.062,-0.001,0.44,499,44.1,577,51.0,325,31.9,EB_PURO,-0.063,negativa,41.9,53.5,31.2
970,MANAUS,RUA TAMOIOS C/ TIMBIRAS,DIFÍCIL,#E74C3C,-3.11988,-60.03751,3,-0.181,-0.104,0.32,207,32.2,402,62.5,126,21.6,DIFÍCIL,-0.285,negativa,30.6,65.6,21.1
971,MANAUS,"RUA 77, N 23, CIDADE NOVA",DIFÍCIL,#E74C3C,-3.11875,-60.02199,3,-0.154,-0.078,0.35,225,34.9,385,59.8,141,24.1,DIFÍCIL,-0.232,negativa,33.2,62.8,23.6
972,MANAUS,AV NOEL NUTELS,DIFÍCIL,#E74C3C,-3.11837,-60.03586,3,-0.119,-0.065,0.38,466,38.4,687,56.7,244,25.4,DIFÍCIL,-0.184,negativa,36.5,59.5,24.9
973,MANAUS,"RUA CRATO, 101, CJ CAMPO DOURADO",DIFÍCIL,#E74C3C,-3.12284,-60.0204,3,-0.161,-0.092,0.34,217,34.2,384,60.5,130,22.7,DIFÍCIL,-0.254,negativa,32.5,63.5,22.3
974,MANAUS,AV MAX TEIXEIRA,DIFÍCIL,#E74C3C,-3.13534,-60.01764,3,-0.153,-0.089,0.35,223,35.1,390,61.3,132,23.0,DIFÍCIL,-0.242,negativa,33.3,64.4,22.6
975,MANAUS,"RUA 34, 34, CJ FRANCISCA MENDES I",DIFÍCIL,#E74C3C,-3.12873,-60.03472,3,-0.144,-0.123,0.36,233,36.0,392,60.5,115,19.6,DIFÍCIL,-0.267,negativa,34.2,63.5,19.2
976,MANAUS,AV MAX TEIXEIRA,DIFÍCIL,#E74C3C,-3.11532,-60.04244,3,-0.169,-0.062,0.33,205,33.4,389,63.4,146,25.7,DIFÍCIL,-0.232,negativa,31.7,66.5,25.2
977,MANAUS,AV TIMBIRAS,DIFÍCIL,#E74C3C,-3.11836,-60.03103,3,-0.192,-0.109,0.31,202,31.1,420,64.6,122,21.0,DIFÍCIL,-0.302,negativa,29.5,67.8,20.6
978,MANAUS,"RUA A, CJ VALE DO SINAI / MANOA",DIFÍCIL,#E74C3C,-3.11527,-60.02318,3,-0.093,-0.085,0.41,258,41.0,345,54.8,130,23.5,DIFÍCIL,-0.178,negativa,39.0,57.6,23.0
980,MANAUS,AV NOEL NUTELS,DIFÍCIL,#E74C3C,-3.11317,-60.03787,3,-0.153,-0.078,0.35,216,35.0,377,61.1,133,24.1,DIFÍCIL,-0.231,negativa,33.3,64.2,23.6
981,MANAUS,RUA TAMOIOS C/ TIMBIRAS,DIFÍCIL,#E74C3C,-3.11763,-60.02234,3,-0.187,-0.109,0.32,197,31.7,396,63.7,115,21.1,DIFÍCIL,-0.295,negativa,30.1,66.8,20.6
982,MANAUS,"RUA CLAUDINO LEMOS, CJ RIACHO DOCE II",DIFÍCIL,#E74C3C,-3.11825,-60.02169,3,-0.125,-0.06,0.38,232,37.8,359,58.6,141,25.9,DIFÍCIL,-0.185,negativa,36.0,61.5,25.4
983,MANAUS,AV MAX TEIXEIRA,DIFÍCIL,#E74C3C,-3.10728,-60.02143,3,-0.184,-0.093,0.32,204,31.9,403,63.1,133,22.6,DIFÍCIL,-0.277,negativa,30.3,66.2,22.1
984,MANAUS,RUA ROSA DE MAIO,DIFÍCIL,#E74C3C,-3.1161,-60.01879,3,-0.125,-0.067,0.38,238,37.8,369,58.7,143,25.2,DIFÍCIL,-0.192,negativa,35.9,61.6,24.7
985,MANAUS,AV NOEL NUTELS,BOLSO+EB,#E67E22,-3.1229,-60.01144,3,-0.151,-0.047,0.35,215,35.2,375,61.5,145,27.3,BOLSO+EB,-0.197,negativa,33.5,64.5,26.7
986,MANAUS,AV TIMBIRAS,DIFÍCIL,#E74C3C,-3.11986,-60.0023,3,-0.209,-0.072,0.29,197,29.4,445,66.4,150,24.7,DIFÍCIL,-0.281,negativa,27.9,69.7,24.2
987,MANAUS,AV MAX TEIXEIRA,DIFÍCIL,#E74C3C,-3.11803,-60.02198,3,-0.151,-0.062,0.35,209,35.2,365,61.4,136,25.7,DIFÍCIL,-0.214,negativa,33.4,64.5,25.2
988,MANAUS,"RUA BETA 19, CJ MUNDO NOVO",DIFÍCIL,#E74C3C,-3.13574,-60.02296,3,-0.128,-0.072,0.38,240,37.5,375,58.6,142,24.7,DIFÍCIL,-0.201,negativa,35.6,61.5,24.2
989,MANAUS,"RUA 6, CJ RENATO SOUZA PINTO I",BOLSO+EB,#E67E22,-3.11061,-60.03663,3,-0.145,-0.04,0.36,237,35.8,387,58.5,164,27.9,BOLSO+EB,-0.185,negativa,34.0,61.4,27.4
991,MANAUS,"RUA M, QD 37, CJ CANARANAS",BOLSO+EB,#E67E22,-3.12711,-59.99974,3,-0.139,-0.047,0.36,231,36.4,383,60.3,161,27.2,BOLSO+EB,-0.186,negativa,34.6,63.3,26.7
994,MANAUS,"AV TIMBIRAS, 39",DIFÍCIL,#E74C3C,-3.13796,-60.03487,3,-0.182,-0.101,0.32,193,32.2,382,63.7,117,21.9,DIFÍCIL,-0.282,negativa,30.6,66.9,21.4
995,MANAUS,"RUA 77, NÚCLEO 11",DIFÍCIL,#E74C3C,-3.11313,-60.02859,3,-0.155,-0.116,0.35,244,34.9,435,62.1,125,20.4,DIFÍCIL,-0.27,negativa,33.1,65.2,20.0
996,MANAUS,AV NOEL NUTELS,DIFÍCIL,#E74C3C,-3.11767,-60.04842,3,-0.154,-0.096,0.35,216,34.9,375,60.6,121,22.3,DIFÍCIL,-0.25,negativa,33.2,63.6,21.9
997,MANAUS,AV MAX TEIXEIRA,DIFÍCIL,#E74C3C,-3.10588,-60.02317,3,-0.193,-0.082,0.31,192,31.1,394,63.8,135,23.8,DIFÍCIL,-0.274,negativa,29.5,66.9,23.3
998,MANAUS,"AV A, CJ FRANCISCA MENDES",DIFÍCIL,#E74C3C,-3.13746,-60.01648,3,-0.139,-0.08,0.36,218,36.5,357,59.7,127,24.0,DIFÍCIL,-0.218,negativa,34.6,62.7,23.5
999,MANAUS,"RUA A, CJ VALE DO SINAI / MANOA",DIFÍCIL,#E74C3C,-3.11209,-60.04589,3,-0.137,-0.072,0.37,221,36.6,359,59.4,131,24.7,DIFÍCIL,-0.209,negativa,34.8,62.4,24.2
1000,MANAUS,"RUA K, QD 30, CJ CANARANAS",DIFÍCIL,#E74C3C,-3.1379,-60.00933,3,-0.134,-0.069,0.37,228,36.9,370,59.9,141,25.0,DIFÍCIL,-0.204,negativa,35.0,62.9,24.5
1001,MANAUS,"RUA M, QD 37, CJ CANARANAS",EB_PURO,#8E44AD,-3.12287,-60.02466,3,-0.113,-0.006,0.39,258,39.0,376,56.9,182,31.3,EB_PURO,-0.119,negativa,37.1,59.7,30.7
1002,MANAUS,"RUA CLAUDINO LEMOS, CJ RIACHO DOCE II",DIFÍCIL,#E74C3C,-3.09979,-60.02374,3,-0.11,-0.064,0.39,249,39.3,368,58.1,140,25.5,DIFÍCIL,-0.174,negativa,37.4,61.0,25.0
1004,MANAUS,RODOVIA BR 174 KM 08 S/N,DIFÍCIL,#E74C3C,-3.11733,-60.02427,3,-0.105,-0.056,0.4,278,39.8,392,56.2,167,26.3,DIFÍCIL,-0.161,negativa,37.8,59.0,25.8
1005,MANAUS,RODOVIA BR 174 KM 08 S/N,BOLSO+EB,#E67E22,-3.1014,-60.01779,3,-0.11,-0.045,0.39,290,39.3,420,57.0,181,27.4,BOLSO+EB,-0.155,negativa,37.4,59.8,26.9
1006,MANAUS,RUA TAMOIOS C/ TIMBIRAS,DIFÍCIL,#E74C3C,-3.10545,-60.02105,3,-0.163,-0.112,0.34,212,34.0,384,61.6,118,20.7,DIFÍCIL,-0.275,negativa,32.3,64.7,20.3
1007,MANAUS,AV MAX TEIXEIRA,DIFÍCIL,#E74C3C,-3.11994,-60.02072,3,-0.169,-0.097,0.33,215,33.4,402,62.4,128,22.3,DIFÍCIL,-0.266,negativa,31.7,65.5,21.8
1008,MANAUS,AV MAX TEIXEIRA,DIFÍCIL,#E74C3C,-3.12469,-60.02837,3,-0.201,-0.104,0.3,180,30.2,394,66.1,120,21.5,DIFÍCIL,-0.305,negativa,28.7,69.4,21.1
1009,MANAUS,"RUA 77, N 23, CIDADE NOVA",DIFÍCIL,#E74C3C,-3.12143,-60.02142,3,-0.169,-0.076,0.33,207,33.4,386,62.4,134,24.4,DIFÍCIL,-0.244,negativa,31.8,65.5,23.9
1011,MANAUS,RUA ROSA DE MAIO,DIFÍCIL,#E74C3C,-3.1202,-60.02117,3,-0.155,-0.082,0.35,204,34.9,354,60.5,122,23.7,DIFÍCIL,-0.236,negativa,33.1,63.5,23.3
1012,MANAUS,AV TIMBIRAS,DIFÍCIL,#E74C3C,-3.12866,-60.0403,3,-0.175,-0.099,0.33,214,32.8,412,63.2,128,22.0,DIFÍCIL,-0.274,negativa,31.2,66.3,21.6
1013,MANAUS,"RUA CRATO, 101, CJ CAMPO DOURADO",DIFÍCIL,#E74C3C,-3.12836,-60.0355,3,-0.167,-0.072,0.34,204,33.7,380,62.7,136,24.7,DIFÍCIL,-0.239,negativa,32.0,65.8,24.2
1014,MANAUS,"RUA 34, 34, CJ FRANCISCA MENDES I",DIFÍCIL,#E74C3C,-3.12628,-60.04059,3,-0.186,-0.105,0.32,191,31.7,388,64.3,116,21.4,DIFÍCIL,-0.292,negativa,30.1,67.6,21.0
1015,MANAUS,AV NOEL NUTELS,DIFÍCIL,#E74C3C,-3.11539,-60.04307,3,-0.154,-0.064,0.35,263,34.9,452,60.0,170,25.6,DIFÍCIL,-0.218,negativa,33.2,63.0,25.1
1016,MANAUS,"RUA A, CJ VALE DO SINAI / MANOA",DIFÍCIL,#E74C3C,-3.12551,-60.01682,3,-0.168,-0.102,0.34,194,33.6,366,63.3,113,21.7,DIFÍCIL,-0.27,negativa,31.9,66.5,21.3
1017,MANAUS,AV MAX TEIXEIRA,DIFÍCIL,#E74C3C,-3.1432,-60.03106,3,-0.172,-0.123,0.33,218,33.1,426,64.6,113,19.6,DIFÍCIL,-0.296,negativa,31.4,67.9,19.2
1018,MANAUS,RUA TAMOIOS C/ TIMBIRAS,DIFÍCIL,#E74C3C,-3.11759,-60.01912,3,-0.152,-0.085,0.35,213,35.1,373,61.4,131,23.4,DIFÍCIL,-0.237,negativa,33.3,64.5,23.0
1019,MANAUS,AV MAX TEIXEIRA,DIFÍCIL,#E74C3C,-3.13649,-60.03224,3,-0.154,-0.094,0.35,213,34.9,379,62.1,124,22.5,DIFÍCIL,-0.248,negativa,33.2,65.2,22.1
1022,MANAUS,"RUA SANTOS DIAS, COM NOSSA SENHORA DO PERPÉTUO SOCORRO",BOLSO+EB,#E67E22,-3.12327,-60.02008,3,-0.119,-0.049,0.38,220,38.4,330,57.6,139,27.0,BOLSO+EB,-0.169,negativa,36.5,60.5,26.5
1023,MANAUS,"AV A, CJ FRANCISCA MENDES",DIFÍCIL,#E74C3C,-3.13317,-60.02282,3,-0.189,-0.128,0.31,194,31.4,399,64.7,108,19.1,DIFÍCIL,-0.317,negativa,29.9,67.9,18.8
1024,MANAUS,"AV TIMBIRAS, 177",DIFÍCIL,#E74C3C,-3.11534,-60.02411,3,-0.219,-0.132,0.28,168,28.4,399,67.5,100,18.8,DIFÍCIL,-0.351,negativa,27.0,70.9,18.4
1025,MANAUS,AV MAX TEIXEIRA,DIFÍCIL,#E74C3C,-3.11571,-60.02586,3,-0.177,-0.077,0.33,187,32.6,350,61.0,126,24.2,DIFÍCIL,-0.254,negativa,30.9,64.0,23.7
1026,MANAUS,RUA TAMOIOS C/ TIMBIRAS,DIFÍCIL,#E74C3C,-3.12369,-60.02751,3,-0.149,-0.108,0.35,199,35.5,339,60.4,105,21.2,DIFÍCIL,-0.256,negativa,33.7,63.4,20.7
1027,MANAUS,"RUA 34, 34, CJ FRANCISCA MENDES I",DIFÍCIL,#E74C3C,-3.13862,-60.02205,3,-0.165,-0.088,0.34,194,33.9,358,62.5,118,23.1,DIFÍCIL,-0.253,negativa,32.2,65.6,22.7
1028,MANAUS,RUA TAMOIOS C/ TIMBIRAS,DIFÍCIL,#E74C3C,-3.10368,-60.02336,3,-0.179,-0.121,0.32,237,32.4,469,64.1,122,19.8,DIFÍCIL,-0.301,negativa,30.8,67.3,19.4
1029,MANAUS,"RUA A, CJ VALE DO SINAI / MANOA",DIFÍCIL,#E74C3C,-3.13832,-60.01093,3,-0.118,-0.091,0.39,216,38.6,323,57.7,117,22.8,DIFÍCIL,-0.209,negativa,36.6,60.6,22.4
1030,MANAUS,AV NOEL NUTELS,DIFÍCIL,#E74C3C,-3.13886,-60.01208,3,-0.193,-0.127,0.31,186,31.1,393,65.6,101,19.2,DIFÍCIL,-0.32,negativa,29.5,68.9,18.9
1031,MANAUS,AV MAX TEIXEIRA,DIFÍCIL,#E74C3C,-3.11314,-60.0248,3,-0.138,-0.099,0.37,203,36.5,325,58.5,111,22.0,DIFÍCIL,-0.238,negativa,34.7,61.4,21.5
1032,MANAUS,"RUA CRATO, 101, CJ CAMPO DOURADO",DIFÍCIL,#E74C3C,-3.13669,-60.02948,3,-0.151,-0.082,0.35,208,35.2,350,59.2,121,23.7,DIFÍCIL,-0.233,negativa,33.4,62.2,23.3
1033,MANAUS,"RUA SANTOS DIAS, COM NOSSA SENHORA DO PERPÉTUO SOCORRO",DIFÍCIL,#E74C3C,-3.12188,-60.00921,3,-0.15,-0.096,0.35,194,35.3,333,60.5,109,22.3,DIFÍCIL,-0.247,negativa,33.5,63.6,21.8
1034,MANAUS,"AV TIMBIRAS, 177",DIFÍCIL,#E74C3C,-3.13724,-60.02864,3,-0.162,-0.093,0.34,205,34.1,361,60.1,122,22.6,DIFÍCIL,-0.255,negativa,32.4,63.1,22.2
1035,MANAUS,"RUA A, CJ VALE DO SINAI / MANOA",BOLSO+EB,#E67E22,-3.11947,-60.0218,3,-0.134,-0.028,0.37,195,36.9,307,58.1,137,29.1,BOLSO+EB,-0.162,negativa,35.1,61.1,28.5
1036,MANAUS,"AV TIMBIRAS, 39",DIFÍCIL,#E74C3C,-3.13263,-60.0198,3,-0.146,-0.06,0.36,210,35.7,340,57.8,132,25.9,DIFÍCIL,-0.207,negativa,33.9,60.7,25.4
1037,MANAUS,"RUA 77, NÚCLEO 11",BOLSO+EB,#E67E22,-3.12555,-60.01813,3,-0.094,-0.048,0.41,240,41.0,320,54.6,142,27.2,BOLSO+EB,-0.141,negativa,38.9,57.3,26.6
1038,MANAUS,"RUA 07, MONTE SINAI / MANOA.",BOLSO+EB,#E67E22,-3.11739,-60.02817,3,-0.127,-0.047,0.38,224,37.6,342,57.5,143,27.2,BOLSO+EB,-0.174,negativa,35.8,60.4,26.7
1039,MANAUS,"RUA 16 DE AGOSTO S/N, RIACHO DOCE III. PRÓX. AV. NOEL NUTELS.",DIFÍCIL,#E74C3C,-3.12179,-59.99829,3,-0.121,-0.08,0.38,221,38.2,319,55.2,124,23.9,DIFÍCIL,-0.201,negativa,36.3,57.9,23.4
1040,MANAUS,AV MAX TEIXEIRA,DIFÍCIL,#E74C3C,-3.10111,-60.00454,3,-0.115,-0.082,0.39,220,38.8,310,54.7,119,23.7,DIFÍCIL,-0.197,negativa,36.9,57.4,23.2
1041,MANAUS,"RUA 34, 34, CJ FRANCISCA MENDES I",DIFÍCIL,#E74C3C,-3.12591,-60.00663,3,-0.106,-0.058,0.4,241,39.8,335,55.3,140,26.2,DIFÍCIL,-0.163,negativa,37.8,58.0,25.6
1042,MANAUS,"RUA SANTOS DIAS, COM NOSSA SENHORA DO PERPÉTUO SOCORRO",DIFÍCIL,#E74C3C,-3.13088,-60.03365,3,-0.133,-0.088,0.37,215,37.0,328,56.5,117,23.2,DIFÍCIL,-0.221,negativa,35.2,59.3,22.7
1043,MANAUS,"RUA ADALTO FERNANDES S/N. ANTIGA RUA 04, CONJ. BOAS NOVAS",DIFÍCIL,#E74C3C,-3.14282,-60.02946,3,-0.071,-0.064,0.43,251,43.2,296,50.9,131,25.5,DIFÍCIL,-0.135,negativa,41.0,53.5,25.0
1044,MANAUS,"AV TIMBIRAS, 177",DIFÍCIL,#E74C3C,-3.12778,-60.01693,3,-0.129,-0.098,0.37,227,37.4,350,57.7,119,22.2,DIFÍCIL,-0.227,negativa,35.5,60.5,21.7
1045,MANAUS,"RUA A, CJ VALE DO SINAI / MANOA",DIFÍCIL,#E74C3C,-3.10792,-60.01798,3,-0.138,-0.06,0.36,223,36.5,358,58.6,140,26.0,DIFÍCIL,-0.198,negativa,34.7,61.5,25.5
1046,MANAUS,"RUA SANTOS DIAS, COM NOSSA SENHORA DO PERPÉTUO SOCORRO",DIFÍCIL,#E74C3C,-3.11373,-60.00349,3,-0.13,-0.105,0.37,215,37.3,329,57.1,110,21.4,DIFÍCIL,-0.235,negativa,35.5,60.0,21.0
1047,MANAUS,"RUA 34, 34, CJ FRANCISCA MENDES I",DIFÍCIL,#E74C3C,-3.11932,-60.02152,3,-0.178,-0.128,0.33,205,32.5,383,60.8,107,19.2,DIFÍCIL,-0.305,negativa,30.9,63.8,18.8
1048,MANAUS,"AV TIMBIRAS, 177",DIFÍCIL,#E74C3C,-3.12485,-60.02089,3,-0.129,-0.08,0.37,234,37.4,363,58.1,134,23.9,DIFÍCIL,-0.209,negativa,35.6,61.0,23.4
1049,MANAUS,"RUA SANTOS DIAS, COM NOSSA SENHORA DO PERPÉTUO SOCORRO",DIFÍCIL,#E74C3C,-3.12872,-60.02879,3,-0.086,-0.063,0.42,247,41.7,319,53.9,138,25.6,DIFÍCIL,-0.149,negativa,39.6,56.6,25.1
1050,MANAUS,"RUA 16 DE AGOSTO S/N, RIACHO DOCE III. PRÓX. AV. NOEL NUTELS.",DIFÍCIL,#E74C3C,-3.11274,-60.01576,3,-0.105,-0.055,0.4,226,39.8,327,57.6,137,26.4,DIFÍCIL,-0.161,negativa,37.8,60.4,25.9
1051,MANAUS,"RUA SANTOS DIAS, COM NOSSA SENHORA DO PERPÉTUO SOCORRO",DIFÍCIL,#E74C3C,-3.09659,-60.02791,3,-0.118,-0.056,0.39,236,38.6,332,54.2,142,26.3,DIFÍCIL,-0.174,negativa,36.6,57.0,25.8
1052,MANAUS,"AV TIMBIRAS, 177",DIFÍCIL,#E74C3C,-3.13328,-60.00092,3,-0.076,-0.066,0,263,42.7,310,50.3,135,25.3,DIFÍCIL,-0.143,negativa,40.6,52.8,24.8
1053,MANAUS,"RUA A, CJ VALE DO SINAI / MANOA",DIFÍCIL,#E74C3C,-3.11683,-60.0434,3,-0.101,-0.07,0,240,40.2,323,54.1,136,24.9,DIFÍCIL,-0.171,negativa,38.2,56.8,24.4
1054,MANAUS,"RUA 16 DE AGOSTO S/N, RIACHO DOCE III. PRÓX. AV. NOEL NUTELS.",DIFÍCIL,#E74C3C,-3.11538,-60.03419,3,-0.104,-0.084,0,226,39.9,309,54.6,122,23.5,DIFÍCIL,-0.188,negativa,37.9,57.3,23.0
1055,MANAUS,"RUA A, CJ VALE DO SINAI / MANOA",BOLSO+EB,#E67E22,-3.12944,-60.0442,3,-0.117,-0.046,0,240,38.6,347,55.8,156,27.3,BOLSO+EB,-0.163,negativa,36.7,58.6,26.8
1056,MANAUS,AV MAX TEIXEIRA,DIFÍCIL,#E74C3C,-3.12032,-60.03161,3,-0.029,-0.082,0,316,47.4,317,47.6,143,23.8,DIFÍCIL,-0.11,estável,45.1,50.0,23.3
1057,MANAUS,"RUA 16 DE AGOSTO S/N, RIACHO DOCE III. PRÓX. AV. NOEL NUTELS.",PURO_SWING,#F4D03F,-3.11679,-60.00818,3,-0.048,-0.045,0,268,45.5,285,48.4,148,27.5,PURO_SWING,-0.093,estável,43.2,50.8,26.9
1058,MANAUS,"RUA ADALTO FERNANDES S/N. ANTIGA RUA 04, CONJ. BOAS NOVAS",DIFÍCIL,#E74C3C,-3.13129,-60.03396,3,-0.113,-0.087,0,232,39.0,331,55.6,128,23.3,DIFÍCIL,-0.2,negativa,37.0,58.4,22.8
1059,MANAUS,"RUA 16 DE AGOSTO S/N, RIACHO DOCE III. PRÓX. AV. NOEL NUTELS.",BOLSO+EB,#E67E22,-3.1255,-60.03022,3,-0.053,-0.044,0,275,45.0,317,51.9,157,27.5,BOLSO+EB,-0.097,negativa,42.8,54.5,27.0
1060,MANAUS,"RUA ADALTO FERNANDES S/N. ANTIGA RUA 04, CONJ. BOAS NOVAS",DIFÍCIL,#E74C3C,-3.11872,-60.02176,3,-0.123,-0.111,0,231,38.1,346,57.0,115,20.8,DIFÍCIL,-0.234,negativa,36.2,59.9,20.4
1061,MANAUS,"RUA 16 DE AGOSTO S/N, RIACHO DOCE III. PRÓX. AV. NOEL NUTELS.",BOLSO+EB,#E67E22,-3.13108,-60.02726,3,-0.108,-0.024,0,232,39.5,332,56.6,156,29.5,BOLSO+EB,-0.132,negativa,37.5,59.4,28.9
1062,MANAUS,"RUA 16 DE AGOSTO S/N, RIACHO DOCE III. PRÓX. AV. NOEL NUTELS.",DIFÍCIL,#E74C3C,-3.12827,-60.03355,3,-0.076,-0.086,0,233,42.7,284,52.0,117,23.3,DIFÍCIL,-0.163,negativa,40.5,54.6,22.8
1063,MANAUS,"RUA 16 DE AGOSTO S/N, RIACHO DOCE III. PRÓX. AV. NOEL NUTELS.",DIFÍCIL,#E74C3C,-3.1343,-60.00836,3,-0.033,-0.081,0,156,47.0,160,48.2,73,23.9,DIFÍCIL,-0.114,estável,44.6,50.6,23.4
1,MANICORÉ,PRACA DA BANDEIRA SN,PURO_SWING,#F4D03F,-5.78081,-61.33423,6,0.18,-0.021,0,224,68.3,90,27.4,94,29.8,PURO_SWING,0.159,positiva,64.9,28.8,29.2
2,MANICORÉ,PRACA DA BANDEIRA SN,LULA+EB,#27AE60,-5.81557,-61.29842,6,0.205,0.029,0,238,70.8,87,25.9,113,34.9,LULA+EB,0.235,positiva,67.3,27.2,34.2
3,MANICORÉ,PRACA DA BANDEIRA SN,PURO_SWING,#F4D03F,-5.81812,-61.29249,6,0.179,-0.029,0,221,68.2,95,29.3,91,29.0,PURO_SWING,0.149,positiva,64.8,30.8,28.4
4,MANICORÉ,PRACA DA BANDEIRA SN,LULA+EB,#27AE60,-5.80763,-61.30106,6,0.19,0.044,0,265,69.4,103,27.0,133,36.3,LULA+EB,0.235,positiva,65.9,28.3,35.6
5,MANICORÉ,PRACA DA BANDEIRA SN,PURO_SWING,#F4D03F,-5.79338,-61.27581,6,0.19,-0.027,0,235,69.3,87,25.7,93,29.2,PURO_SWING,0.163,positiva,65.9,26.9,28.7
6,MANICORÉ,PRACA RUY ARAUJO S/N,LULA+EB,#27AE60,-5.79775,-61.29324,6,0.24,-0.019,0,312,74.3,90,21.4,121,30.0,LULA+EB,0.221,positiva,70.6,22.5,29.4
7,MANICORÉ,PRACA RUY ARAUJO S/N,PURO_SWING,#F4D03F,-5.86023,-61.28893,6,0.227,-0.044,0,314,73.0,101,23.5,114,27.5,PURO_SWING,0.183,positiva,69.4,24.7,27.0
8,MANICORÉ,PRACA RUY ARAUJO S/N,LULA+EB,#27AE60,-5.76874,-61.32424,6,0.228,0.058,0,300,73.2,94,22.9,150,37.7,LULA+EB,0.286,positiva,69.5,24.1,36.9
9,MANICORÉ,PRACA RUY ARAUJO S/N,LULA+EB,#27AE60,-5.84353,-61.27303,6,0.219,-0.015,0,299,72.2,99,23.9,124,30.5,LULA+EB,0.204,positiva,68.6,25.1,29.9
10,MANICORÉ,PRACA RUY ARAUJO S/N,LULA+EB,#27AE60,-5.79101,-61.31838,6,0.196,0.014,0,288,69.9,110,26.7,134,33.3,LULA+EB,0.21,positiva,66.4,28.0,32.7
11,MANICORÉ,PRACA RUY ARAUJO S/N,LULA+EB,#27AE60,-5.82276,-61.33898,6,0.236,0.002,0,301,74.0,92,22.6,127,32.2,LULA+EB,0.239,positiva,70.3,23.7,31.5
12,MANICORÉ,PRACA CORONEL SA  S/N,PURO_SWING,#F4D03F,-5.83383,-61.34137,6,0.13,-0.039,0,330,63.3,167,32.1,142,28.1,PURO_SWING,0.092,positiva,60.2,33.7,27.5
13,MANICORÉ,PRACA CORONEL SA  S/N,PURO_SWING,#F4D03F,-5.8332,-61.29376,6,0.184,-0.043,0,352,68.8,138,27.0,136,27.6,PURO_SWING,0.141,positiva,65.3,28.3,27.0
14,MANICORÉ,PRACA CORONEL SA  S/N,LULA+EB,#27AE60,-5.82876,-61.32893,6,0.165,-0.017,0,345,66.9,150,29.1,151,30.2,LULA+EB,0.148,positiva,63.5,30.5,29.6
15,MANICORÉ,R FLORIANO PEIXOTO SN,PURO_SWING,#F4D03F,-5.86473,-61.30721,6,0.23,-0.035,0,311,73.3,95,22.4,117,28.5,PURO_SWING,0.196,positiva,69.7,23.5,27.9
16,MANICORÉ,R FLORIANO PEIXOTO SN,LULA+EB,#27AE60,-5.80538,-61.32304,6,0.287,-0.005,0,328,79.0,69,16.6,125,31.4,LULA+EB,0.282,positiva,75.1,17.5,30.8
17,MANICORÉ,TRAVESSA PEDRO TINOCO  SN,PURO_SWING,#F4D03F,-5.84085,-61.2942,6,0.132,-0.043,0,260,63.6,135,33.0,109,27.6,PURO_SWING,0.089,positiva,60.4,34.7,27.0
18,MANICORÉ,TRAVESSA PEDRO TINOCO  SN,LULA+EB,#27AE60,-5.80103,-61.30811,6,0.221,0.024,0,276,72.4,93,24.4,126,34.3,LULA+EB,0.245,positiva,68.8,25.6,33.6
19,MANICORÉ,DEMOCRACIA   SN,DIFÍCIL,#E74C3C,-5.8437,-61.29946,6,0.347,-0.108,0,515,85.0,79,13.0,124,21.2,DIFÍCIL,0.239,positiva,80.7,13.7,20.7
21,MANICORÉ,COMUNIDADE NAZARE DO CAPANANZINHO,DIFÍCIL,#E74C3C,-5.80263,-61.28502,6,0.271,-0.114,0,349,77.4,98,21.7,89,20.5,DIFÍCIL,0.156,positiva,73.5,22.8,20.1
22,MANICORÉ,COMUNIDADE NAZARE DO CAPANANZINHO,DIFÍCIL,#E74C3C,-5.77689,-61.30452,6,0.282,-0.11,0,369,78.5,98,20.9,95,20.9,DIFÍCIL,0.172,positiva,74.6,21.9,20.5
23,MANICORÉ,COMUNIDADE PONTA DO CAMPO - LG CAPANA GRANDE,LULA+EB,#27AE60,-5.83824,-61.26609,6,0.416,-0.002,0,352,91.9,26,6.8,119,31.7,LULA+EB,0.414,positiva,87.3,7.1,31.1
24,MANICORÉ,COMUNIDADE PONTA DO CAMPO - LG CAPANA GRANDE,LULA+EB,#27AE60,-5.79741,-61.33333,6,0.437,0.056,0,406,94.0,16,3.7,156,37.5,LULA+EB,0.492,positiva,89.3,3.9,36.8
25,MANICORÉ,MARMELOS  SN,LULA+EB,#27AE60,-5.83279,-61.32872,6,0.382,0.273,0,338,88.5,33,8.6,218,59.2,LULA+EB,0.655,positiva,84.1,9.1,58.1
26,MANICORÉ,MARMELOS  SN,LULA+EB,#27AE60,-5.82488,-61.32162,6,0.338,0.196,0,318,84.1,50,13.2,188,51.5,LULA+EB,0.534,positiva,79.9,13.9,50.5
27,MANICORÉ,COMUNIDADE DE VERDUM MARGEM ESQ DO RIO MADEIRA,LULA+EB,#27AE60,-5.81708,-61.32284,6,0.233,0.105,0,318,73.6,105,24.3,180,42.5,LULA+EB,0.338,positiva,69.9,25.5,41.6
28,MANICORÉ,COMUNIDADE DE VERDUM MARGEM ESQ DO RIO MADEIRA,LULA+EB,#27AE60,-5.84405,-61.26092,6,0.237,0.18,0,322,74.0,107,24.6,212,49.9,LULA+EB,0.417,positiva,70.3,25.8,48.9
29,MANICORÉ,COMUNIDADE DE CACHOEIRINHA MARGEM ESQ DO RIO MADEIRA,LULA+EB,#27AE60,-5.78433,-61.34014,6,0.306,0.015,0,212,80.9,37,14.1,86,33.5,LULA+EB,0.321,positiva,76.9,14.8,32.8
30,MANICORÉ,COMUNIDADE DE CACHOEIRINHA MARGEM ESQ DO RIO MADEIRA,LULA+EB,#27AE60,-5.81387,-61.28988,6,0.306,0.046,0,463,80.9,80,14.0,203,36.6,LULA+EB,0.353,positiva,76.9,14.7,35.8
31,MANICORÉ,BARRO ALTO SN,PURO_SWING,#F4D03F,-5.80948,-61.29823,6,0.353,-0.035,0,352,85.6,57,13.9,116,28.4,PURO_SWING,0.318,positiva,81.4,14.6,27.9
32,MANICORÉ,COMUNIDADE DE CONCEICAO DO URUA MARGEM DIREITA MADEIRA,DIFÍCIL,#E74C3C,-5.82104,-61.29037,6,0.225,-0.073,0,389,72.8,124,23.2,129,24.7,DIFÍCIL,0.153,positiva,69.2,24.4,24.2
33,MANICORÉ,COM SAO  VICENTE SN,LULA+EB,#27AE60,-5.79899,-61.2784,6,0.311,0.178,0,162,81.4,28,14.1,98,49.7,LULA+EB,0.489,positiva,77.3,14.8,48.8
34,MANICORÉ,MARGEM ESQUERDA DO RIO MADEIRA  COMUNIDADE A. AZUL S/N,LULA+EB,#27AE60,-5.81087,-61.30455,6,0.259,-0.014,0,202,76.2,58,21.9,79,30.5,LULA+EB,0.245,positiva,72.4,23.0,29.9
35,MANICORÉ,COMUNIDADE DE BIRIBA MARGEM ESQ DO RIO MATAURA,PURO_SWING,#F4D03F,-5.80094,-61.32541,6,0.362,-0.04,0,307,86.5,33,9.3,94,27.9,PURO_SWING,0.321,positiva,82.2,9.8,27.3
36,MANICORÉ,R FLORIANO PEIXOTO SN,LULA+EB,#27AE60,-5.8196,-61.32033,6,0.269,0.023,0,319,77.2,83,20.1,134,34.3,LULA+EB,0.293,positiva,73.4,21.1,33.6
37,MANICORÉ,BARRO ALTO SN,LULA+EB,#27AE60,-5.824,-61.34315,6,0.353,0.011,0,362,85.6,56,13.2,137,33.0,LULA+EB,0.363,positiva,81.3,13.9,32.4
39,MANICORÉ,TRAVESSA PEDRO TINOCO  SN,DIFÍCIL,#E74C3C,-5.80438,-61.27415,6,0.077,-0.059,0,241,58.1,157,37.8,105,26.0,DIFÍCIL,0.018,positiva,55.2,39.7,25.5
40,MANICORÉ,PRACA RUY ARAUJO S/N,PURO_SWING,#F4D03F,-5.81197,-61.30255,6,0.219,-0.039,0,310,72.3,109,25.4,118,28.0,PURO_SWING,0.18,positiva,68.6,26.7,27.5
42,MANICORÉ,PRACA CORONEL SA  S/N,DIFÍCIL,#E74C3C,-5.8181,-61.2495,6,0.154,-0.055,0,345,65.7,168,32.0,134,26.4,DIFÍCIL,0.099,positiva,62.4,33.6,25.9
44,MANICORÉ,MARGEM DIREITA DO RIO MADEIRA          COM ATININGA,LULA+EB,#27AE60,-5.79742,-61.29473,6,0.307,-0.016,0,423,81.0,86,16.5,156,30.3,LULA+EB,0.291,positiva,77.0,17.3,29.7
45,MANICORÉ,MARGEM ESQUERDA DO RIO MADEIRA  COMUNIDADE A. AZUL S/N,PURO_SWING,#F4D03F,-5.82106,-61.29744,6,0.257,-0.03,0,460,76.0,125,20.7,169,28.9,PURO_SWING,0.227,positiva,72.2,21.7,28.3
46,MANICORÉ,PRACA RUY ARAUJO S/N,LULA+EB,#27AE60,-5.84762,-61.27695,6,0.173,0.009,0,298,67.6,120,27.2,142,32.8,LULA+EB,0.181,positiva,64.2,28.6,32.1
47,MANICORÉ,PRACA RUY ARAUJO S/N,LULA+EB,#27AE60,-5.79746,-61.28144,6,0.203,-0.008,0,289,70.7,104,25.4,124,31.2,LULA+EB,0.196,positiva,67.1,26.7,30.5
48,MANICORÉ,"RUA JOSÉ DIONISIO DA CUNHA, S/N",LULA+EB,#27AE60,-5.79405,-61.29309,6,0.298,0.033,0,390,80.1,86,17.7,170,35.3,LULA+EB,0.331,positiva,76.1,18.5,34.6
49,MANICORÉ,COMUNIDADE NAZARE DO CAPANANZINHO,PURO_SWING,#F4D03F,-5.80864,-61.25642,6,0.314,-0.048,0,366,81.7,78,17.4,118,27.1,PURO_SWING,0.266,positiva,77.6,18.3,26.6
50,MANICORÉ,COM BARREIRA DO CAPANA MARGEM ESQ RIO MADEIRA,PURO_SWING,#F4D03F,-5.83474,-61.29946,6,0.332,-0.037,0,208,83.5,34,13.7,70,28.2,PURO_SWING,0.295,positiva,79.4,14.3,27.7
52,MANICORÉ,"COMUNIDADE DE JENIPAPO I, MARGEM DIREITO DO RIO MADEIRA",LULA+EB,#27AE60,-5.82389,-61.30912,6,0.154,0.076,0,209,65.7,95,29.9,124,39.5,LULA+EB,0.23,positiva,62.4,31.4,38.7
53,MANICORÉ,COMUNIDADE LIBERDADE    ILHA DAS ONCAS     SN,DIFÍCIL,#E74C3C,-5.77593,-61.29402,6,-0.216,-0.193,0,135,28.7,330,70.2,58,12.7,DIFÍCIL,-0.409,negativa,27.3,73.7,12.4
54,MANICORÉ,COM SAO JOSE DO CUMA   LAGO CAPANA GRANDE SN,LULA+EB,#27AE60,-5.79841,-61.30515,6,0.423,0.026,0,379,92.7,17,4.2,139,34.6,LULA+EB,0.45,positiva,88.0,4.4,33.9
55,MANICORÉ,COMUNIDADE DE BOA FE   RIO MADEIRA,PURO_SWING,#F4D03F,-5.8062,-61.30152,6,0.359,-0.033,0,389,86.3,54,12.0,123,28.7,PURO_SWING,0.327,positiva,81.9,12.6,28.1
56,MANICORÉ,PRACA RUY ARAUJO S/N,LULA+EB,#27AE60,-5.81308,-61.30515,6,0.246,0.066,0,334,74.9,102,22.9,161,38.5,LULA+EB,0.312,positiva,71.1,24.0,37.7
57,MANICORÉ,COMUNIDADE LAGO DO ACARA   MARGEM ESQ RIO MADEIRA,LULA+EB,#27AE60,-5.80548,-61.2891,6,0.406,0.349,0,379,90.9,32,7.7,268,66.8,LULA+EB,0.755,positiva,86.3,8.1,65.5
58,MANICORÉ,COM. DE ESPERANCA  MARGEM DIREITA DO RIO MANICORE,LULA+EB,#27AE60,-5.81325,-61.31515,6,0.265,-0.01,0,268,76.8,65,18.6,105,31.0,LULA+EB,0.255,positiva,73.0,19.6,30.4
59,MANICORÉ,DEMOCRACIA   SN,DIFÍCIL,#E74C3C,-5.83521,-61.35056,6,0.361,-0.133,0,568,86.5,82,12.5,119,18.7,DIFÍCIL,0.229,positiva,82.1,13.1,18.3
61,MANICORÉ,COMUNIDADE DE VERDUM MARGEM ESQ DO RIO MADEIRA,LULA+EB,#27AE60,-5.83172,-61.35124,6,0.273,0.067,0,323,77.6,79,19.0,157,38.7,LULA+EB,0.341,positiva,73.8,19.9,37.9
62,MANICORÉ,COM DE NAZARE DO RETIRO  MARGEM ESQ. RIO MADEIRA SN,LULA+EB,#27AE60,-5.83788,-61.3305,6,0.438,0.096,0,400,94.1,22,5.2,168,41.5,LULA+EB,0.533,positiva,89.4,5.4,40.7
63,MANICORÉ,COM. DE BAETAS MARGEM ESQ. RIO MADEIRA,DIFÍCIL,#E74C3C,-5.81704,-61.30688,6,0.317,-0.05,0,137,82.0,25,15.0,42,26.9,DIFÍCIL,0.267,positiva,77.9,15.7,26.4
64,MANICORÉ,COMUNIDADE DE BIRIBA MARGEM ESQ DO RIO MATAURA,PURO_SWING,#F4D03F,-5.80505,-61.28274,6,0.404,-0.024,0,352,90.7,18,4.6,114,29.5,PURO_SWING,0.38,positiva,86.2,4.9,28.9
65,MANICORÉ,R FLORIANO PEIXOTO SN,LULA+EB,#27AE60,-5.84094,-61.25879,6,0.285,-0.008,0,316,78.8,72,18.0,121,31.1,LULA+EB,0.277,positiva,74.9,18.9,30.5
66,MANICORÉ,AVENIDA ANTONIO JOSE FERREIRA S/N,LULA+EB,#27AE60,-5.83763,-61.3219,6,0.217,0.001,0,443,72.0,155,25.2,192,32.1,LULA+EB,0.218,positiva,68.4,26.5,31.4
67,MANICORÉ,TRAVESSA PEDRO TINOCO  SN,DIFÍCIL,#E74C3C,-5.76353,-61.28227,6,0.116,-0.051,0,242,61.9,132,33.8,101,26.9,DIFÍCIL,0.065,positiva,58.8,35.4,26.3
68,MANICORÉ,TRAVESSA PEDRO TINOCO SN,PURO_SWING,#F4D03F,-5.80621,-61.30195,6,0.117,-0.03,0,369,62.0,214,36.0,164,28.9,PURO_SWING,0.087,positiva,58.9,37.8,28.3
69,MANICORÉ,ESTRADA DO ATININGA SN,LULA+EB,#27AE60,-5.76046,-61.31629,6,0.241,0.024,0,471,74.4,140,22.1,204,34.3,LULA+EB,0.265,positiva,70.7,23.2,33.7
70,MANICORÉ,COMUNIDADE DE FORATALEZA MARGEM DIR DO RIO MADEIRA,DIFÍCIL,#E74C3C,-5.76977,-61.3099,6,0.316,-0.069,0,109,82.0,21,15.8,33,25.0,DIFÍCIL,0.247,positiva,77.9,16.6,24.5
71,MANICORÉ,COMUNIDADE SANTO ANTONIO DO MATURI BR 230 TRANSAMAZONICA,DIFÍCIL,#E74C3C,-5.80813,-61.29189,6,-0.346,-0.264,0,87,15.7,457,82.5,28,5.5,DIFÍCIL,-0.611,negativa,14.9,86.6,5.4
72,MANICORÉ,COMUNIDADE SANTO ANTONIO DO MATURI BR 230 TRANSAMAZONICA,DIFÍCIL,#E74C3C,-5.8156,-61.28823,6,-0.395,-0.277,0,66,10.8,530,87.0,24,4.3,DIFÍCIL,-0.671,negativa,10.3,91.4,4.2
73,MANICORÉ,MARGEM ESQUERDA DO RIO MADEIRA BOCA DO JAUARY,DIFÍCIL,#E74C3C,-5.81504,-61.26924,6,0.412,-0.103,0,258,91.5,13,4.6,58,21.6,DIFÍCIL,0.309,positiva,86.9,4.8,21.2
74,MANICORÉ,AVENIDA ANTONIO JOSE FERREIRA S/N,LULA+EB,#27AE60,-5.79729,-61.3085,6,0.19,-0.013,0,431,69.3,173,27.8,184,30.7,LULA+EB,0.177,positiva,65.8,29.2,30.1
75,MANICORÉ,TRAVESSA PEDRO TINOCO SN,DIFÍCIL,#E74C3C,-5.82389,-61.29677,6,0.101,-0.076,0,370,60.5,229,37.4,142,24.4,DIFÍCIL,0.026,positiva,57.4,39.3,23.9
76,MANICORÉ,COMUNIDADE SANTO ANTONIO DO MATURI BR 230 TRANSAMAZONICA,DIFÍCIL,#E74C3C,-5.78344,-61.29112,6,-0.394,-0.25,0,66,11.0,531,88.2,38,6.9,DIFÍCIL,-0.644,negativa,10.4,92.6,6.8
77,MANICORÉ,ESTRADA DO ATININGA SN,LULA+EB,#27AE60,-5.80202,-61.29111,6,0.23,0.038,0,471,73.4,157,24.5,220,35.7,LULA+EB,0.268,positiva,69.7,25.7,35.0
79,MANICORÉ,PRACA CORONEL SA  S/N,PURO_SWING,#F4D03F,-5.81288,-61.30103,6,0.178,-0.036,0,321,68.2,126,26.8,131,28.3,PURO_SWING,0.142,positiva,64.7,28.1,27.7
80,MANICORÉ,AVENIDA ANTONIO JOSE FERREIRA S/N,LULA+EB,#27AE60,-5.82435,-61.30823,6,0.168,-0.004,0,406,67.1,188,31.1,182,31.5,LULA+EB,0.163,positiva,63.8,32.6,30.9
81,MANICORÉ,TRAVESSA PEDRO TINOCO SN,PURO_SWING,#F4D03F,-5.81309,-61.30908,6,0.121,-0.036,0,372,62.4,210,35.2,163,28.3,PURO_SWING,0.085,positiva,59.3,37.0,27.7
82,MANICORÉ,AVENIDA AMAZONAS S/N,PURO_SWING,#F4D03F,-5.82071,-61.28732,6,0.148,-0.029,0,351,65.1,172,31.9,151,29.0,PURO_SWING,0.119,positiva,61.9,33.5,28.4
83,MANICORÉ,"RUA JOSÉ DIONISIO DA CUNHA, S/N",LULA+EB,#27AE60,-5.82743,-61.35245,6,0.296,0.031,0,393,79.9,86,17.5,164,35.0,LULA+EB,0.327,positiva,75.9,18.4,34.3
84,MANICORÉ,COMUNIDADE BARREIRA DO MATUPIRI - MARGEM ESQUERDA DO RIO MADEIRA,LULA+EB,#27AE60,-5.81191,-61.30274,6,0.304,0.278,0,251,80.7,56,18.0,178,59.7,LULA+EB,0.582,positiva,76.7,18.9,58.5
85,MANICORÉ,COMUNIDADE SANTO ANTONIO DO MATURI BR 230 TRANSAMAZONICA,DIFÍCIL,#E74C3C,-5.81755,-61.34709,6,-0.377,-0.256,0,78,12.6,536,86.7,36,6.3,DIFÍCIL,-0.633,negativa,12.0,91.1,6.2
86,MANICORÉ,COMUNIDADE SANTO ANTONIO DO MATURI BR 230 TRANSAMAZONICA,DIFÍCIL,#E74C3C,-5.80076,-61.30906,6,-0.352,-0.266,0,94,15.1,521,83.8,30,5.3,DIFÍCIL,-0.618,negativa,14.4,88.0,5.2
87,MANICORÉ,COMUNIDADE SANTO ANTONIO DO MATURI BR 230 TRANSAMAZONICA,DIFÍCIL,#E74C3C,-5.7743,-61.33553,6,-0.365,-0.246,0,87,13.8,529,84.0,42,7.3,DIFÍCIL,-0.612,negativa,13.1,88.2,7.1
88,MANICORÉ,AVENIDA ANTONIO JOSE FERREIRA S/N,LULA+EB,#27AE60,-5.83207,-61.2869,6,0.172,-0.006,0,429,67.6,184,29.0,193,31.3,LULA+EB,0.166,positiva,64.2,30.4,30.7
89,MANICORÉ,PRACA RUY ARAUJO S/N,LULA+EB,#27AE60,-5.76021,-61.31159,6,0.158,0.032,0,303,66.2,139,30.3,154,35.2,LULA+EB,0.191,positiva,62.8,31.9,34.5
90,MANICORÉ,COMUNIDADE SANTO ANTONIO DO MATURI BR 230 TRANSAMAZONICA,DIFÍCIL,#E74C3C,-5.80522,-61.31688,6,-0.377,-0.271,0,80,12.6,541,85.1,28,4.8,DIFÍCIL,-0.649,negativa,11.9,89.3,4.7
91,MANICORÉ,COMUNIDADE INDIGENA CAMPINHO - HU -  KM 135 - BR 230 TRANSAMAZÔNICA,LULA+EB,#27AE60,-5.76632,-61.30867,6,0.354,0.066,0,325,85.8,52,13.7,142,38.5,LULA+EB,0.42,positiva,81.5,14.4,37.7
92,MANICORÉ,PRACA RUY ARAUJO S/N,LULA+EB,#27AE60,-5.81991,-61.35152,6,0.17,-0.008,0,289,67.4,122,28.4,129,31.1,LULA+EB,0.162,positiva,64.0,29.9,30.5
93,MANICORÉ,ESTRADA DO ATININGA SN,LULA+EB,#27AE60,-5.81339,-61.25506,6,0.234,0.06,0,473,73.7,156,24.3,237,37.9,LULA+EB,0.293,positiva,70.0,25.5,37.2
95,MANICORÉ,RUA MARECHAL DEODORO  SN,LULA+EB,#27AE60,-5.83952,-61.28143,6,0.261,0.033,0,403,76.5,106,20.1,180,35.2,LULA+EB,0.294,positiva,72.6,21.1,34.5
103,MANICORÉ,TRAVESSA PEDRO TINOCO SN,LULA+EB,#27AE60,-5.80878,-61.31224,6,0.148,-0.005,0,390,65.1,189,31.6,183,31.4,LULA+EB,0.142,positiva,61.9,33.1,30.8
104,MANICORÉ,PRACA CORONEL SA  S/N,DIFÍCIL,#E74C3C,-5.81198,-61.33551,6,0.148,-0.064,0,303,65.2,149,32.0,115,25.6,DIFÍCIL,0.085,positiva,61.9,33.6,25.0
105,MANICORÉ,R FLORIANO PEIXOTO SN,LULA+EB,#27AE60,-5.81939,-61.28734,6,0.244,-0.002,0,302,74.8,95,23.5,124,31.7,LULA+EB,0.242,positiva,71.0,24.7,31.1
106,MANICORÉ,AVENIDA ANTONIO JOSE FERREIRA S/N,LULA+EB,#27AE60,-5.78808,-61.31625,6,0.171,-0.01,0,426,67.4,195,30.9,190,30.9,LULA+EB,0.161,positiva,64.0,32.4,30.3
107,MANICORÉ,ILHA DAS ONCA SN,LULA+EB,#27AE60,-5.79127,-61.29376,6,0.38,0.148,0,395,88.4,47,10.5,201,46.7,LULA+EB,0.529,positiva,83.9,11.0,45.8
108,MANICORÉ,AVENIDA AMAZONAS S/N,PURO_SWING,#F4D03F,-5.80387,-61.35083,6,0.145,-0.044,0,349,64.9,163,30.3,145,27.6,PURO_SWING,0.102,positiva,61.6,31.8,27.0
109,MANICORÉ,ESTRADA DO ATININGA SN,LULA+EB,#27AE60,-5.80543,-61.32575,6,0.249,0.073,0,446,75.2,135,22.8,225,39.2,LULA+EB,0.322,positiva,71.5,23.9,38.4
110,MANICORÉ,TRAVESSA PEDRO TINOCO SN,DIFÍCIL,#E74C3C,-5.77776,-61.32582,6,0.095,-0.056,0,328,59.9,199,36.3,141,26.4,DIFÍCIL,0.04,positiva,56.9,38.1,25.8
111,MANICORÉ,RUA MARECHAL DEODORO  SN,LULA+EB,#27AE60,-5.81326,-61.3005,6,0.263,0.06,0,276,76.7,74,20.6,134,38.0,LULA+EB,0.324,positiva,72.8,21.6,37.2
112,MANICORÉ,AVENIDA AMAZONAS S/N,DIFÍCIL,#E74C3C,-5.81434,-61.29337,6,0.131,-0.083,0,290,63.5,153,33.5,105,23.6,DIFÍCIL,0.049,positiva,60.3,35.2,23.2
113,MANICORÉ,COMUNIDADE SANTO ANTONIO DO MATURI BR 230 TRANSAMAZONICA,DIFÍCIL,#E74C3C,-5.84423,-61.34121,6,-0.389,-0.274,0,69,11.4,531,87.8,26,4.5,DIFÍCIL,-0.663,negativa,10.8,92.2,4.4
114,MANICORÉ,COMUNIDADE SANTO ANTONIO DO MATURI BR 230 TRANSAMAZONICA,DIFÍCIL,#E74C3C,-5.7892,-61.30584,6,-0.376,-0.251,0,76,12.8,518,86.9,38,6.8,DIFÍCIL,-0.627,negativa,12.1,91.3,6.6
115,MANICORÉ,COMUNIDADE SANTO ANTONIO DO MATURI BR 230 TRANSAMAZONICA,DIFÍCIL,#E74C3C,-5.79652,-61.30678,6,-0.375,-0.278,0,78,12.8,527,86.7,23,4.1,DIFÍCIL,-0.653,negativa,12.2,91.0,4.0
116,MANICORÉ,COMUNIDADE SANTO ANTONIO DO MATURI BR 230 TRANSAMAZONICA,DIFÍCIL,#E74C3C,-5.80004,-61.29543,6,-0.401,-0.266,0,56,10.2,489,89.1,27,5.4,DIFÍCIL,-0.667,negativa,9.7,93.5,5.2
117,MANICORÉ,COMUNIDADE SANTO ANTONIO DO MATURI BR 230 TRANSAMAZONICA,DIFÍCIL,#E74C3C,-5.81728,-61.30039,6,-0.4,-0.27,0,56,10.4,479,88.7,24,5.0,DIFÍCIL,-0.669,negativa,9.9,93.1,4.9
1,MARAÃ,AV. 07 DE MAIO S/N,LULA+EB,#27AE60,-1.59379,-62.11751,6,0.187,0.041,0,358,69.0,146,28.1,181,36.1,LULA+EB,0.228,positiva,65.5,29.5,35.3
2,MARAÃ,RUA 1,LULA+EB,#27AE60,-1.62804,-62.152,6,0.25,0.047,0,336,75.3,95,21.3,154,36.6,LULA+EB,0.297,positiva,71.6,22.4,35.8
3,MARAÃ,RUA 1,LULA+EB,#27AE60,-1.58945,-62.16584,6,0.199,0.018,0,321,70.2,122,26.7,146,33.7,LULA+EB,0.217,positiva,66.7,28.0,33.0
4,MARAÃ,AV. 07 DE MAIO S/N,LULA+EB,#27AE60,-1.61299,-62.12779,6,0.173,-0.01,0,351,67.6,157,30.3,157,30.9,LULA+EB,0.163,positiva,64.2,31.8,30.3
5,MARAÃ,AV. 07 DE MAIO S/N,LULA+EB,#27AE60,-1.57588,-62.16316,6,0.185,0.004,0,353,68.8,145,28.3,161,32.3,LULA+EB,0.189,positiva,65.4,29.7,31.7
6,MARAÃ,COM.  SAO FRANCISCO DO CAPIVARA ZONA RURAL,LULA+EB,#27AE60,-1.63244,-62.14453,6,0.292,-0.014,0,364,79.5,86,18.8,133,30.6,LULA+EB,0.278,positiva,75.5,19.7,30.0
8,MARAÃ,COM.  SAO FRANCISCO DO CAPIVARA ZONA RURAL,LULA+EB,#27AE60,-1.59237,-62.16274,6,0.341,-0.019,0,369,84.4,65,14.9,126,30.1,LULA+EB,0.323,positiva,80.2,15.6,29.5
9,MARAÃ,"COM.  FRANCISCO DO CAPIVARA, RIO SOLIMOES ZONA RURAL",LULA+EB,#27AE60,-1.59421,-62.15794,6,0.323,-0.019,0,319,82.6,65,16.8,114,30.0,LULA+EB,0.304,positiva,78.5,17.7,29.4
10,MARAÃ,AV 07 DE MAIO  SN,LULA+EB,#27AE60,-1.55191,-62.13549,6,0.216,0.022,0,295,72.0,107,26.1,135,34.2,LULA+EB,0.239,positiva,68.4,27.4,33.5
11,MARAÃ,AV 07 DE MAIO  SN,LULA+EB,#27AE60,-1.62931,-62.14639,6,0.218,0.027,0,324,72.2,112,24.9,148,34.6,LULA+EB,0.245,positiva,68.6,26.2,33.9
12,MARAÃ,AV 07 DE MAIO  SN,LULA+EB,#27AE60,-1.58954,-62.16086,6,0.176,-0.003,0,275,67.9,119,29.4,124,31.6,LULA+EB,0.173,positiva,64.5,30.9,31.0
13,MARAÃ,AV 07 DE MAIO  SN,LULA+EB,#27AE60,-1.58922,-62.16447,6,0.236,0.042,0,326,73.9,108,24.5,152,36.1,LULA+EB,0.278,positiva,70.2,25.7,35.4
14,MARAÃ,RUA 1,LULA+EB,#27AE60,-1.56649,-62.18363,6,0.222,0.006,0,328,72.6,111,24.6,142,32.6,LULA+EB,0.229,positiva,68.9,25.8,31.9
15,MARAÃ,AV 07 DE MAIO  SN,LULA+EB,#27AE60,-1.56053,-62.18023,6,0.213,-0.008,0,326,71.6,120,26.4,137,31.1,LULA+EB,0.205,positiva,68.1,27.7,30.5
17,MARAÃ,AV. 07 DE MAIO S/N,LULA+EB,#27AE60,-1.58542,-62.1664,6,0.186,0.045,0,361,68.9,149,28.4,186,36.4,LULA+EB,0.23,positiva,65.4,29.9,35.7
18,MARAÃ,AV 07 DE MAIO  SN,LULA+EB,#27AE60,-1.57003,-62.17607,6,0.153,0.007,0,275,65.6,136,32.5,131,32.7,LULA+EB,0.16,positiva,62.4,34.1,32.0
19,MARAÃ,AV. 07 DE MAIO S/N,LULA+EB,#27AE60,-1.60991,-62.1228,6,0.214,0.006,0,394,71.8,145,26.4,171,32.6,LULA+EB,0.221,positiva,68.2,27.7,31.9
20,MARAÃ,AV. 07 DE MAIO S/N,LULA+EB,#27AE60,-1.63298,-62.18125,6,0.128,-0.009,0,342,63.1,183,33.8,163,31.0,LULA+EB,0.118,positiva,59.9,35.5,30.4
21,MARAÃ,RUA 1,LULA+EB,#27AE60,-1.60759,-62.1545,6,0.159,0.088,0,276,66.2,128,30.7,166,40.7,LULA+EB,0.246,positiva,62.9,32.2,39.9
22,MARAÃ,AV. 07 DE MAIO S/N,LULA+EB,#27AE60,-1.59567,-62.16093,6,0.202,0.064,0,351,70.5,138,27.7,183,38.3,LULA+EB,0.265,positiva,67.0,29.1,37.5
23,MARAÃ,AV 07 DE MAIO  SN,LULA+EB,#27AE60,-1.61695,-62.19526,6,0.177,0.053,0,357,68.0,157,29.9,188,37.2,LULA+EB,0.23,positiva,64.6,31.4,36.5
24,MARAÃ,"COM.  FRANCISCO DO CAPIVARA, RIO SOLIMOES ZONA RURAL",LULA+EB,#27AE60,-1.6151,-62.12007,6,0.337,0.018,0,343,84.1,60,14.7,133,33.8,LULA+EB,0.356,positiva,79.9,15.4,33.1
26,MARAÃ,AV 07 DE MAIO  SN,LULA+EB,#27AE60,-1.59885,-62.17203,6,0.182,0.012,0,387,68.5,164,29.0,179,33.1,LULA+EB,0.193,positiva,65.1,30.5,32.4
29,MARAÃ,RUA 1,LULA+EB,#27AE60,-1.59298,-62.16285,6,0.098,0.035,0,238,60.1,150,37.9,136,35.4,LULA+EB,0.133,positiva,57.1,39.8,34.7
1,MAUÉS,AV DR PEREIRA BARRETO 605,PURO_SWING,#F4D03F,-3.35164,-58.75113,6,0.338,-0.029,0,492,84.1,80,13.7,164,29.0,PURO_SWING,0.309,positiva,79.9,14.4,28.4
2,MAUÉS,AV DR PEREIRA BARRETO 605,LULA+EB,#27AE60,-3.39127,-58.73051,6,0.333,-0.001,0,480,83.6,84,14.6,173,31.9,LULA+EB,0.332,positiva,79.4,15.4,31.2
3,MAUÉS,AV DR PEREIRA BARRETO 605,PURO_SWING,#F4D03F,-3.44219,-58.72391,6,0.295,-0.042,0,456,79.9,105,18.4,150,27.7,PURO_SWING,0.253,positiva,75.9,19.3,27.2
4,MAUÉS,AV DR PEREIRA BARRETO 605,LULA+EB,#27AE60,-3.40623,-58.74421,6,0.31,-0.013,0,471,81.3,96,16.6,171,30.6,LULA+EB,0.297,positiva,77.3,17.4,30.0
5,MAUÉS,AV DR PEREIRA BARRETO 383,PURO_SWING,#F4D03F,-3.38615,-58.70556,6,0.286,-0.029,0,338,79.0,80,18.7,122,29.0,PURO_SWING,0.258,positiva,75.0,19.6,28.5
6,MAUÉS,AV DR PEREIRA BARRETO 383,LULA+EB,#27AE60,-3.38041,-58.72209,6,0.257,-0.01,0,342,76.0,95,21.1,134,30.9,LULA+EB,0.247,positiva,72.2,22.2,30.3
7,MAUÉS,RUA PE DEMETRIO SN,LULA+EB,#27AE60,-3.39599,-58.75642,6,0.29,0.009,0,338,79.3,81,19.0,134,32.8,LULA+EB,0.299,positiva,75.4,20.0,32.2
8,MAUÉS,RUA PE DEMETRIO SN,LULA+EB,#27AE60,-3.43176,-58.73625,6,0.312,0.043,0,326,81.5,70,17.5,137,36.2,LULA+EB,0.355,positiva,77.4,18.4,35.5
9,MAUÉS,RUA PE DEMETRIO SN,LULA+EB,#27AE60,-3.41012,-58.69869,6,0.319,0.022,0,332,82.2,65,16.1,136,34.1,LULA+EB,0.34,positiva,78.1,16.9,33.4
10,MAUÉS,RUA PE DEMETRIO SN,LULA+EB,#27AE60,-3.36586,-58.76332,6,0.306,0.069,0,330,80.9,67,16.4,152,38.9,LULA+EB,0.375,positiva,76.8,17.2,38.1
11,MAUÉS,RUA PE DEMETRIO SN,LULA+EB,#27AE60,-3.38326,-58.71883,6,0.292,0.027,0,331,79.6,75,18.0,140,34.7,LULA+EB,0.32,positiva,75.6,18.9,34.0
12,MAUÉS,RUA PE DEMETRIO SN,LULA+EB,#27AE60,-3.41333,-58.71932,6,0.305,0.048,0,325,80.8,69,17.2,142,36.7,LULA+EB,0.353,positiva,76.8,18.0,36.0
13,MAUÉS,RUA RUI BARBOSA SN,LULA+EB,#27AE60,-3.38749,-58.70229,6,0.246,-0.0,0,424,74.9,129,22.8,172,31.9,LULA+EB,0.246,positiva,71.2,23.9,31.3
14,MAUÉS,RUA RUI BARBOSA SN,LULA+EB,#27AE60,-3.37557,-58.73537,6,0.28,-0.001,0,429,78.3,98,17.9,167,31.9,LULA+EB,0.279,positiva,74.4,18.8,31.2
15,MAUÉS,RUA CESAR PEREZ S/N,LULA+EB,#27AE60,-3.3723,-58.72592,6,0.289,0.052,0,441,79.2,104,18.7,195,37.1,LULA+EB,0.341,positiva,75.2,19.6,36.4
16,MAUÉS,RUA CESAR PEREZ S/N,LULA+EB,#27AE60,-3.41586,-58.72603,6,0.342,0.02,0,465,84.5,76,13.8,179,33.9,LULA+EB,0.362,positiva,80.3,14.5,33.2
17,MAUÉS,RUA CESAR PEREZ S/N,LULA+EB,#27AE60,-3.39508,-58.74078,6,0.312,0.06,0,424,81.5,85,16.3,191,38.0,LULA+EB,0.373,positiva,77.5,17.2,37.2
18,MAUÉS,RUA GUARANOPOLIS 3,LULA+EB,#27AE60,-3.42448,-58.7249,6,0.322,-0.004,0,372,82.5,65,14.4,136,31.5,LULA+EB,0.317,positiva,78.4,15.1,30.9
19,MAUÉS,RUA GUARANOPOLIS 3,LULA+EB,#27AE60,-3.38629,-58.71944,6,0.293,-0.019,0,379,79.6,87,18.3,137,30.0,LULA+EB,0.274,positiva,75.6,19.2,29.4
20,MAUÉS,"ESTRADA DOS MORAES, S/N",LULA+EB,#27AE60,-3.37013,-58.71146,6,0.246,0.005,0,266,74.9,74,20.8,105,32.4,LULA+EB,0.251,positiva,71.2,21.9,31.8
21,MAUÉS,"ESTRADA DOS MORAES, S/N",LULA+EB,#27AE60,-3.37236,-58.70259,6,0.307,-0.002,0,295,81.0,63,17.3,108,31.8,LULA+EB,0.306,positiva,77.0,18.2,31.1
22,MAUÉS,RUA SAO JOAO SN,LULA+EB,#27AE60,-3.39426,-58.7214,6,0.273,-0.003,0,402,77.6,105,20.3,156,31.6,LULA+EB,0.269,positiva,73.7,21.3,30.9
23,MAUÉS,RUA SAO JOAO SN,LULA+EB,#27AE60,-3.34829,-58.72727,6,0.302,0.032,0,447,80.5,103,18.6,187,35.2,LULA+EB,0.334,positiva,76.5,19.5,34.4
24,MAUÉS,"RUA HIGINA BONILHA ROLIM, S/N",DIFÍCIL,#E74C3C,-3.34928,-58.70296,6,0.247,-0.054,0,289,75.1,86,22.3,96,26.5,DIFÍCIL,0.193,positiva,71.3,23.5,26.0
25,MAUÉS,"RUA HIGINA BONILHA ROLIM, S/N",LULA+EB,#27AE60,-3.38287,-58.77276,6,0.308,0.014,0,306,81.2,60,15.9,121,33.3,LULA+EB,0.322,positiva,77.1,16.7,32.7
26,MAUÉS,RUA CESAR PEREZ S/N,LULA+EB,#27AE60,-3.38895,-58.68943,6,0.293,0.027,0,421,79.6,92,17.4,176,34.6,LULA+EB,0.32,positiva,75.6,18.3,34.0
27,MAUÉS,RUA CESAR PEREZ S/N,LULA+EB,#27AE60,-3.40741,-58.71927,6,0.313,0.045,0,436,81.6,85,15.9,186,36.5,LULA+EB,0.359,positiva,77.6,16.7,35.7
28,MAUÉS,"RUA HIGINA BONILHA ROLIM, S/N",PURO_SWING,#F4D03F,-3.40267,-58.75333,6,0.258,-0.04,0,348,76.1,98,21.4,121,27.9,PURO_SWING,0.218,positiva,72.3,22.5,27.3
29,MAUÉS,AV DR PEREIRA BARRETO 121,LULA+EB,#27AE60,-3.38181,-58.73522,6,0.367,0.021,0,268,87.0,36,11.7,100,34.0,LULA+EB,0.388,positiva,82.7,12.3,33.3
30,MAUÉS,"AVENIDA DOUTOR PEREIRA BARRETO, 332",PURO_SWING,#F4D03F,-3.43571,-58.72225,6,0.319,-0.028,0,536,82.2,102,15.6,182,29.2,PURO_SWING,0.291,positiva,78.1,16.4,28.6
31,MAUÉS,RUA CESAR PEREZ S/N,LULA+EB,#27AE60,-3.37825,-58.74724,6,0.307,0.008,0,196,81.0,38,15.7,75,32.8,LULA+EB,0.315,positiva,76.9,16.5,32.1
32,MAUÉS,"COMUNIDADE SANTO ANTONIO DO MUCAJÁ, RIO PARAUARI, MARGEM DIREITA",LULA+EB,#27AE60,-3.43867,-58.70976,6,0.458,0.124,0,398,96.1,14,3.4,179,44.3,LULA+EB,0.582,positiva,91.3,3.6,43.4
34,MAUÉS,"VILA NOVA, RIO MARAU, MARGEM DIREITA (AREA INDIGENA)",PURO_SWING,#F4D03F,-3.39495,-58.70775,6,0.471,-0.031,0,424,97.5,8,1.8,120,28.8,PURO_SWING,0.441,positiva,92.6,1.9,28.3
35,MAUÉS,"VILA NOVA, RIO MARAU, MARGEM DIREITA (AREA INDIGENA)",LULA+EB,#27AE60,-3.40347,-58.74724,6,0.446,-0.002,0,415,95.0,19,4.3,135,31.7,LULA+EB,0.444,positiva,90.2,4.6,31.1
36,MAUÉS,"VILA OSORIO DA FONSECA RIO PARACUNI, MARGEM DIREITA",LULA+EB,#27AE60,-3.39596,-58.67715,6,0.463,0.003,0,435,96.7,10,2.2,137,32.2,LULA+EB,0.467,positiva,91.8,2.3,31.6
37,MAUÉS,"COMUNIDADE BOM JESUS DO RIO APOCUITAUA, MARGEM ESQUERDA",LULA+EB,#27AE60,-3.38348,-58.72651,6,0.417,0.013,0,459,92.0,34,6.8,160,33.3,LULA+EB,0.43,positiva,87.4,7.2,32.6
38,MAUÉS,"VILA LIBERDADE RIO APOCUITAUA, MARGEM ESQUERDA",LULA+EB,#27AE60,-3.35532,-58.74755,6,0.469,0.086,0,497,97.3,11,2.2,200,40.5,LULA+EB,0.555,positiva,92.4,2.3,39.7
39,MAUÉS,"VILA TRINDADE RIO ARARI PARANA DO URARIA DE CIMA, MARGEM ESQUERDA",LULA+EB,#27AE60,-3.3694,-58.72449,6,0.458,-0.013,0,394,96.1,12,2.9,121,30.6,LULA+EB,0.445,positiva,91.3,3.1,30.0
40,MAUÉS,RUA DEP JOAO VERCOSA SN,LULA+EB,#27AE60,-3.39416,-58.73352,6,0.312,0.013,0,467,81.5,94,16.4,180,33.3,LULA+EB,0.325,positiva,77.4,17.2,32.6
41,MAUÉS,RUA DEP JOAO VERCOSA SN,LULA+EB,#27AE60,-3.38795,-58.73033,6,0.336,0.025,0,445,84.0,75,14.2,174,34.4,LULA+EB,0.361,positiva,79.8,14.9,33.7
42,MAUÉS,RUA DEP JOAO VERCOSA SN,LULA+EB,#27AE60,-3.38955,-58.708,6,0.314,0.002,0,475,81.8,98,16.9,183,32.2,LULA+EB,0.317,positiva,77.7,17.7,31.5
43,MAUÉS,RUA DEP JOAO VERCOSA SN,LULA+EB,#27AE60,-3.35631,-58.69698,6,0.333,0.06,0,470,83.6,79,14.1,202,37.9,LULA+EB,0.393,positiva,79.4,14.8,37.1
44,MAUÉS,RUA DEP JOAO VERCOSA SN,LULA+EB,#27AE60,-3.40244,-58.72555,6,0.301,-0.005,0,451,80.4,92,16.4,169,31.5,LULA+EB,0.296,positiva,76.4,17.2,30.8
55,MAUÉS,RUA PE DEMETRIO SN,LULA+EB,#27AE60,-3.42754,-58.72544,6,0.328,0.038,0,344,83.1,62,15.0,143,35.8,LULA+EB,0.366,positiva,78.9,15.7,35.0
56,MAUÉS,AV DR PEREIRA BARRETO 383,LULA+EB,#27AE60,-3.39272,-58.71821,6,0.269,-0.011,0,355,77.2,94,20.4,134,30.8,LULA+EB,0.257,positiva,73.3,21.5,30.2
57,MAUÉS,RUA SAO JOAO SN,LULA+EB,#27AE60,-3.3765,-58.71297,6,0.305,0.042,0,446,80.8,93,16.8,190,36.1,LULA+EB,0.347,positiva,76.8,17.7,35.4
59,MAUÉS,RUA JOSEPH MC COMB  SN,LULA+EB,#27AE60,-3.3904,-58.72822,6,0.295,0.016,0,460,79.9,109,18.9,184,33.5,LULA+EB,0.311,positiva,75.9,19.9,32.8
61,MAUÉS,"ESTRADA DOS MORAES, S/N",LULA+EB,#27AE60,-3.38888,-58.72872,6,0.239,-0.018,0,279,74.2,88,23.4,105,30.2,LULA+EB,0.221,positiva,70.5,24.6,29.6
62,MAUÉS,RUA RUI BARBOSA SN,LULA+EB,#27AE60,-3.38534,-58.72183,6,0.286,0.029,0,446,78.9,106,18.8,189,34.8,LULA+EB,0.315,positiva,75.0,19.7,34.1
63,MAUÉS,RAMAL DO AEROPORTO,LULA+EB,#27AE60,-3.3849,-58.72911,6,0.357,0.06,0,552,86.0,78,12.1,235,38.0,LULA+EB,0.417,positiva,81.7,12.8,37.2
64,MAUÉS,"COMUNIDADE NOSSA SENHORA DE LOURDES, RIO CURUÇÁ, MARGEM ESQUERDA",PURO_SWING,#F4D03F,-3.39397,-58.72951,6,0.48,-0.038,0,409,98.3,6,1.4,113,28.1,PURO_SWING,0.442,positiva,93.4,1.5,27.5
65,MAUÉS,"VILA SAO SEBASTIAO DO RIO APOCUITAUA MIRIM, MAFRGEM ESQUERDA",PURO_SWING,#F4D03F,-3.38329,-58.72937,6,0.396,-0.041,0,430,90.0,39,8.2,128,27.8,PURO_SWING,0.355,positiva,85.5,8.6,27.3
66,MAUÉS,"RUA JOÃO VERÇOSA ROLIM, 530 - SANTA LUZIA",LULA+EB,#27AE60,-3.41614,-58.68466,6,0.218,-0.012,0,431,72.1,152,25.4,174,30.7,LULA+EB,0.206,positiva,68.5,26.7,30.1
67,MAUÉS,"VILA SAO JOAO DO MAUES MIRI, MARGEM ESQUERDA",PURO_SWING,#F4D03F,-3.39573,-58.73994,6,0.431,-0.028,0,567,93.4,36,5.9,171,29.1,PURO_SWING,0.402,positiva,88.7,6.2,28.5
69,MAUÉS,"VILA NOVA, RIO MARAU, MARGEM DIREITA (AREA INDIGENA)",PURO_SWING,#F4D03F,-3.38317,-58.69217,6,0.471,-0.044,0,460,97.5,9,1.9,123,27.6,PURO_SWING,0.428,positiva,92.6,2.0,27.0
70,MAUÉS,"VILA SANTA MARIA DO RIO MANJURU, MARGEM DIREITA (AREA INDIGENA)",LULA+EB,#27AE60,-3.38498,-58.73013,6,0.476,0.037,0,512,97.9,9,1.7,179,35.6,LULA+EB,0.512,positiva,93.0,1.8,34.9
73,MAUÉS,RUA GUARANOPOLIS 3,LULA+EB,#27AE60,-3.43453,-58.73874,6,0.296,0.003,0,383,80.0,87,18.2,145,32.2,LULA+EB,0.299,positiva,76.0,19.1,31.6
74,MAUÉS,"COMUNIDADE VILA NOVA MARINGA DO RIO AMANA, MARGEM DIREITA",LULA+EB,#27AE60,-3.37234,-58.68515,6,0.419,0.026,0,285,92.2,21,6.8,103,34.6,LULA+EB,0.445,positiva,87.6,7.1,33.9
78,MAUÉS,"RUA JOÃO VERÇOSA ROLIM, 530 - SANTA LUZIA",LULA+EB,#27AE60,-3.38959,-58.72944,6,0.238,-0.017,0,444,74.1,141,23.5,169,30.2,LULA+EB,0.221,positiva,70.4,24.7,29.6
80,MAUÉS,RAMAL DO AEROPORTO,LULA+EB,#27AE60,-3.35662,-58.7482,6,0.308,0.043,0,494,81.1,107,17.6,211,36.3,LULA+EB,0.351,positiva,77.1,18.4,35.5
82,MAUÉS,"VILA OSORIO DA FONSECA RIO PARACUNI, MARGEM DIREITA",LULA+EB,#27AE60,-3.40457,-58.75714,6,0.464,-0.012,0,465,96.7,8,1.7,139,30.7,LULA+EB,0.451,positiva,91.8,1.7,30.1
83,MAUÉS,"COMUNIDADE BOM JESUS DO RIO APOCUITAUA, MARGEM ESQUERDA",LULA+EB,#27AE60,-3.40214,-58.73017,6,0.452,0.034,0,494,95.6,21,4.1,177,35.3,LULA+EB,0.486,positiva,90.8,4.3,34.6
84,MAUÉS,RAMAL DO AEROPORTO,LULA+EB,#27AE60,-3.38571,-58.76581,6,0.343,0.04,0,513,84.7,88,14.5,210,36.0,LULA+EB,0.384,positiva,80.4,15.2,35.2
85,MAUÉS,"RUA JOÃO VERÇOSA ROLIM, 530 - SANTA LUZIA",LULA+EB,#27AE60,-3.38429,-58.74238,6,0.263,-0.015,0,447,76.7,124,21.3,171,30.4,LULA+EB,0.248,positiva,72.8,22.3,29.8
86,MAUÉS,RUA JOSEPH MC COMB  SN,LULA+EB,#27AE60,-3.38363,-58.72874,6,0.33,0.014,0,490,83.3,90,15.3,188,33.3,LULA+EB,0.344,positiva,79.2,16.1,32.7
87,MAUÉS,"VILA LIBERDADE RIO APOCUITAUA, MARGEM ESQUERDA",LULA+EB,#27AE60,-3.43577,-58.7085,6,0.456,0.1,0,474,96.0,17,3.4,201,42.0,LULA+EB,0.557,positiva,91.2,3.6,41.1
88,MAUÉS,RUA JOSEPH MC COMB  SN,LULA+EB,#27AE60,-3.35655,-58.71957,6,0.317,0.021,0,480,82.1,92,15.7,191,34.0,LULA+EB,0.338,positiva,77.9,16.5,33.3
90,MAUÉS,"RUA HIGINA BONILHA ROLIM, S/N",PURO_SWING,#F4D03F,-3.40374,-58.73589,6,0.238,-0.041,0,364,74.1,118,24.0,132,27.8,PURO_SWING,0.197,positiva,70.4,25.2,27.3
92,MAUÉS,RUA HIGINA BONILHA SN,PURO_SWING,#F4D03F,-3.38433,-58.75081,6,0.265,-0.021,0,435,76.9,122,21.6,163,29.9,PURO_SWING,0.245,positiva,73.0,22.6,29.3
93,MAUÉS,RUA PE DEMETRIO SN,LULA+EB,#27AE60,-3.44033,-58.74351,6,0.271,0.012,0,326,77.4,90,21.4,133,33.2,LULA+EB,0.284,positiva,73.6,22.4,32.5
95,MAUÉS,RUA HIGINA BONILHA SN,PURO_SWING,#F4D03F,-3.38617,-58.73257,6,0.289,-0.04,0,451,79.3,107,18.8,155,27.9,PURO_SWING,0.249,positiva,75.3,19.7,27.4
96,MAUÉS,AV DR PEREIRA BARRETO 605,DIFÍCIL,#E74C3C,-3.37445,-58.74146,6,0.325,-0.052,0,491,82.8,95,16.0,154,26.7,DIFÍCIL,0.273,positiva,78.7,16.8,26.2
97,MAUÉS,"COMUNIDADE SANTA CLARA DO RIO URUPADI, MARGEM DIREITA",DIFÍCIL,#E74C3C,-3.36747,-58.74136,6,0.431,-0.13,0,538,93.4,33,5.7,105,18.9,DIFÍCIL,0.301,positiva,88.7,6.0,18.5
98,MAUÉS,RUA PE DEMETRIO SN,LULA+EB,#27AE60,-3.37689,-58.73208,6,0.255,-0.018,0,316,75.8,95,22.8,120,30.2,LULA+EB,0.237,positiva,72.0,23.9,29.5
99,MAUÉS,"VILA NOVA, RIO MARAU, MARGEM DIREITA (AREA INDIGENA)",DIFÍCIL,#E74C3C,-3.38551,-58.77369,6,0.47,-0.052,0,512,97.3,10,1.9,132,26.7,DIFÍCIL,0.418,positiva,92.5,2.0,26.2
100,MAUÉS,RUA HIGINA BONILHA SN,PURO_SWING,#F4D03F,-3.38931,-58.72894,6,0.246,-0.045,0,404,75.0,120,22.3,141,27.4,PURO_SWING,0.201,positiva,71.2,23.4,26.9
101,MAUÉS,RAMAL DO AEROPORTO,LULA+EB,#27AE60,-3.42361,-58.76234,6,0.317,0.021,0,512,82.1,107,17.1,209,34.0,LULA+EB,0.338,positiva,77.9,18.0,33.4
102,MAUÉS,RUA HIGINA BONILHA SN,DIFÍCIL,#E74C3C,-3.38959,-58.70413,6,0.272,-0.064,0,439,77.6,115,20.3,139,25.5,DIFÍCIL,0.208,positiva,73.7,21.3,25.0
103,MAUÉS,AV DR PEREIRA BARRETO 383,DIFÍCIL,#E74C3C,-3.36883,-58.72582,6,0.293,-0.05,0,364,79.6,86,18.8,119,26.9,DIFÍCIL,0.243,positiva,75.7,19.8,26.4
104,MAUÉS,"COMUNIDADE BOM JESUS DO RIO APOCUITAUA, MARGEM ESQUERDA",LULA+EB,#27AE60,-3.3866,-58.73098,6,0.416,0.021,0,478,91.9,39,7.5,172,34.1,LULA+EB,0.437,positiva,87.3,7.9,33.4
105,MAUÉS,RAMAL DO AEROPORTO,LULA+EB,#27AE60,-3.40191,-58.74869,6,0.327,-0.004,0,503,83.0,88,14.5,183,31.6,LULA+EB,0.323,positiva,78.9,15.2,30.9
106,MAUÉS,"COMUNIDADE SANTO ANTONIO DO MUCAJÁ, RIO PARAUARI, MARGEM DIREITA",LULA+EB,#27AE60,-3.385,-58.72461,6,0.435,0.103,0,393,93.8,21,5.0,170,42.2,LULA+EB,0.537,positiva,89.1,5.3,41.3
107,MAUÉS,RUA HIGINA BONILHA SN,PURO_SWING,#F4D03F,-3.39014,-58.71766,6,0.224,-0.042,0,403,72.7,137,24.7,148,27.8,PURO_SWING,0.183,positiva,69.1,26.0,27.2
108,MAUÉS,RUA PE DEMETRIO SN,LULA+EB,#27AE60,-3.40833,-58.68618,6,0.285,-0.006,0,301,78.8,71,18.6,114,31.3,LULA+EB,0.279,positiva,74.9,19.5,30.7
109,MAUÉS,"VILA SAO SEBASTIAO DO RIO APOCUITAUA MIRIM, MAFRGEM ESQUERDA",DIFÍCIL,#E74C3C,-3.38597,-58.77032,6,0.394,-0.053,0,419,89.7,42,9.0,122,26.6,DIFÍCIL,0.341,positiva,85.2,9.4,26.1
111,MAUÉS,"VILA SAO JOAO DO MAUES MIRI, MARGEM ESQUERDA",PURO_SWING,#F4D03F,-3.39856,-58.72703,6,0.431,-0.04,0,527,93.4,33,5.9,151,28.0,PURO_SWING,0.392,positiva,88.8,6.1,27.4
112,MAUÉS,RAMAL DO AEROPORTO,LULA+EB,#27AE60,-3.38786,-58.7258,6,0.334,0.059,0,528,83.7,95,15.1,228,37.8,LULA+EB,0.392,positiva,79.5,15.8,37.1
113,MAUÉS,AV DR PEREIRA BARRETO 605,PURO_SWING,#F4D03F,-3.37782,-58.68903,6,0.339,-0.022,0,460,84.2,75,13.7,153,29.7,PURO_SWING,0.317,positiva,80.0,14.4,29.1
114,MAUÉS,"COMUNIDADE SANTA CLARA DO RIO URUPADI, MARGEM DIREITA",DIFÍCIL,#E74C3C,-3.37766,-58.71493,6,0.439,-0.091,0,524,94.2,28,5.0,121,22.8,DIFÍCIL,0.348,positiva,89.5,5.3,22.4
115,MAUÉS,"COMUNIDADE NOSSA SENHORA DE LOURDES, RIO CURUÇÁ, MARGEM ESQUERDA",DIFÍCIL,#E74C3C,-3.38353,-58.72463,6,0.467,-0.069,0,391,97.0,7,1.7,98,25.1,DIFÍCIL,0.398,positiva,92.2,1.8,24.6
116,MAUÉS,"VILA OSORIO DA FONSECA RIO PARACUNI, MARGEM DIREITA",LULA+EB,#27AE60,-3.36218,-58.74378,6,0.435,-0.005,0,367,93.9,20,5.1,116,31.4,LULA+EB,0.43,positiva,89.2,5.4,30.8
117,MAUÉS,RAMAL DO AEROPORTO,LULA+EB,#27AE60,-3.44018,-58.72128,6,0.301,0.054,0,530,80.4,114,17.3,236,37.3,LULA+EB,0.355,positiva,76.4,18.2,36.6
118,MAUÉS,AV DR PEREIRA BARRETO 121,LULA+EB,#27AE60,-3.35506,-58.74008,6,0.364,-0.005,0,556,86.7,73,11.4,193,31.4,LULA+EB,0.359,positiva,82.4,12.0,30.8
119,MAUÉS,"VILA LIBERDADE RIO APOCUITAUA, MARGEM ESQUERDA",LULA+EB,#27AE60,-3.41207,-58.72763,6,0.386,0.047,0,466,88.9,53,10.1,184,36.7,LULA+EB,0.433,positiva,84.5,10.6,35.9
120,MAUÉS,"VILA SANTA MARIA DO RIO MANJURU, MARGEM DIREITA (AREA INDIGENA)",LULA+EB,#27AE60,-3.37928,-58.74411,6,0.475,0.018,0,490,97.8,11,2.2,163,33.7,LULA+EB,0.493,positiva,92.9,2.3,33.1
155,MAUÉS,"RUA HIGINA BONILHA ROLIM, S/N",LULA+EB,#27AE60,-3.39578,-58.74983,6,0.33,0.029,0,360,83.3,66,15.3,146,34.8,LULA+EB,0.359,positiva,79.2,16.0,34.1
156,MAUÉS,RUA HIGINA BONILHA SN,DIFÍCIL,#E74C3C,-3.42412,-58.70091,6,0.27,-0.072,0,420,77.3,117,21.5,129,24.8,DIFÍCIL,0.199,positiva,73.5,22.6,24.3
157,MAUÉS,ESTRADA DOS MORAES S/N,DIFÍCIL,#E74C3C,-3.40549,-58.77389,6,0.266,-0.07,0,396,76.9,110,21.4,122,24.9,DIFÍCIL,0.195,positiva,73.0,22.4,24.4
161,MAUÉS,"VILA NOVA, RIO MARAU, MARGEM DIREITA (AREA INDIGENA)",LULA+EB,#27AE60,-3.41264,-58.74967,6,0.449,0.029,0,577,95.2,27,4.5,204,34.8,LULA+EB,0.478,positiva,90.5,4.7,34.1
162,MAUÉS,ESTRADA DOS MORAES S/N,PURO_SWING,#F4D03F,-3.40059,-58.68514,6,0.274,-0.029,0,374,77.8,103,21.4,132,29.1,PURO_SWING,0.246,positiva,73.9,22.5,28.5
163,MAUÉS,"COMUNIDADE BOM JESUS DO RIO APOCUITAUA, MARGEM ESQUERDA",LULA+EB,#27AE60,-3.37911,-58.78017,6,0.384,0.071,0,379,88.8,41,9.6,160,39.0,LULA+EB,0.455,positiva,84.3,10.1,38.2
164,MAUÉS,AV DR PEREIRA BARRETO 383,LULA+EB,#27AE60,-3.39049,-58.72898,6,0.307,-0.02,0,252,81.0,54,17.4,89,30.0,LULA+EB,0.287,positiva,77.0,18.2,29.4
165,MAUÉS,ESTRADA DOS MORAES S/N,LULA+EB,#27AE60,-3.36095,-58.72494,6,0.257,0.0,0,267,76.1,81,23.1,110,32.0,LULA+EB,0.258,positiva,72.3,24.2,31.3
167,MAUÉS,RUA DEP JOAO VERCOSA SN,LULA+EB,#27AE60,-3.37093,-58.74723,6,0.235,-0.002,0,79,73.8,26,24.3,32,31.7,LULA+EB,0.233,positiva,70.1,25.5,31.0
1,NHAMUNDÁ,RUA GOVERNADOR PLINIO RAMOS COELHO 106,LULA+EB,#27AE60,-0.53969,-61.3303,6,0.343,0.089,0,374,84.6,61,13.8,177,40.8,LULA+EB,0.431,positiva,80.4,14.5,40.0
2,NHAMUNDÁ,RUA JOSE BUSTAMANTE S/N,LULA+EB,#27AE60,-0.5183,-61.35271,6,0.359,0.105,0,400,86.2,50,10.8,184,42.4,LULA+EB,0.464,positiva,81.9,11.3,41.5
3,NHAMUNDÁ,RUA GOVERNADOR PLINIO RAMOS COELHO 106,LULA+EB,#27AE60,-0.56464,-61.31861,6,0.3,0.086,0,360,80.4,84,18.8,177,40.5,LULA+EB,0.386,positiva,76.3,19.7,39.7
4,NHAMUNDÁ,RUA GOVERNADOR PLINIO RAMOS COELHO 106,LULA+EB,#27AE60,-0.53126,-61.30028,6,0.365,0.109,0,402,86.8,59,12.7,195,42.9,LULA+EB,0.474,positiva,82.5,13.4,42.0
5,NHAMUNDÁ,RUA GOVERNADOR PLINIO RAMOS COELHO 106,LULA+EB,#27AE60,-0.517,-61.33593,6,0.338,0.108,0,371,84.1,63,14.3,185,42.7,LULA+EB,0.446,positiva,79.9,15.0,41.9
6,NHAMUNDÁ,RUA GOVERNADOR PLINIO RAMOS COELHO 106,LULA+EB,#27AE60,-0.49629,-61.35091,6,0.296,0.088,0,339,80.0,70,16.5,165,40.7,LULA+EB,0.384,positiva,76.0,17.3,39.9
7,NHAMUNDÁ,RUA GOVERNADOR PLINIO RAMOS COELHO 106,LULA+EB,#27AE60,-0.53528,-61.38269,6,0.297,0.105,0,340,80.0,81,19.1,177,42.4,LULA+EB,0.402,positiva,76.0,20.0,41.6
8,NHAMUNDÁ,RUA GOVERNADOR PLINIO RAMOS COELHO,LULA+EB,#27AE60,-0.55161,-61.3313,6,0.311,0.093,0,426,81.5,87,16.6,209,41.2,LULA+EB,0.404,positiva,77.4,17.5,40.4
9,NHAMUNDÁ,RUA GOVERNADOR PLINIO RAMOS COELHO,LULA+EB,#27AE60,-0.49326,-61.30057,6,0.291,0.076,0,387,79.5,87,17.9,188,39.5,LULA+EB,0.367,positiva,75.5,18.8,38.7
10,NHAMUNDÁ,RUA GOVERNADOR PLINIO RAMOS COELHO,LULA+EB,#27AE60,-0.4945,-61.33447,6,0.304,0.132,0,406,80.7,94,18.7,220,45.1,LULA+EB,0.435,positiva,76.7,19.6,44.2
11,NHAMUNDÁ,RUA GOVERNADOR PLINIO RAMOS COELHO,LULA+EB,#27AE60,-0.49651,-61.38109,6,0.303,0.087,0,434,80.7,91,16.9,212,40.6,LULA+EB,0.39,positiva,76.6,17.8,39.8
12,NHAMUNDÁ,RUA GOVERNADOR PLINIO RAMOS COELHO,LULA+EB,#27AE60,-0.49628,-61.37759,6,0.289,0.03,0,401,79.2,100,19.8,171,34.9,LULA+EB,0.319,positiva,75.3,20.8,34.2
13,NHAMUNDÁ,RUA GOVERNADOR PLINIO RAMOS COELHO,LULA+EB,#27AE60,-0.51703,-61.33533,6,0.3,0.098,0,376,80.3,83,17.7,191,41.7,LULA+EB,0.398,positiva,76.3,18.6,40.9
14,NHAMUNDÁ,RUA GOVERNADOR PLINIO RAMOS COELHO,LULA+EB,#27AE60,-0.48543,-61.33078,6,0.305,0.118,0,410,80.9,87,17.2,219,43.7,LULA+EB,0.423,positiva,76.8,18.0,42.8
15,NHAMUNDÁ,RUA GOVERNADOR PLINIO RAMOS COELHO,LULA+EB,#27AE60,-0.51844,-61.3444,6,0.322,0.09,0,440,82.6,83,15.6,207,40.9,LULA+EB,0.412,positiva,78.4,16.4,40.1
16,NHAMUNDÁ,RUA GOVERNADOR PLINIO RAMOS COELHO 106,LULA+EB,#27AE60,-0.54188,-61.33109,6,0.32,0.094,0,383,82.4,74,15.9,188,41.3,LULA+EB,0.414,positiva,78.2,16.7,40.5
20,NHAMUNDÁ,RUA DOUTOR LEOPOLDO NEVES,LULA+EB,#27AE60,-0.51771,-61.33627,6,0.301,0.035,0,395,80.4,82,16.7,171,35.5,LULA+EB,0.337,positiva,76.4,17.5,34.8
25,NHAMUNDÁ,RUA DOUTOR LEOPOLDO NEVES,LULA+EB,#27AE60,-0.53602,-61.38435,6,0.34,0.117,0,403,84.3,66,13.8,202,43.6,LULA+EB,0.457,positiva,80.1,14.5,42.8
26,NHAMUNDÁ,RUA DOUTOR LEOPOLDO NEVES,LULA+EB,#27AE60,-0.52798,-61.34927,6,0.322,0.075,0,407,82.6,76,15.4,189,39.5,LULA+EB,0.398,positiva,78.4,16.2,38.7
27,NHAMUNDÁ,RUA DOUTOR LEOPOLDO NEVES,LULA+EB,#27AE60,-0.54233,-61.3816,6,0.32,0.091,0,395,82.3,73,15.2,189,41.0,LULA+EB,0.41,positiva,78.2,16.0,40.2
28,NHAMUNDÁ,RUA DOUTOR LEOPOLDO NEVES,LULA+EB,#27AE60,-0.50552,-61.34227,6,0.313,0.105,0,408,81.6,84,16.8,205,42.4,LULA+EB,0.418,positiva,77.5,17.6,41.6
29,NHAMUNDÁ,RUA GOVERNADOR PLINIO RAMOS COELHO 106,LULA+EB,#27AE60,-0.47193,-61.36317,6,0.302,0.122,0,344,80.6,75,17.6,179,44.1,LULA+EB,0.424,positiva,76.5,18.4,43.2
30,NHAMUNDÁ,RUA JOSE BUSTAMANTE S/N,LULA+EB,#27AE60,-0.51221,-61.32433,6,0.341,0.004,0,423,84.4,70,14.0,158,32.4,LULA+EB,0.346,positiva,80.2,14.7,31.7
31,NHAMUNDÁ,RUA JOSE BUSTAMANTE S/N,LULA+EB,#27AE60,-0.47529,-61.30633,6,0.352,0.065,0,444,85.5,63,12.1,191,38.4,LULA+EB,0.417,positiva,81.3,12.7,37.7
32,NHAMUNDÁ,COMUNIDADE CUTIPANA,LULA+EB,#27AE60,-0.50274,-61.38137,6,0.35,0.183,0,418,85.3,62,12.7,235,50.2,LULA+EB,0.533,positiva,81.0,13.3,49.2
33,NHAMUNDÁ,COMUNIDADE SAO SEBASTIAO DO CORO-CORO,LULA+EB,#27AE60,-0.52173,-61.35559,6,0.371,0.001,0,530,87.5,67,11.1,188,32.0,LULA+EB,0.372,positiva,83.1,11.6,31.4
35,NHAMUNDÁ,RUA GOVERNADOR PLINIO RAMOS COELHO,LULA+EB,#27AE60,-0.53261,-61.35448,6,0.229,0.065,0,380,73.2,124,23.9,194,38.4,LULA+EB,0.294,positiva,69.6,25.1,37.6
36,NHAMUNDÁ,COMUNIDADE DO CURIA,LULA+EB,#27AE60,-0.51123,-61.33169,6,0.449,0.109,0,356,95.2,16,4.3,156,42.9,LULA+EB,0.558,positiva,90.4,4.5,42.0
37,NHAMUNDÁ,COMUNIDADE SAO BENEDITO DO ADUACA,LULA+EB,#27AE60,-0.54159,-61.30165,6,0.462,0.187,0,495,96.5,16,3.1,248,50.6,LULA+EB,0.649,positiva,91.7,3.3,49.6
38,NHAMUNDÁ,COMUNIDADE SANTA MARIA DO MAMORIACA,LULA+EB,#27AE60,-0.51285,-61.3408,6,0.451,0.134,0,516,95.4,20,3.7,243,45.3,LULA+EB,0.585,positiva,90.6,3.9,44.4
39,NHAMUNDÁ,COMUNIDADE DO AMINARU-AÇU,LULA+EB,#27AE60,-0.52881,-61.3142,6,0.451,0.075,0,523,95.4,23,4.2,209,39.4,LULA+EB,0.526,positiva,90.7,4.4,38.6
40,NHAMUNDÁ,RUA DOUTOR LEOPOLDO NEVES,LULA+EB,#27AE60,-0.51462,-61.35268,6,0.314,0.066,0,394,81.7,82,17.0,179,38.6,LULA+EB,0.381,positiva,77.7,17.9,37.8
41,NHAMUNDÁ,ALDEIA RIOZINHO ALTO NHAMUNDA S/N,DIFÍCIL,#E74C3C,-0.50353,-61.29349,6,0.43,-0.249,0,363,93.3,26,6.7,27,7.1,DIFÍCIL,0.181,positiva,88.7,7.0,6.9
42,NHAMUNDÁ,COMUNIDADE SANTO ANTONIO DO MAMORIACA,LULA+EB,#27AE60,-0.50157,-61.38733,6,0.419,0.157,0,673,92.2,51,7.0,338,47.6,LULA+EB,0.575,positiva,87.6,7.3,46.7
44,NHAMUNDÁ,RUA JOSE BUSTAMANTE S/N,LULA+EB,#27AE60,-0.52801,-61.34229,6,0.306,0.078,0,412,80.9,89,17.5,194,39.8,LULA+EB,0.384,positiva,76.9,18.4,39.0
45,NHAMUNDÁ,RUA JOSE BUSTAMANTE S/N,LULA+EB,#27AE60,-0.50915,-61.34539,6,0.364,0.104,0,438,86.7,65,12.9,211,42.4,LULA+EB,0.469,positiva,82.4,13.5,41.5
46,NHAMUNDÁ,RUA JOSE BUSTAMANTE S/N,LULA+EB,#27AE60,-0.48258,-61.36683,6,0.34,0.022,0,408,84.3,68,14.0,158,34.1,LULA+EB,0.362,positiva,80.1,14.8,33.4
47,NHAMUNDÁ,ALDEIA KASSAWÁ - ALTO NHAMUNDA,DIFÍCIL,#E74C3C,-0.49382,-61.3446,6,0.473,-0.279,0,483,97.6,9,1.8,19,4.0,DIFÍCIL,0.193,positiva,92.7,1.9,3.9
49,NHAMUNDÁ,COMUNIDADE SANTA MARIA DO MAMORIACA,LULA+EB,#27AE60,-0.54209,-61.37302,6,0.423,0.078,0,467,92.7,28,5.6,194,39.8,LULA+EB,0.502,positiva,88.0,5.8,39.0
50,NHAMUNDÁ,COMUNIDADE CUTIPANA,LULA+EB,#27AE60,-0.55218,-61.3443,6,0.375,0.162,0,425,87.8,52,10.7,228,48.1,LULA+EB,0.537,positiva,83.4,11.3,47.1
51,NHAMUNDÁ,RUA JOSE BUSTAMANTE S/N,LULA+EB,#27AE60,-0.5593,-61.34555,6,0.307,0.074,0,393,81.0,87,17.9,185,39.4,LULA+EB,0.381,positiva,77.0,18.8,38.6
52,NHAMUNDÁ,RUA GOVERNADOR PLINIO RAMOS COELHO,LULA+EB,#27AE60,-0.54712,-61.37702,6,0.292,0.118,0,396,79.5,93,18.7,211,43.7,LULA+EB,0.41,positiva,75.5,19.6,42.8
55,NHAMUNDÁ,RUA JOSE BUSTAMANTE S/N,LULA+EB,#27AE60,-0.5516,-61.30766,6,0.34,0.102,0,367,84.4,65,14.9,178,42.1,LULA+EB,0.442,positiva,80.1,15.7,41.2
56,NHAMUNDÁ,COMUNIDADE SAO BENEDITO DO ADUACA,LULA+EB,#27AE60,-0.54119,-61.34859,6,0.452,0.066,0,276,95.5,11,3.8,109,38.5,LULA+EB,0.518,positiva,90.7,4.0,37.7
93,NOVA OLINDA DO NORTE,RUA 13 DE MAIO - S/N - NOSSA SENHORA DE FÁTIMA - ZONA URBANA,LULA+EB,#27AE60,-4.25595,-58.96728,6,0.323,0.219,0.83,371,82.6,72,16.0,231,53.8,LULA+EB,0.542,positiva,78.5,16.8,52.8
94,NOVA OLINDA DO NORTE,RUA 13 DE MAIO - S/N - NOSSA SENHORA DE FÁTIMA - ZONA URBANA,LULA+EB,#27AE60,-4.25346,-58.98965,6,0.242,0.203,0.75,340,74.6,97,21.3,231,52.3,LULA+EB,0.446,positiva,70.8,22.3,51.2
95,NOVA OLINDA DO NORTE,RUA 13 DE MAIO - S/N - NOSSA SENHORA DE FÁTIMA - ZONA URBANA,LULA+EB,#27AE60,-4.25519,-58.96389,6,0.259,0.208,0.76,360,76.3,94,19.9,239,52.8,LULA+EB,0.468,positiva,72.5,20.9,51.7
96,NOVA OLINDA DO NORTE,RUA 13 DE MAIO - S/N - NOSSA SENHORA DE FÁTIMA - ZONA URBANA,LULA+EB,#27AE60,-4.2564,-58.95583,6,0.251,0.16,0.75,362,75.4,99,20.6,224,48.0,LULA+EB,0.411,positiva,71.6,21.7,47.0
97,NOVA OLINDA DO NORTE,RUA 13 DE MAIO - S/N - NOSSA SENHORA DE FÁTIMA - ZONA URBANA,LULA+EB,#27AE60,-4.20684,-58.98863,6,0.25,0.161,0.75,348,75.3,100,21.6,214,48.0,LULA+EB,0.411,positiva,71.6,22.7,47.0
98,NOVA OLINDA DO NORTE,RUA 13 DE MAIO - S/N - NOSSA SENHORA DE FÁTIMA - ZONA URBANA,LULA+EB,#27AE60,-4.24612,-58.97123,6,0.32,0.214,0.82,386,82.3,74,15.8,240,53.3,LULA+EB,0.534,positiva,78.2,16.6,52.3
99,NOVA OLINDA DO NORTE,RUA 13 DE MAIO - S/N - NOSSA SENHORA DE FÁTIMA - ZONA URBANA,LULA+EB,#27AE60,-4.2604,-58.93473,6,0.242,0.223,0.75,337,74.6,99,21.9,239,54.2,LULA+EB,0.465,positiva,70.8,23.0,53.1
100,NOVA OLINDA DO NORTE,RUA 13 DE MAIO - S/N - NOSSA SENHORA DE FÁTIMA - ZONA URBANA,LULA+EB,#27AE60,-4.27231,-58.94941,6,0.261,0.222,0.76,356,76.4,93,20.0,247,54.2,LULA+EB,0.483,positiva,72.6,21.0,53.1
101,NOVA OLINDA DO NORTE,RUA 13 DE MAIO - S/N - NOSSA SENHORA DE FÁTIMA - ZONA URBANA,LULA+EB,#27AE60,-4.25532,-58.97604,6,0.252,0.177,0.75,345,75.5,97,21.2,220,49.7,LULA+EB,0.429,positiva,71.7,22.3,48.7
102,NOVA OLINDA DO NORTE,AVENIDA CORONEL JANARY NUNES - S/N - CENTRO - ZONA URBANA,LULA+EB,#27AE60,-4.23179,-58.944,6,0.265,0.21,0.77,394,76.8,104,20.3,266,52.9,LULA+EB,0.474,positiva,73.0,21.3,51.8
103,NOVA OLINDA DO NORTE,AVENIDA CORONEL JANARY NUNES - S/N - CENTRO - ZONA URBANA,LULA+EB,#27AE60,-4.25067,-58.97739,6,0.247,0.219,0.75,384,75.0,113,22.1,267,53.8,LULA+EB,0.466,positiva,71.2,23.2,52.8
104,NOVA OLINDA DO NORTE,AVENIDA CORONEL JANARY NUNES - S/N - CENTRO - ZONA URBANA,LULA+EB,#27AE60,-4.27564,-58.94521,6,0.251,0.158,0.75,398,75.4,116,22.0,248,47.7,LULA+EB,0.408,positiva,71.6,23.1,46.7
105,NOVA OLINDA DO NORTE,AVENIDA CORONEL JANARY NUNES - S/N - CENTRO - ZONA URBANA,LULA+EB,#27AE60,-4.25667,-58.97116,6,0.304,0.229,0.81,422,80.7,95,18.2,283,54.8,LULA+EB,0.533,positiva,76.7,19.1,53.7
106,NOVA OLINDA DO NORTE,AVENIDA CORONEL JANARY NUNES - S/N - CENTRO - ZONA URBANA,LULA+EB,#27AE60,-4.25812,-58.96213,6,0.234,0.215,0.74,392,73.7,121,22.7,278,53.5,LULA+EB,0.449,positiva,70.0,23.9,52.4
107,NOVA OLINDA DO NORTE,AVENIDA CORONEL JANARY NUNES - S/N - CENTRO - ZONA URBANA,LULA+EB,#27AE60,-4.25041,-58.96363,6,0.269,0.177,0.77,400,77.2,107,20.7,250,49.6,LULA+EB,0.446,positiva,73.4,21.7,48.6
108,NOVA OLINDA DO NORTE,AVENIDA CORONEL JANARY NUNES - S/N - CENTRO - ZONA URBANA,LULA+EB,#27AE60,-4.26383,-58.95472,6,0.243,0.144,0.75,383,74.7,120,23.4,235,46.4,LULA+EB,0.388,positiva,70.9,24.6,45.4
109,NOVA OLINDA DO NORTE,RUA LAÉRCIO DÁRIO - 188 - CHICOLÂNDIA - ZONA URBANA,LULA+EB,#27AE60,-4.25434,-58.98012,6,0.265,0.145,0.77,405,76.9,101,19.2,244,46.5,LULA+EB,0.411,positiva,73.0,20.1,45.5
110,NOVA OLINDA DO NORTE,RUA LAÉRCIO DÁRIO - 188 - CHICOLÂNDIA - ZONA URBANA,LULA+EB,#27AE60,-4.25457,-58.97565,6,0.343,0.171,0.85,428,84.6,66,13.0,238,49.1,LULA+EB,0.514,positiva,80.4,13.7,48.1
111,NOVA OLINDA DO NORTE,RUA LAÉRCIO DÁRIO - 188 - CHICOLÂNDIA - ZONA URBANA,LULA+EB,#27AE60,-4.21679,-58.95289,6,0.309,0.151,0.81,419,81.2,83,16.1,237,47.0,LULA+EB,0.46,positiva,77.1,16.9,46.1
112,NOVA OLINDA DO NORTE,RUA LAÉRCIO DÁRIO - 188 - CHICOLÂNDIA - ZONA URBANA,LULA+EB,#27AE60,-4.229,-58.97522,6,0.331,0.221,0.83,432,83.4,69,13.3,272,54.1,LULA+EB,0.552,positiva,79.2,14.0,53.0
113,NOVA OLINDA DO NORTE,RUA LAÉRCIO DÁRIO - 188 - CHICOLÂNDIA - ZONA URBANA,LULA+EB,#27AE60,-4.21864,-58.95532,6,0.22,0.142,0.72,394,72.3,123,22.6,245,46.1,LULA+EB,0.362,positiva,68.7,23.7,45.2
114,NOVA OLINDA DO NORTE,RUA LAÉRCIO DÁRIO - 188 - CHICOLÂNDIA - ZONA URBANA,LULA+EB,#27AE60,-4.25451,-58.95277,6,0.327,0.233,0.83,435,83.0,73,13.9,281,55.2,LULA+EB,0.56,positiva,78.9,14.6,54.1
115,NOVA OLINDA DO NORTE,RUA LAÉRCIO DÁRIO - 188 - CHICOLÂNDIA - ZONA URBANA,LULA+EB,#27AE60,-4.21624,-58.96894,6,0.315,0.191,0.82,447,81.9,85,15.6,271,51.0,LULA+EB,0.507,positiva,77.8,16.3,50.0
116,NOVA OLINDA DO NORTE,RUA LAÉRCIO DÁRIO - 188 - CHICOLÂNDIA - ZONA URBANA,LULA+EB,#27AE60,-4.23731,-58.94832,6,0.325,0.192,0.83,448,82.8,79,14.6,268,51.1,LULA+EB,0.517,positiva,78.7,15.3,50.1
117,NOVA OLINDA DO NORTE,RUA LAÉRCIO DÁRIO - 188 - CHICOLÂNDIA - ZONA URBANA,LULA+EB,#27AE60,-4.26969,-58.98288,6,0.281,0.18,0.78,366,78.4,85,18.2,223,49.9,LULA+EB,0.46,positiva,74.5,19.1,48.9
118,NOVA OLINDA DO NORTE,RUA 07 DE SETEMBRO - 135 - SANTA LUZIA - ZONA URBANA,LULA+EB,#27AE60,-4.27649,-58.94726,6,0.206,0.188,0.71,378,70.9,139,26.1,267,50.8,LULA+EB,0.394,positiva,67.4,27.4,49.7
119,NOVA OLINDA DO NORTE,RUA 07 DE SETEMBRO - 135 - SANTA LUZIA - ZONA URBANA,LULA+EB,#27AE60,-4.25129,-58.96971,6,0.243,0.192,0.75,388,74.6,115,22.1,263,51.2,LULA+EB,0.435,positiva,70.9,23.2,50.1
120,NOVA OLINDA DO NORTE,RUA 07 DE SETEMBRO - 135 - SANTA LUZIA - ZONA URBANA,LULA+EB,#27AE60,-4.28912,-58.92976,6,0.197,0.172,0.7,367,70.0,138,26.3,248,49.1,LULA+EB,0.369,positiva,66.5,27.7,48.1
121,NOVA OLINDA DO NORTE,RUA 07 DE SETEMBRO - 135 - SANTA LUZIA - ZONA URBANA,LULA+EB,#27AE60,-4.29872,-58.98265,6,0.252,0.208,0.76,389,75.5,113,21.9,268,52.8,LULA+EB,0.46,positiva,71.8,23.0,51.7
122,NOVA OLINDA DO NORTE,RUA 07 DE SETEMBRO - 135 - SANTA LUZIA - ZONA URBANA,LULA+EB,#27AE60,-4.26207,-58.94163,6,0.204,0.188,0.71,401,70.7,141,24.9,275,50.7,LULA+EB,0.392,positiva,67.2,26.1,49.7
123,NOVA OLINDA DO NORTE,RUA 07 DE SETEMBRO - 135 - SANTA LUZIA - ZONA URBANA,LULA+EB,#27AE60,-4.25285,-59.01057,6,0.275,0.223,0.78,435,77.8,104,18.6,290,54.2,LULA+EB,0.498,positiva,73.9,19.5,53.1
124,NOVA OLINDA DO NORTE,COM. VILA ABACAXIS - RIO URARIÁ - ZONA RURAL,LULA+EB,#27AE60,-4.21974,-59.00083,6,0.357,0.267,0.86,356,86.0,53,12.8,232,58.6,LULA+EB,0.623,positiva,81.7,13.4,57.4
125,NOVA OLINDA DO NORTE,COM. VILA ABACAXIS - RIO URARIÁ - ZONA RURAL,LULA+EB,#27AE60,-4.25917,-58.95391,6,0.378,0.267,0.88,377,88.1,43,10.0,237,58.7,LULA+EB,0.645,positiva,83.7,10.5,57.5
126,NOVA OLINDA DO NORTE,COM. VILA ABACAXIS - RIO URARIÁ - ZONA RURAL,LULA+EB,#27AE60,-4.25311,-58.96263,6,0.338,0.265,0.84,344,84.1,59,14.4,229,58.4,LULA+EB,0.603,positiva,79.9,15.1,57.2
127,NOVA OLINDA DO NORTE,COM. VILA FLOR - RIO CURUPIRA - ZONA RURAL,LULA+EB,#27AE60,-4.25252,-58.95962,6,0.378,0.334,0.88,327,88.1,35,9.4,230,65.3,LULA+EB,0.712,positiva,83.7,9.9,64.0
128,NOVA OLINDA DO NORTE,COM. VILA FLOR - RIO CURUPIRA - ZONA RURAL,LULA+EB,#27AE60,-4.25673,-58.94041,6,0.407,0.268,0.91,326,91.1,27,7.5,202,58.7,LULA+EB,0.675,positiva,86.5,7.9,57.5
129,NOVA OLINDA DO NORTE,COM. VILA FLOR - RIO CURUPIRA - ZONA RURAL,LULA+EB,#27AE60,-4.27334,-59.00092,6,0.41,0.332,0.91,347,91.3,32,8.4,237,65.1,LULA+EB,0.742,positiva,86.7,8.8,63.8
130,NOVA OLINDA DO NORTE,COM. VILA NAZARÉ - RIO CURUPIRA - ZONA RURAL,LULA+EB,#27AE60,-4.23948,-58.95513,6,0.298,0.291,0.8,319,80.2,74,18.6,236,61.0,LULA+EB,0.589,positiva,76.1,19.5,59.8
131,NOVA OLINDA DO NORTE,COM. VILA NAZARÉ - RIO CURUPIRA - ZONA RURAL,LULA+EB,#27AE60,-4.26355,-58.94601,6,0.368,0.307,0.87,378,87.1,51,11.8,256,62.6,LULA+EB,0.674,positiva,82.7,12.3,61.3
132,NOVA OLINDA DO NORTE,COM. SAO SEBASTIAO - RIO CURUPIRA - ZONA RURAL,LULA+EB,#27AE60,-4.22684,-58.97278,6,0.462,0.361,0.97,279,96.5,8,2.8,194,68.1,LULA+EB,0.824,positiva,91.7,2.9,66.7
133,NOVA OLINDA DO NORTE,COM. VILA BORGES - RIO URARIÁ - ZONA RURAL,LULA+EB,#27AE60,-4.2648,-58.95533,6,0.3,0.41,0.8,348,80.4,66,15.2,305,73.0,LULA+EB,0.711,positiva,76.4,16.0,71.5
134,NOVA OLINDA DO NORTE,RUA GETÚLIO VARGAS - 533 - NOSSA SENHORA DE FÁTIMA - ZONA URBANA,LULA+EB,#27AE60,-4.30357,-58.95137,6,0.249,0.236,0.75,364,75.2,106,21.9,262,55.5,LULA+EB,0.485,positiva,71.4,23.0,54.4
135,NOVA OLINDA DO NORTE,RUA GETÚLIO VARGAS - 533 - NOSSA SENHORA DE FÁTIMA - ZONA URBANA,LULA+EB,#27AE60,-4.25114,-58.96407,6,0.272,0.254,0,342,77.6,95,21.5,250,57.3,LULA+EB,0.526,positiva,73.7,22.6,56.2
136,NOVA OLINDA DO NORTE,RUA GETÚLIO VARGAS - 533 - NOSSA SENHORA DE FÁTIMA - ZONA URBANA,LULA+EB,#27AE60,-4.24497,-58.96485,6,0.224,0.248,0.73,347,72.7,118,24.7,271,56.7,LULA+EB,0.472,positiva,69.1,26.0,55.6
137,NOVA OLINDA DO NORTE,RUA GETÚLIO VARGAS - 533 - NOSSA SENHORA DE FÁTIMA - ZONA URBANA,LULA+EB,#27AE60,-4.25058,-58.9606,6,0.164,0.217,0.67,313,66.7,135,28.8,249,53.7,LULA+EB,0.382,positiva,63.4,30.2,52.6
138,NOVA OLINDA DO NORTE,RUA GETÚLIO VARGAS - 533 - NOSSA SENHORA DE FÁTIMA - ZONA URBANA,LULA+EB,#27AE60,-4.27637,-58.93021,6,0.187,0.217,0.69,328,69.1,140,29.5,251,53.6,LULA+EB,0.404,positiva,65.6,30.9,52.6
139,NOVA OLINDA DO NORTE,RUA GETÚLIO VARGAS - 533 - NOSSA SENHORA DE FÁTIMA - ZONA URBANA,LULA+EB,#27AE60,-4.24698,-58.96182,6,0.24,0.204,0.74,367,74.3,113,22.9,254,52.4,LULA+EB,0.444,positiva,70.6,24.0,51.3
140,NOVA OLINDA DO NORTE,RUA GETÚLIO VARGAS - 533 - NOSSA SENHORA DE FÁTIMA - ZONA URBANA,LULA+EB,#27AE60,-4.2424,-58.9678,6,0.229,0.191,0.73,391,73.2,131,24.5,267,51.1,LULA+EB,0.42,positiva,69.6,25.8,50.0
144,NOVA OLINDA DO NORTE,RUA GETÚLIO VARGAS - 533 - NOSSA SENHORA DE FÁTIMA - ZONA URBANA,LULA+EB,#27AE60,-4.25043,-58.98668,6,0.241,0.254,0.74,341,74.5,107,23.4,254,57.3,LULA+EB,0.495,positiva,70.7,24.5,56.2
146,NOVA OLINDA DO NORTE,RUA GETÚLIO VARGAS - 533 - NOSSA SENHORA DE FÁTIMA - ZONA URBANA,LULA+EB,#27AE60,-4.28367,-58.95761,6,0.24,0.25,0,327,74.3,106,24.1,246,56.9,LULA+EB,0.49,positiva,70.6,25.3,55.8
149,NOVA OLINDA DO NORTE,RUA 07 DE SETEMBRO - 135 - SANTA LUZIA - ZONA URBANA,LULA+EB,#27AE60,-4.22168,-58.99206,6,0.186,0.196,0,300,69.0,121,27.8,219,51.5,LULA+EB,0.382,positiva,65.5,29.2,50.5
150,NOVA OLINDA DO NORTE,COM. VILA ABACAXIS - RIO URARIÁ - ZONA RURAL,LULA+EB,#27AE60,-4.21449,-58.96896,6,0.334,0.203,0,309,83.7,53,14.4,186,52.2,LULA+EB,0.537,positiva,79.6,15.1,51.2
151,NOVA OLINDA DO NORTE,COM. PAQUEQUER - RIO MADEIRA - MARGEM DIREITA - ZONA RURAL,LULA+EB,#27AE60,-4.22819,-58.98384,6,0.403,0.288,0,280,90.6,23,7.4,184,60.7,LULA+EB,0.691,positiva,86.1,7.8,59.5
152,NOVA OLINDA DO NORTE,AVENIDA CORONEL JANARY NUNES - 155 - VALE DO SOL - ZONA URBANA,LULA+EB,#27AE60,-4.24753,-58.96212,6,0.229,0.253,0,306,73.2,104,24.9,234,57.2,LULA+EB,0.482,positiva,69.5,26.1,56.1
153,NOVA OLINDA DO NORTE,COM. VILA SIÃO - RIO CURUPIRA - ZONA RURAL,LULA+EB,#27AE60,-4.25477,-58.96097,6,0.297,0.262,0,80,80.0,18,18.0,57,58.2,LULA+EB,0.559,positiva,76.0,18.9,57.0
156,NOVA OLINDA DO NORTE,RUA GETÚLIO VARGAS - 533 - NOSSA SENHORA DE FÁTIMA - ZONA URBANA,LULA+EB,#27AE60,-4.24839,-58.95249,6,0.295,0.175,0,329,79.9,79,19.2,199,49.4,LULA+EB,0.47,positiva,75.9,20.1,48.4
157,NOVA OLINDA DO NORTE,AVENIDA CORONEL JANARY NUNES - 155 - VALE DO SOL - ZONA URBANA,LULA+EB,#27AE60,-4.23885,-58.95511,6,0.244,0.233,0,307,74.7,95,23.1,220,55.3,LULA+EB,0.477,positiva,71.0,24.3,54.2
160,NOVA OLINDA DO NORTE,COM. SÃO FRANCISCO DE ASSIS - RIO URARIÁ - ZONA RURAL,LULA+EB,#27AE60,-4.27879,-58.97113,6,0.412,0.294,0,130,91.5,9,6.3,84,61.3,LULA+EB,0.706,positiva,87.0,6.7,60.1
164,NOVA OLINDA DO NORTE,AVENIDA CORONEL JANARY NUNES - 155 - VALE DO SOL - ZONA URBANA,LULA+EB,#27AE60,-4.20009,-58.98174,6,0.209,0.163,0,255,71.2,88,24.6,167,48.3,LULA+EB,0.372,positiva,67.7,25.8,47.3
1,NOVO AIRÃO,"RUA PUDUARI, S/N, MURICI.",DIFÍCIL,#E74C3C,-2.40167,-61.01609,6,-0.001,-0.136,0,278,50.3,256,46.3,98,18.4,DIFÍCIL,-0.136,estável,47.8,48.6,18.0
2,NOVO AIRÃO,"RUA PUDUARI, S/N, MURICI.",DIFÍCIL,#E74C3C,-2.35702,-61.01488,6,-0.01,-0.133,0,287,49.3,274,47.1,105,18.6,DIFÍCIL,-0.144,estável,46.8,49.4,18.2
3,NOVO AIRÃO,"AVENIDA  JOAO PAULO II, S/N, CENTRO.",DIFÍCIL,#E74C3C,-2.40704,-60.99988,6,0.019,-0.113,0,303,52.2,261,45.0,116,20.6,DIFÍCIL,-0.094,positiva,49.6,47.2,20.2
4,NOVO AIRÃO,"AVENIDA  JOAO PAULO II, S/N, CENTRO.",DIFÍCIL,#E74C3C,-2.38565,-60.9717,6,0.072,-0.088,0,329,57.5,221,38.6,129,23.2,DIFÍCIL,-0.016,positiva,54.6,40.6,22.7
5,NOVO AIRÃO,"AVENIDA  JOAO PAULO II, S/N, CENTRO.",DIFÍCIL,#E74C3C,-2.34094,-61.01022,6,0.109,-0.062,0,338,61.2,198,35.9,139,25.7,DIFÍCIL,0.047,positiva,58.2,37.7,25.2
6,NOVO AIRÃO,"RUA PUDUARI, S/N, MURICI.",DIFÍCIL,#E74C3C,-2.37964,-61.01436,6,0.015,-0.111,0,283,51.8,236,43.2,108,20.8,DIFÍCIL,-0.096,positiva,49.2,45.4,20.4
7,NOVO AIRÃO,"RUA PUDUARI, S/N, MURICI.",DIFÍCIL,#E74C3C,-2.36765,-61.00864,6,-0.026,-0.128,0,267,47.7,275,49.1,105,19.1,DIFÍCIL,-0.154,estável,45.3,51.6,18.7
8,NOVO AIRÃO,"RUA PUDUARI, S/N, MURICI.",DIFÍCIL,#E74C3C,-2.3805,-61.05501,6,-0.044,-0.144,0,257,45.9,285,50.9,93,17.5,DIFÍCIL,-0.189,estável,43.6,53.4,17.1
9,NOVO AIRÃO,"AVENIDA  JOAO PAULO II, S/N, CENTRO.",DIFÍCIL,#E74C3C,-2.38578,-61.00685,6,0.066,-0.122,0,344,57.0,237,39.2,115,19.8,DIFÍCIL,-0.055,positiva,54.1,41.2,19.4
10,NOVO AIRÃO,"AVENIDA  JOAO PAULO II, S/N, CENTRO.",DIFÍCIL,#E74C3C,-2.36949,-61.01866,6,0.045,-0.105,0,337,54.8,258,42.0,126,21.4,DIFÍCIL,-0.06,positiva,52.1,44.0,21.0
11,NOVO AIRÃO,"RUA ADEMAR DE BARROS, S/N, CENTRO.",DIFÍCIL,#E74C3C,-2.37017,-61.01364,6,-0.002,-0.136,0,269,50.1,246,45.8,96,18.3,DIFÍCIL,-0.139,estável,47.6,48.1,17.9
12,NOVO AIRÃO,"RUA ADEMAR DE BARROS, S/N, CENTRO.",DIFÍCIL,#E74C3C,-2.35977,-61.01906,6,0.05,-0.117,0,289,55.4,216,41.4,101,20.2,DIFÍCIL,-0.066,positiva,52.6,43.4,19.8
13,NOVO AIRÃO,"RUA PUDUARI, S/N, MURICI.",DIFÍCIL,#E74C3C,-2.39371,-61.00658,6,0.009,-0.147,0,274,51.2,248,46.4,89,17.2,DIFÍCIL,-0.139,estável,48.7,48.7,16.8
14,NOVO AIRÃO,"AVENIDA  JOAO PAULO II, S/N, CENTRO.",DIFÍCIL,#E74C3C,-2.3977,-61.04706,6,0.028,-0.115,0,304,53.1,252,44.1,113,20.4,DIFÍCIL,-0.087,positiva,50.5,46.3,20.0
15,NOVO AIRÃO,"RUA ADEMAR DE BARROS, S/N, CENTRO.",DIFÍCIL,#E74C3C,-2.37526,-61.05387,6,0.033,-0.121,0,302,53.6,248,44.0,109,19.9,DIFÍCIL,-0.088,positiva,51.0,46.3,19.5
16,NOVO AIRÃO,"RUA ADEMAR DE BARROS, S/N, CENTRO.",DIFÍCIL,#E74C3C,-2.38259,-61.00784,6,0.047,-0.134,0,288,55.1,212,40.5,95,18.5,DIFÍCIL,-0.087,positiva,52.3,42.6,18.1
17,NOVO AIRÃO,"RUA PUDUARI, S/N, MURICI.",DIFÍCIL,#E74C3C,-2.35433,-60.97431,6,0.035,-0.148,0,303,53.8,244,43.3,92,17.1,DIFÍCIL,-0.113,positiva,51.1,45.5,16.8
18,NOVO AIRÃO,"COM. CAIOÉ, RIO NEGRO, MARGEM ESQUERDA, ZONA RURAL.",PURO_SWING,#F4D03F,-2.36795,-61.00818,6,0.318,-0.035,0,78,82.1,15,15.8,27,28.4,PURO_SWING,0.283,positiva,78.0,16.6,27.9
20,NOVO AIRÃO,"COM. DO BACABA, RUI NEGRO, MARGEM ESQUERDA, ZONA RURAL.",PURO_SWING,#F4D03F,-2.37064,-60.98017,6,0.187,-0.034,0,78,69.0,34,30.1,32,28.6,PURO_SWING,0.153,positiva,65.6,31.6,28.0
26,NOVO AIRÃO,"COM. BOM JESUS DO PUDUARI, RIO NEGRO, MARGEM DIREITA ZONA RURAL.",LULA+EB,#27AE60,-2.40652,-61.00874,6,0.008,0.162,0,94,51.1,88,47.8,89,48.1,LULA+EB,0.169,estável,48.5,50.2,47.1
27,NOVO AIRÃO,"COM. DO IGARAPE AÇÚ, RIO NEGRO, MARGEM DIREITA,ZONA RURAL.",DIFÍCIL,#E74C3C,-2.41329,-61.04081,6,-0.068,-0.203,0,90,43.5,115,55.6,23,11.6,DIFÍCIL,-0.272,negativa,41.3,58.3,11.4
29,NOVO AIRÃO,"RUA PEDRO SABO MENDES, S/N, CENTRO.",DIFÍCIL,#E74C3C,-2.37317,-61.0173,6,-0.073,-0.154,0,233,43.0,292,53.9,86,16.5,DIFÍCIL,-0.227,negativa,40.8,56.6,16.2
30,NOVO AIRÃO,"AVENIDA  JOAO PAULO II, S/N, CENTRO.",DIFÍCIL,#E74C3C,-2.32447,-61.01133,6,0.016,-0.111,0,312,51.9,271,45.1,121,20.9,DIFÍCIL,-0.095,positiva,49.3,47.3,20.4
31,NOVO AIRÃO,"AVENIDA  JOAO PAULO II, S/N, CENTRO.",DIFÍCIL,#E74C3C,-2.40892,-60.98789,6,-0.022,-0.13,0,269,48.1,271,48.5,102,18.9,DIFÍCIL,-0.152,estável,45.7,50.9,18.5
32,NOVO AIRÃO,"RUA PEDRO SABO MENDES, S/N, CENTRO.",DIFÍCIL,#E74C3C,-2.39377,-61.03514,6,0.018,-0.113,0,287,52.1,248,45.0,109,20.6,DIFÍCIL,-0.095,positiva,49.5,47.3,20.2
33,NOVO AIRÃO,"RUA PEDRO SABO MENDES, S/N, CENTRO.",DIFÍCIL,#E74C3C,-2.3713,-61.0183,6,0.039,-0.071,0,270,54.2,215,43.2,119,24.8,DIFÍCIL,-0.032,positiva,51.5,45.3,24.3
34,NOVO AIRÃO,"AVENIDA  JOAO PAULO II, S/N, CENTRO.",DIFÍCIL,#E74C3C,-2.32411,-61.02482,6,0.06,-0.112,0,302,56.3,217,40.5,105,20.8,DIFÍCIL,-0.052,positiva,53.5,42.5,20.3
35,NOVO AIRÃO,"AVENIDA  JOAO PAULO II, S/N, CENTRO.",DIFÍCIL,#E74C3C,-2.4084,-60.99619,6,0.027,-0.089,0,240,53.0,201,44.4,102,23.1,DIFÍCIL,-0.062,positiva,50.3,46.6,22.6
36,NOVO AIRÃO,"RUA PEDRO SABO MENDES, S/N, CENTRO.",DIFÍCIL,#E74C3C,-2.37942,-60.98558,6,-0.032,-0.122,0,219,47.1,232,49.9,90,19.7,DIFÍCIL,-0.155,estável,44.7,52.4,19.3
37,NOVO AIRÃO,"RUA PEDRO SABO MENDES, S/N, CENTRO.",DIFÍCIL,#E74C3C,-2.33402,-60.99159,6,0.018,-0.107,0,259,52.1,224,45.1,100,21.2,DIFÍCIL,-0.089,positiva,49.5,47.3,20.8
38,NOVO AIRÃO,"RUA PEDRO SABO MENDES, S/N, CENTRO.",DIFÍCIL,#E74C3C,-2.37655,-61.024,6,-0.002,-0.12,0,251,50.1,235,46.9,96,20.0,DIFÍCIL,-0.122,estável,47.6,49.3,19.6
39,NOVO AIRÃO,"COM. SÃO DOMINGOS - MEMBECA, AM-352, KM 42, ZONA RURAL",DIFÍCIL,#E74C3C,-2.35778,-61.00336,6,-0.103,-0.177,0,133,40.1,187,56.3,45,14.2,DIFÍCIL,-0.28,negativa,38.1,59.1,13.9
40,NOVO AIRÃO,"RUA PEDRO SABO MENDES, S/N, CENTRO.",DIFÍCIL,#E74C3C,-2.35663,-61.03409,6,0.036,-0.09,0,303,53.9,237,42.2,126,23.0,DIFÍCIL,-0.054,positiva,51.2,44.3,22.5
41,NOVO AIRÃO,"RUA PUDUARI, S/N, MURICI.",PURO_SWING,#F4D03F,-2.41199,-61.01315,6,0.044,-0.033,0,201,54.8,155,42.2,104,28.7,PURO_SWING,0.012,positiva,52.0,44.3,28.1
1,NOVO ARIPUANÃ,"AVENIDA 19 DE DEZEMBRO, 184",LULA+EB,#27AE60,-5.11143,-60.88691,6,0.27,0.121,0,364,77.3,97,20.6,201,44.0,LULA+EB,0.39,positiva,73.4,21.6,43.1
2,NOVO ARIPUANÃ,"AVENIDA 19 DE DEZEMBRO, 184",LULA+EB,#27AE60,-5.16731,-60.93992,6,0.233,0.132,0,335,73.6,109,24.0,196,45.2,LULA+EB,0.365,positiva,69.9,25.2,44.3
3,NOVO ARIPUANÃ,"AVENIDA 19 DE DEZEMBRO, 184",LULA+EB,#27AE60,-5.12917,-60.91803,6,0.319,0.196,0,385,82.3,72,15.4,232,51.6,LULA+EB,0.516,positiva,78.2,16.2,50.5
4,NOVO ARIPUANÃ,"AVENIDA 19 DE DEZEMBRO, 184",LULA+EB,#27AE60,-5.16485,-60.97009,6,0.257,0.169,0,333,76.0,96,21.9,206,48.8,LULA+EB,0.426,positiva,72.2,23.0,47.8
5,NOVO ARIPUANÃ,"AVENIDA 19 DE DEZEMBRO, 184",LULA+EB,#27AE60,-5.15522,-60.91748,6,0.199,0.146,0,332,70.2,126,26.6,215,46.5,LULA+EB,0.345,positiva,66.7,28.0,45.6
6,NOVO ARIPUANÃ,"AVENIDA 19 DE DEZEMBRO, 184",LULA+EB,#27AE60,-5.15749,-60.96537,6,0.242,0.144,0,348,74.5,109,23.3,207,46.3,LULA+EB,0.386,positiva,70.8,24.5,45.4
7,NOVO ARIPUANÃ,"RUA CASTELO BRANCO, 216",LULA+EB,#27AE60,-5.17379,-60.93836,6,0.227,0.076,0,357,73.0,119,24.3,188,39.5,LULA+EB,0.303,positiva,69.4,25.6,38.7
8,NOVO ARIPUANÃ,"RUA CASTELO BRANCO, 216",LULA+EB,#27AE60,-5.17291,-60.88546,6,0.218,0.095,0,352,72.1,122,25.0,197,41.4,LULA+EB,0.313,positiva,68.5,26.2,40.6
9,NOVO ARIPUANÃ,"RUA CASTELO BRANCO, 216",LULA+EB,#27AE60,-5.14059,-60.91999,6,0.223,0.122,0,340,72.6,114,24.4,196,44.1,LULA+EB,0.345,positiva,69.0,25.6,43.3
13,NOVO ARIPUANÃ,"RUA CASTELO BRANCO, 216",LULA+EB,#27AE60,-5.14604,-60.91209,6,0.204,0.111,0,357,70.7,137,27.1,211,43.1,LULA+EB,0.315,positiva,67.2,28.5,42.2
14,NOVO ARIPUANÃ,"RUA CASTELO BRANCO, 216",LULA+EB,#27AE60,-5.14167,-60.92258,6,0.187,0.047,0,326,69.1,130,27.5,165,36.6,LULA+EB,0.234,positiva,65.6,28.9,35.9
15,NOVO ARIPUANÃ,RUA CORONEL PAES,LULA+EB,#27AE60,-5.12803,-60.88355,6,0.274,0.156,0,430,77.8,117,21.2,254,47.6,LULA+EB,0.431,positiva,73.9,22.2,46.6
16,NOVO ARIPUANÃ,RUA CORONEL PAES,LULA+EB,#27AE60,-5.15116,-60.89392,6,0.252,0.104,0,417,75.5,128,23.2,225,42.4,LULA+EB,0.357,positiva,71.8,24.3,41.5
17,NOVO ARIPUANÃ,RUA CORONEL PAES,LULA+EB,#27AE60,-5.15654,-60.94781,6,0.308,0.136,0,452,81.1,90,16.2,242,45.5,LULA+EB,0.444,positiva,77.1,17.0,44.6
18,NOVO ARIPUANÃ,RUA MANOEL ANDRADE DOS SANTOS,LULA+EB,#27AE60,-5.15515,-60.89185,6,0.279,0.187,0,373,78.2,101,21.2,236,50.6,LULA+EB,0.466,positiva,74.3,22.2,49.6
19,NOVO ARIPUANÃ,RUA MANOEL ANDRADE DOS SANTOS,LULA+EB,#27AE60,-5.15518,-60.94257,6,0.276,0.167,0,382,78.0,98,20.0,229,48.6,LULA+EB,0.443,positiva,74.1,21.0,47.6
21,NOVO ARIPUANÃ,RUA MANOEL ANDRADE DOS SANTOS,LULA+EB,#27AE60,-5.12916,-60.94439,6,0.302,0.163,0,400,80.5,86,17.3,227,48.2,LULA+EB,0.464,positiva,76.5,18.2,47.2
24,NOVO ARIPUANÃ,RUA MANOEL ANDRADE DOS SANTOS,LULA+EB,#27AE60,-5.15123,-60.9248,6,0.267,0.152,0,389,77.0,104,20.6,234,47.1,LULA+EB,0.419,positiva,73.2,21.6,46.1
36,NOVO ARIPUANÃ,RUA MANOEL ANDRADE DOS SANTOS,LULA+EB,#27AE60,-5.1192,-60.93569,6,0.213,0.136,0,417,71.6,152,26.1,254,45.5,LULA+EB,0.349,positiva,68.1,27.4,44.6
46,NOVO ARIPUANÃ,RUA CORONEL PAES,LULA+EB,#27AE60,-5.16456,-60.96395,6,0.298,0.136,0,475,80.1,103,17.4,263,45.5,LULA+EB,0.434,positiva,76.1,18.2,44.6
50,NOVO ARIPUANÃ,RUA CORONEL PAES,LULA+EB,#27AE60,-5.1445,-60.92233,6,0.273,0.128,0,433,77.6,114,20.4,240,44.8,LULA+EB,0.401,positiva,73.7,21.5,43.9
51,NOVO ARIPUANÃ,RUA CORONEL PAES,LULA+EB,#27AE60,-5.13007,-60.91116,6,0.234,0.121,0,435,73.7,138,23.4,249,44.0,LULA+EB,0.355,positiva,70.0,24.6,43.1
53,NOVO ARIPUANÃ,RUA CORONEL PAES,LULA+EB,#27AE60,-5.15327,-60.91005,6,0.274,0.125,0,436,77.7,117,20.9,239,44.4,LULA+EB,0.399,positiva,73.8,21.9,43.5
56,NOVO ARIPUANÃ,RUA CORONEL PAES,LULA+EB,#27AE60,-5.14572,-60.88955,6,0.275,0.133,0,469,77.8,120,19.9,262,45.3,LULA+EB,0.408,positiva,73.9,20.9,44.3
57,NOVO ARIPUANÃ,RUA CORONEL PAES,LULA+EB,#27AE60,-5.15866,-60.91354,6,0.249,0.096,0,433,75.2,133,23.1,232,41.6,LULA+EB,0.345,positiva,71.4,24.2,40.7
58,NOVO ARIPUANÃ,RUA CORONEL PAES,LULA+EB,#27AE60,-5.14192,-60.89639,6,0.298,0.141,0,469,80.2,108,18.5,260,46.0,LULA+EB,0.439,positiva,76.2,19.4,45.1
59,NOVO ARIPUANÃ,"RUA CASTELO BRANCO, 216",LULA+EB,#27AE60,-5.17912,-60.92372,6,0.211,0.098,0,348,71.5,123,25.3,197,41.7,LULA+EB,0.309,positiva,67.9,26.5,40.9
60,NOVO ARIPUANÃ,"RUA CASTELO BRANCO, 216",LULA+EB,#27AE60,-5.17339,-60.9316,6,0.203,0.066,0,353,70.6,139,27.8,190,38.5,LULA+EB,0.269,positiva,67.1,29.2,37.8
61,NOVO ARIPUANÃ,"RUA CASTELO BRANCO, 216",LULA+EB,#27AE60,-5.12547,-60.89222,6,0.215,0.053,0,351,71.8,124,25.4,177,37.2,LULA+EB,0.267,positiva,68.2,26.6,36.4
62,NOVO ARIPUANÃ,RUA CONEGO BENTO,LULA+EB,#27AE60,-5.13244,-60.9428,6,0.213,0.145,0,209,71.6,77,26.4,131,46.5,LULA+EB,0.358,positiva,68.0,27.7,45.5
63,NOVO ARIPUANÃ,RUA CONEGO BENTO,LULA+EB,#27AE60,-5.11608,-60.88995,6,0.216,0.1,0,231,72.0,83,25.9,127,41.9,LULA+EB,0.316,positiva,68.4,27.1,41.1
65,NOVO ARIPUANÃ,"COM. SANTA MARIA DO URUÁ, RIO MADEIRA ACIMA, MARGEM ESQUERDA",LULA+EB,#27AE60,-5.17873,-60.89592,6,0.26,0.085,0,432,76.3,127,22.4,221,40.4,LULA+EB,0.345,positiva,72.5,23.6,39.6
66,NOVO ARIPUANÃ,"AVENIDA 19 DE DEZEMBRO, 184",LULA+EB,#27AE60,-5.14021,-60.96026,6,0.296,0.182,0,351,80.0,77,17.5,213,50.1,LULA+EB,0.478,positiva,76.0,18.4,49.1
67,NOVO ARIPUANÃ,RUA CONEGO BENTO,LULA+EB,#27AE60,-5.1807,-60.91435,6,0.295,0.147,0,210,79.8,49,18.6,119,46.7,LULA+EB,0.443,positiva,75.9,19.6,45.7
70,NOVO ARIPUANÃ,"COM. SANTA MARIA DO URUÁ, RIO MADEIRA ACIMA, MARGEM ESQUERDA",LULA+EB,#27AE60,-5.13537,-60.9255,6,0.17,0.009,0,371,67.3,174,31.6,176,32.8,LULA+EB,0.179,positiva,64.0,33.2,32.2
71,NOVO ARIPUANÃ,RUA CONEGO BENTO,LULA+EB,#27AE60,-5.13098,-60.88912,6,0.238,0.128,0,221,74.2,71,23.8,128,44.8,LULA+EB,0.367,positiva,70.5,25.0,43.9
72,NOVO ARIPUANÃ,"COM. ESTRELA DO NORTE, AM-174, KM 225",DIFÍCIL,#E74C3C,-5.13299,-60.9204,6,-0.303,-0.228,0,23,20.0,86,74.8,10,9.1,DIFÍCIL,-0.532,negativa,19.0,78.5,8.9
73,NOVO ARIPUANÃ,RUA CONEGO BENTO,LULA+EB,#27AE60,-5.16406,-60.88922,6,0.263,0.21,0,128,76.6,33,19.8,82,52.9,LULA+EB,0.473,positiva,72.8,20.7,51.8
76,NOVO ARIPUANÃ,RUA 09 DE OUTUBRO,LULA+EB,#27AE60,-5.12473,-60.91509,6,0.267,0.111,0,84,77.1,23,21.1,46,43.0,LULA+EB,0.378,positiva,73.2,22.2,42.1
10,PARINTINS,"RUA CORONEL JOSE AUGUSTO, 2214",LULA+EB,#27AE60,-2.62534,-56.78252,6,0.224,0.055,0.73,280,72.7,88,22.9,132,37.4,LULA+EB,0.279,positiva,69.1,24.0,36.6
12,PARINTINS,"RUA CORONEL JOSE AUGUSTO, 2214",LULA+EB,#27AE60,-2.67773,-56.74928,6,0.232,0.068,0,289,73.5,88,22.4,143,38.8,LULA+EB,0.3,positiva,69.9,23.5,38.0
14,PARINTINS,"AVENIDA AMAZONAS, 2387",LULA+EB,#27AE60,-2.63149,-56.76327,6,0.219,0.088,0.72,224,72.3,80,25.8,123,40.7,LULA+EB,0.307,positiva,68.6,27.1,39.9
15,PARINTINS,"AVENIDA AMAZONAS, 2387",LULA+EB,#27AE60,-2.62998,-56.70527,6,0.228,0.053,0,212,73.1,70,24.1,104,37.3,LULA+EB,0.281,positiva,69.4,25.3,36.5
16,PARINTINS,"RUA ARMANDO PRADO, 100",LULA+EB,#27AE60,-2.63081,-56.74177,6,0.216,0.092,0.72,207,71.9,69,24.0,113,41.1,LULA+EB,0.307,positiva,68.3,25.2,40.3
17,PARINTINS,"RUA ARMANDO PRADO, 100",LULA+EB,#27AE60,-2.65718,-56.7777,6,0.23,0.018,0,201,73.4,61,22.3,88,33.7,LULA+EB,0.248,positiva,69.7,23.4,33.0
18,PARINTINS,"RUA ARMANDO PRADO, 100",LULA+EB,#27AE60,-2.62057,-56.77226,6,0.241,0.068,0.74,227,74.4,63,20.7,114,38.8,LULA+EB,0.31,positiva,70.7,21.7,38.0
19,PARINTINS,"AVENIDA AMAZONAS, 2387",LULA+EB,#27AE60,-2.62095,-56.75258,6,0.232,0.081,0.74,236,73.5,73,22.7,123,40.1,LULA+EB,0.313,positiva,69.8,23.9,39.3
20,PARINTINS,"AVENIDA AMAZONAS, 2387",LULA+EB,#27AE60,-2.65494,-56.74137,6,0.232,0.01,0,231,73.6,68,21.7,98,32.9,LULA+EB,0.242,positiva,69.9,22.7,32.2
21,PARINTINS,"AVENIDA AMAZONAS, 2387",LULA+EB,#27AE60,-2.63048,-56.73628,6,0.243,0.042,0.75,224,74.7,62,20.7,100,36.1,LULA+EB,0.285,positiva,70.9,21.7,35.4
22,PARINTINS,"AVENIDA AMAZONAS, 2387",LULA+EB,#27AE60,-2.66607,-56.73354,6,0.245,0.123,0.75,232,74.8,67,21.6,130,44.2,LULA+EB,0.368,positiva,71.1,22.7,43.3
23,PARINTINS,"RUA 31 DE MARCO, 144",LULA+EB,#27AE60,-2.63105,-56.74713,6,0.237,-0.002,0.74,314,74.1,90,21.2,130,31.7,LULA+EB,0.235,positiva,70.4,22.3,31.1
24,PARINTINS,"RUA 31 DE MARCO, 144",LULA+EB,#27AE60,-2.63958,-56.73476,6,0.283,0.078,0.79,328,78.7,65,15.6,157,39.7,LULA+EB,0.362,positiva,74.7,16.4,39.0
25,PARINTINS,"RUA 31 DE MARCO, 144",LULA+EB,#27AE60,-2.60105,-56.77697,6,0.197,0.012,0.7,309,70.1,110,24.9,139,33.1,LULA+EB,0.209,positiva,66.6,26.2,32.4
26,PARINTINS,"RUA 31 DE MARCO, 144",LULA+EB,#27AE60,-2.63301,-56.70383,6,0.246,0.072,0.75,325,74.9,90,20.7,164,39.1,LULA+EB,0.318,positiva,71.1,21.8,38.4
27,PARINTINS,"PRAÇA SAO BENEDITO, 3145",LULA+EB,#27AE60,-2.64939,-56.78686,6,0.295,0.102,0.8,313,79.8,63,16.1,159,42.2,LULA+EB,0.398,positiva,75.9,16.9,41.3
28,PARINTINS,"PRAÇA SAO BENEDITO, 3145",LULA+EB,#27AE60,-2.6301,-56.74891,6,0.292,0.054,0.8,291,79.5,57,15.6,131,37.3,LULA+EB,0.346,positiva,75.5,16.4,36.6
29,PARINTINS,"AVENIDA VICENTE REIS, 3403",LULA+EB,#27AE60,-2.61041,-56.71258,6,0.37,0.091,0.87,309,87.3,35,9.9,135,41.0,LULA+EB,0.461,positiva,82.9,10.4,40.2
30,PARINTINS,"AVENIDA VICENTE REIS, 3403",LULA+EB,#27AE60,-2.63053,-56.73849,6,0.342,0.159,0.85,311,84.5,45,12.2,164,47.8,LULA+EB,0.501,positiva,80.3,12.8,46.9
31,PARINTINS,"AVENIDA VICENTE REIS, 3403",LULA+EB,#27AE60,-2.59211,-56.73178,6,0.337,0.121,0.84,300,84.0,50,14.0,152,44.1,LULA+EB,0.458,positiva,79.8,14.7,43.2
32,PARINTINS,"AVENIDA VICENTE REIS, 3403",LULA+EB,#27AE60,-2.63302,-56.74869,6,0.313,0.125,0.82,288,81.6,55,15.6,152,44.4,LULA+EB,0.438,positiva,77.5,16.4,43.6
33,PARINTINS,"AVENIDA VICENTE REIS, 3403",LULA+EB,#27AE60,-2.66676,-56.71229,6,0.354,0.152,0.86,311,85.7,44,12.1,163,47.1,LULA+EB,0.505,positiva,81.4,12.7,46.2
34,PARINTINS,"AVENIDA VICENTE REIS, 3403",LULA+EB,#27AE60,-2.62985,-56.7242,6,0.335,0.094,0.84,291,83.9,50,14.4,135,41.3,LULA+EB,0.429,positiva,79.7,15.1,40.5
35,PARINTINS,"RUA ARMANDO PRADO, 100",LULA+EB,#27AE60,-2.59312,-56.75301,6,0.225,0.088,0,201,72.8,68,24.6,107,40.7,LULA+EB,0.313,positiva,69.2,25.9,39.9
36,PARINTINS,"RUA ARMANDO PRADO, 100",LULA+EB,#27AE60,-2.61371,-56.72448,6,0.29,0.095,0.79,245,79.3,53,17.2,120,41.4,LULA+EB,0.384,positiva,75.3,18.0,40.6
37,PARINTINS,"RUA ARMANDO PRADO, 100",LULA+EB,#27AE60,-2.63116,-56.73373,6,0.181,0.01,0,199,68.4,75,25.8,93,33.0,LULA+EB,0.191,positiva,65.0,27.1,32.3
38,PARINTINS,"RUA FAUSTO BULCÃO, 1286",LULA+EB,#27AE60,-2.61721,-56.73665,6,0.266,0.084,0.77,266,76.9,68,19.7,135,40.3,LULA+EB,0.349,positiva,73.0,20.6,39.5
39,PARINTINS,"RUA FAUSTO BULCÃO, 1286",LULA+EB,#27AE60,-2.62688,-56.72923,6,0.301,0.083,0,295,80.4,59,16.1,142,40.2,LULA+EB,0.384,positiva,76.4,16.9,39.4
40,PARINTINS,"RUA ARMANDO PRADO, 100",LULA+EB,#27AE60,-2.6421,-56.77814,6,0.253,0.022,0.76,214,75.6,55,19.4,90,34.1,LULA+EB,0.275,positiva,71.8,20.4,33.4
41,PARINTINS,"RUA SETE DE SETEMBRO, 1960",LULA+EB,#27AE60,-2.64008,-56.7853,6,0.298,0.081,0.8,339,80.1,70,16.5,163,40.0,LULA+EB,0.379,positiva,76.1,17.4,39.2
42,PARINTINS,"RUA SETE DE SETEMBRO, 1960",LULA+EB,#27AE60,-2.64101,-56.70334,6,0.309,0.041,0.81,394,81.2,75,15.5,170,36.0,LULA+EB,0.35,positiva,77.2,16.2,35.3
43,PARINTINS,"RUA SETE DE SETEMBRO, 1960",LULA+EB,#27AE60,-2.61399,-56.76263,6,0.251,0.109,0.75,331,75.4,93,21.2,174,42.9,LULA+EB,0.36,positiva,71.6,22.2,42.0
44,PARINTINS,"RUA SETE DE SETEMBRO, 1960",LULA+EB,#27AE60,-2.65506,-56.7746,6,0.239,0.059,0.74,334,74.2,95,21.1,162,37.9,LULA+EB,0.298,positiva,70.5,22.2,37.1
45,PARINTINS,"RUA SETE DE SETEMBRO, 1960",LULA+EB,#27AE60,-2.61287,-56.74956,6,0.3,0.15,0.8,367,80.3,68,14.9,204,46.9,LULA+EB,0.45,positiva,76.3,15.6,46.0
46,PARINTINS,"RUA SETE DE SETEMBRO, 1960",LULA+EB,#27AE60,-2.64032,-56.7524,6,0.326,0.082,0.83,370,83.0,68,15.2,171,40.1,LULA+EB,0.408,positiva,78.8,16.0,39.3
47,PARINTINS,"AVENIDA NAÇOES UNIDAS, 1903",LULA+EB,#27AE60,-2.67494,-56.73346,6,0.21,0.055,0.71,339,71.4,115,24.2,169,37.4,LULA+EB,0.265,positiva,67.8,25.4,36.6
48,PARINTINS,"AVENIDA NAÇOES UNIDAS, 1903",LULA+EB,#27AE60,-2.61979,-56.71006,6,0.226,0.087,0.73,355,72.9,120,24.6,191,40.6,LULA+EB,0.313,positiva,69.3,25.9,39.8
49,PARINTINS,"AVENIDA NAÇOES UNIDAS, 1903",LULA+EB,#27AE60,-2.66105,-56.76006,6,0.207,0.109,0.71,339,71.1,118,24.7,194,42.8,LULA+EB,0.316,positiva,67.5,26.0,42.0
50,PARINTINS,"AVENIDA NAÇOES UNIDAS, 1903",LULA+EB,#27AE60,-2.61278,-56.73719,6,0.225,0.089,0.73,372,72.8,124,24.3,197,40.8,LULA+EB,0.313,positiva,69.2,25.5,40.0
51,PARINTINS,"AVENIDA NAÇOES UNIDAS, 1903",LULA+EB,#27AE60,-2.62547,-56.77308,6,0.199,0.087,0.7,353,70.2,128,25.4,193,40.6,LULA+EB,0.286,positiva,66.7,26.7,39.8
52,PARINTINS,"AVENIDA NAÇOES UNIDAS, 1903",LULA+EB,#27AE60,-2.64422,-56.78203,6,0.222,0.051,0.72,348,72.5,106,22.1,172,37.0,LULA+EB,0.272,positiva,68.9,23.2,36.2
53,PARINTINS,"AVENIDA NAÇOES UNIDAS, 1903",LULA+EB,#27AE60,-2.59254,-56.76953,6,0.252,0.037,0.76,376,75.5,97,19.5,171,35.6,LULA+EB,0.289,positiva,71.7,20.5,34.9
54,PARINTINS,"AVENIDA AMAZONAS, 2387",LULA+EB,#27AE60,-2.63584,-56.7351,6,0.225,0.084,0.73,217,72.8,71,23.8,115,40.4,LULA+EB,0.309,positiva,69.2,25.0,39.5
55,PARINTINS,"RUA FAUSTO BULCÃO, 1286",LULA+EB,#27AE60,-2.67409,-56.7442,6,0.253,0.075,0.76,273,75.6,72,19.9,134,39.4,LULA+EB,0.328,positiva,71.8,20.9,38.6
56,PARINTINS,"RUA CORONEL JOSE AUGUSTO, 2214",LULA+EB,#27AE60,-2.6204,-56.73777,6,0.151,0.085,0,136,65.4,58,27.9,80,40.4,LULA+EB,0.235,positiva,62.1,29.3,39.6
57,PARINTINS,"RUA FAUSTO BULCÃO, 1286",LULA+EB,#27AE60,-2.63723,-56.73931,6,0.286,0.091,0.79,281,78.9,63,17.7,139,41.0,LULA+EB,0.377,positiva,75.0,18.6,40.2
58,PARINTINS,"AVENIDA AMAZONAS, 2387",LULA+EB,#27AE60,-2.63661,-56.71032,6,0.231,0.022,0.73,215,73.4,67,22.9,96,34.2,LULA+EB,0.253,positiva,69.7,24.0,33.5
59,PARINTINS,"RUA CORONEL JOSE AUGUSTO, 2214",LULA+EB,#27AE60,-2.62605,-56.75458,6,0.201,0.049,0.7,271,70.4,97,25.2,136,36.9,LULA+EB,0.25,positiva,66.9,26.5,36.1
61,PARINTINS,"AVENIDA AMAZONAS, 2387",LULA+EB,#27AE60,-2.62301,-56.78884,6,0.294,0.055,0.8,240,79.7,48,15.9,106,37.5,LULA+EB,0.349,positiva,75.7,16.7,36.7
62,PARINTINS,"AVENIDA AMAZONAS, 2387",LULA+EB,#27AE60,-2.64442,-56.75278,6,0.295,0.15,0.8,257,79.8,56,17.4,145,46.9,LULA+EB,0.445,positiva,75.8,18.3,46.0
63,PARINTINS,"AVENIDA AMAZONAS, 2387",LULA+EB,#27AE60,-2.62723,-56.70304,6,0.232,0.072,0.73,219,73.5,69,23.2,112,39.2,LULA+EB,0.304,positiva,69.8,24.3,38.4
64,PARINTINS,"AVENIDA AMAZONAS, 2387",LULA+EB,#27AE60,-2.6296,-56.7812,6,0.232,0.114,0.74,214,73.5,66,22.7,121,43.4,LULA+EB,0.347,positiva,69.9,23.8,42.5
65,PARINTINS,"AVENIDA AMAZONAS, 2387",LULA+EB,#27AE60,-2.63432,-56.72221,6,0.221,0.088,0.72,218,72.4,71,23.6,117,40.8,LULA+EB,0.309,positiva,68.8,24.8,40.0
66,PARINTINS,"AVENIDA AMAZONAS, 2387",LULA+EB,#27AE60,-2.68249,-56.73378,6,0.227,0.057,0.73,227,73.0,72,23.2,111,37.6,LULA+EB,0.284,positiva,69.3,24.3,36.9
67,PARINTINS,"RUA JOAO MEIRELES, 445",LULA+EB,#27AE60,-2.62144,-56.73409,6,0.283,0.054,0.79,301,78.6,68,17.8,139,37.4,LULA+EB,0.337,positiva,74.7,18.6,36.6
68,PARINTINS,"RUA JOAO MEIRELES, 445",LULA+EB,#27AE60,-2.63444,-56.7649,6,0.244,0.082,0.75,257,74.7,74,21.5,132,40.1,LULA+EB,0.326,positiva,71.0,22.6,39.3
69,PARINTINS,"RUA JOAO MEIRELES, 445",LULA+EB,#27AE60,-2.6492,-56.70816,6,0.239,0.089,0.74,274,74.3,85,23.0,144,40.8,LULA+EB,0.328,positiva,70.5,24.2,40.0
70,PARINTINS,"RUA JOAO MEIRELES, 445",LULA+EB,#27AE60,-2.63809,-56.73663,6,0.184,0.068,0.69,255,68.7,97,26.1,138,38.8,LULA+EB,0.252,positiva,65.3,27.5,38.0
71,PARINTINS,"RUA JOAO MEIRELES, 445",LULA+EB,#27AE60,-2.63791,-56.73848,6,0.276,0.072,0.78,258,77.9,58,17.5,121,39.2,LULA+EB,0.349,positiva,74.0,18.4,38.4
72,PARINTINS,"PRAÇA DA MATRIZ, S/N",LULA+EB,#27AE60,-2.58536,-56.71666,6,0.184,0.054,0.69,288,68.7,108,25.8,151,37.3,LULA+EB,0.238,positiva,65.3,27.1,36.5
73,PARINTINS,"PRAÇA DA MATRIZ, S/N",LULA+EB,#27AE60,-2.6204,-56.76134,6,0.128,0.069,0.63,262,63.1,133,32.0,151,38.8,LULA+EB,0.197,positiva,60.0,33.7,38.0
74,PARINTINS,"PRAÇA DA MATRIZ, S/N",LULA+EB,#27AE60,-2.63442,-56.73411,6,0.163,0.06,0.67,291,66.6,119,27.2,159,37.9,LULA+EB,0.223,positiva,63.3,28.6,37.2
75,PARINTINS,"PRAÇA DA MATRIZ, S/N",LULA+EB,#27AE60,-2.6193,-56.73637,6,0.183,0.073,0.69,299,68.6,110,25.2,160,39.2,LULA+EB,0.255,positiva,65.1,26.5,38.4
76,PARINTINS,"RUA FAUSTO BULCÃO, 1286",LULA+EB,#27AE60,-2.62351,-56.76071,6,0.272,0.078,0.78,283,77.5,71,19.5,139,39.7,LULA+EB,0.35,positiva,73.7,20.4,38.9
77,PARINTINS,"RUA FAUSTO BULCÃO, 1286",LULA+EB,#27AE60,-2.65171,-56.77476,6,0.224,0.094,0.73,256,72.7,74,21.0,139,41.4,LULA+EB,0.318,positiva,69.1,22.1,40.5
78,PARINTINS,"RUA RUI BARBOSA,110",EB_PURO,#8E44AD,-2.62658,-56.73923,6,-0.025,0.033,0.48,153,47.8,157,49.1,80,35.2,EB_PURO,0.008,estável,45.4,51.5,34.5
79,PARINTINS,"RUA RUI BARBOSA,110",DIFÍCIL,#E74C3C,-2.6434,-56.71933,6,-0.127,-0.094,0,84,37.7,133,59.6,32,22.5,DIFÍCIL,-0.22,negativa,35.8,62.6,22.1
81,PARINTINS,"RUA FAUSTO BULCÃO, 1286",LULA+EB,#27AE60,-2.5869,-56.75816,6,0.263,0.032,0.77,259,76.6,65,19.2,116,35.2,LULA+EB,0.295,positiva,72.8,20.2,34.4
82,PARINTINS,"RUA FAUSTO BULCÃO, 1286",LULA+EB,#27AE60,-2.67953,-56.74412,6,0.243,0.094,0.75,267,74.6,75,20.9,140,41.3,LULA+EB,0.336,positiva,70.9,22.0,40.5
83,PARINTINS,"COMUNIDADE BOM SOCORRO, LAGO DO ZE AÇU",LULA+EB,#27AE60,-2.59917,-56.73434,6,0.455,0.294,0.96,555,95.9,18,3.1,347,61.3,LULA+EB,0.749,positiva,91.1,3.3,60.1
86,PARINTINS,"RUA JOAQUIM PRESTES AZEDO, 30",LULA+EB,#27AE60,-2.6256,-56.73986,6,0.19,0.084,0.69,269,69.3,104,26.8,146,40.3,LULA+EB,0.274,positiva,65.9,28.1,39.5
87,PARINTINS,"RUA ONELDES MARTINS, 3311",LULA+EB,#27AE60,-2.65088,-56.71531,6,0.294,0.05,0.8,393,79.7,80,16.2,173,36.9,LULA+EB,0.344,positiva,75.7,17.0,36.1
88,PARINTINS,"RODOVIA ODOVALDO NOVO, 4768",LULA+EB,#27AE60,-2.66787,-56.75952,6,0.239,0.072,0.74,467,74.2,145,23.1,237,39.1,LULA+EB,0.311,positiva,70.5,24.2,38.3
90,PARINTINS,"RUA JOAO PEREIRA, SN, AGROVILA DO CABURI",LULA+EB,#27AE60,-2.61653,-56.71281,6,0.393,0.275,0.9,509,89.6,52,9.2,324,59.4,LULA+EB,0.668,positiva,85.1,9.6,58.3
91,PARINTINS,"RUA JOAO PEREIRA, SN, AGROVILA DO CABURI",LULA+EB,#27AE60,-2.62975,-56.76875,6,0.371,0.273,0.87,520,87.4,68,11.4,339,59.3,LULA+EB,0.644,positiva,83.0,12.0,58.1
92,PARINTINS,"RUA 24 DE ABRIL, S/N, AGROVILA DO MOCAMBO",LULA+EB,#27AE60,-2.60962,-56.72388,6,0.423,0.361,0.93,464,92.6,32,6.4,334,68.0,LULA+EB,0.784,positiva,88.0,6.7,66.7
93,PARINTINS,"RUA 24 DE ABRIL, S/N, AGROVILA DO MOCAMBO",LULA+EB,#27AE60,-2.64151,-56.77222,6,0.444,0.393,0.95,489,94.8,21,4.1,357,71.3,LULA+EB,0.838,positiva,90.0,4.3,69.8
94,PARINTINS,"RUA 24 DE ABRIL, S/N, AGROVILA DO MOCAMBO",LULA+EB,#27AE60,-2.60743,-56.71924,6,0.439,0.409,0.94,473,94.2,26,5.2,349,72.9,LULA+EB,0.848,positiva,89.5,5.4,71.4
95,PARINTINS,"RUA JOAO PEREIRA, SN, AGROVILA DO CABURI",LULA+EB,#27AE60,-2.58924,-56.7171,6,0.412,0.267,0.92,551,91.5,46,7.6,343,58.6,LULA+EB,0.679,positiva,87.0,8.0,57.5
97,PARINTINS,"RUA JOAQUIM PRESTES AZEDO, 30",LULA+EB,#27AE60,-2.60708,-56.69964,6,0.178,0.02,0.68,248,68.1,104,28.6,118,33.9,LULA+EB,0.198,positiva,64.7,30.0,33.2
98,PARINTINS,"RUA ONELDES MARTINS, 3311",LULA+EB,#27AE60,-2.61869,-56.7295,6,0.288,0.028,0.79,410,79.2,95,18.3,173,34.7,LULA+EB,0.316,positiva,75.2,19.3,34.0
101,PARINTINS,"RUA ONELDES MARTINS, 3311",LULA+EB,#27AE60,-2.61835,-56.77356,6,0.332,0.116,0.84,446,83.5,75,14.0,221,43.5,LULA+EB,0.448,positiva,79.3,14.7,42.6
106,PARINTINS,"RUA JOAQUIM PRESTES AZEDO, 30",PURO_SWING,#F4D03F,-2.63872,-56.71794,6,0.223,-0.029,0.73,276,72.6,94,24.7,107,29.1,PURO_SWING,0.195,positiva,69.0,26.0,28.5
107,PARINTINS,"RUA SETE DE SETEMBRO, 1960",LULA+EB,#27AE60,-2.63061,-56.73652,6,0.267,0.091,0.77,383,77.1,93,18.7,198,41.1,LULA+EB,0.359,positiva,73.2,19.6,40.3
108,PARINTINS,"RUA JOAQUIM PRESTES AZEDO, 30",LULA+EB,#27AE60,-2.64734,-56.73644,6,0.237,0.034,0.74,285,74.0,84,21.8,132,35.3,LULA+EB,0.271,positiva,70.3,22.9,34.6
109,PARINTINS,"RUA ONELDES MARTINS, 3311",LULA+EB,#27AE60,-2.62929,-56.71355,6,0.3,0.101,0.8,428,80.3,90,16.9,212,42.1,LULA+EB,0.401,positiva,76.3,17.7,41.2
110,PARINTINS,"PRAÇA DA MATRIZ, S/N",LULA+EB,#27AE60,-2.59994,-56.76746,6,0.102,0.012,0.6,251,60.5,137,33.0,132,33.1,LULA+EB,0.113,positiva,57.5,34.7,32.4
111,PARINTINS,"RUA 31 DE MARCO, 144",LULA+EB,#27AE60,-2.62868,-56.753,6,0.291,0.068,0.79,344,79.4,73,16.9,163,38.7,LULA+EB,0.359,positiva,75.5,17.7,37.9
113,PARINTINS,"AVENIDA AMAZONAS, 2387",LULA+EB,#27AE60,-2.65168,-56.71837,6,0.2,0.112,0.7,228,70.4,80,24.7,134,43.1,LULA+EB,0.312,positiva,66.9,25.9,42.2
114,PARINTINS,"RUA ONELDES MARTINS, 3311",LULA+EB,#27AE60,-2.67652,-56.72439,6,0.327,0.109,0.83,449,83.0,78,14.4,227,42.8,LULA+EB,0.436,positiva,78.8,15.1,42.0
116,PARINTINS,"RUA JOAQUIM PRESTES AZEDO, 30",LULA+EB,#27AE60,-2.62249,-56.74226,6,0.209,0.048,0.71,277,71.2,92,23.7,134,36.7,LULA+EB,0.257,positiva,67.6,24.8,36.0
117,PARINTINS,"RUA ONELDES MARTINS, 3311",LULA+EB,#27AE60,-2.62971,-56.73908,6,0.282,0.064,0.79,418,78.6,92,17.3,199,38.3,LULA+EB,0.347,positiva,74.6,18.2,37.6
118,PARINTINS,"COM. TERRA PRETA,  RIO MAMURU",LULA+EB,#27AE60,-2.61409,-56.77141,6,0.473,0.277,0.98,363,97.6,7,1.9,217,59.6,LULA+EB,0.749,positiva,92.7,2.0,58.4
119,PARINTINS,"COM. DO SANTO ANTONIO, RIO TRACAJA",LULA+EB,#27AE60,-2.63843,-56.72309,6,0.445,0.245,0.95,480,94.9,20,4.0,266,56.5,LULA+EB,0.691,positiva,90.1,4.2,55.3
120,PARINTINS,"COM. DO JACU, RIO UAICURAPA",LULA+EB,#27AE60,-2.65011,-56.73097,6,0.428,0.358,0.93,381,93.2,23,5.6,262,67.7,LULA+EB,0.786,positiva,88.5,5.9,66.3
121,PARINTINS,COM. DA VILA AMAZONIA,LULA+EB,#27AE60,-2.59336,-56.74069,6,0.39,0.315,0.89,526,89.3,50,8.5,352,63.4,LULA+EB,0.705,positiva,84.8,8.9,62.2
122,PARINTINS,COM. PARANA DO LIMAO DO MEIO,LULA+EB,#27AE60,-2.60169,-56.76851,6,0.474,0.269,0.98,295,97.7,3,1.0,173,58.8,LULA+EB,0.743,positiva,92.8,1.0,57.7
123,PARINTINS,COM. DO PARANANEMA,LULA+EB,#27AE60,-2.65187,-56.78046,6,0.413,0.165,0.92,473,91.7,31,6.0,239,48.5,LULA+EB,0.579,positiva,87.1,6.3,47.5
125,PARINTINS,COM. DO ANINGA,LULA+EB,#27AE60,-2.6553,-56.72946,6,0.353,0.171,0.86,496,85.7,70,12.1,271,49.0,LULA+EB,0.524,positiva,81.4,12.7,48.0
126,PARINTINS,COM. PARANA DO ESPIRITO SANTO DO MEIO,LULA+EB,#27AE60,-2.59307,-56.75242,6,0.453,0.132,0.96,519,95.6,19,3.5,234,45.2,LULA+EB,0.585,positiva,90.8,3.7,44.3
127,PARINTINS,COM. BOCA DO BOTO,LULA+EB,#27AE60,-2.63096,-56.73949,6,0.32,0.096,0.82,345,82.3,63,15.0,166,41.5,LULA+EB,0.416,positiva,78.2,15.8,40.7
128,PARINTINS,COM. ILHA DAS GUARIBAS,LULA+EB,#27AE60,-2.60241,-56.71003,6,0.447,0.168,0.95,323,95.0,14,4.1,157,48.8,LULA+EB,0.615,positiva,90.2,4.3,47.8
129,PARINTINS,COM. DO REMANSO,LULA+EB,#27AE60,-2.63597,-56.73197,6,0.402,0.517,0.9,285,90.5,29,9.2,255,83.6,LULA+EB,0.918,positiva,86.0,9.7,81.9
130,PARINTINS,COM. DO SARACURA,LULA+EB,#27AE60,-2.63816,-56.73444,6,0.492,0.337,1.0,417,99.5,1,0.2,258,65.6,LULA+EB,0.829,positiva,94.5,0.3,64.3
133,PARINTINS,COM. DO MACURANY,LULA+EB,#27AE60,-2.62801,-56.74883,6,0.352,0.101,0.86,514,85.5,71,11.8,246,42.0,LULA+EB,0.453,positiva,81.2,12.4,41.1
134,PARINTINS,"RUA 31 DE MARCO, 144",LULA+EB,#27AE60,-2.58563,-56.72107,6,0.274,0.051,0.78,334,77.7,76,17.7,150,37.0,LULA+EB,0.325,positiva,73.8,18.6,36.3
135,PARINTINS,"RUA JOAQUIM PRESTES AZEDO, 30",LULA+EB,#27AE60,-2.66986,-56.73903,6,0.237,0.028,0.74,290,74.0,92,23.5,132,34.7,LULA+EB,0.265,positiva,70.3,24.6,34.0
136,PARINTINS,"RUA ONELDES MARTINS, 3311",LULA+EB,#27AE60,-2.65357,-56.72666,6,0.286,0.128,0.79,412,78.9,89,17.0,221,44.7,LULA+EB,0.414,positiva,75.0,17.9,43.8
137,PARINTINS,COM. DA VALERIA,PURO_SWING,#F4D03F,-2.63443,-56.74889,6,0.379,-0.036,0.88,450,88.2,51,10.0,139,28.4,PURO_SWING,0.344,positiva,83.8,10.5,27.8
138,PARINTINS,"COM. DO MARAJÓ, RIO UAICURAPA",LULA+EB,#27AE60,-2.62661,-56.78266,6,0.442,0.14,0.95,470,94.6,16,3.2,222,46.0,LULA+EB,0.583,positiva,89.8,3.4,45.0
139,PARINTINS,"COM. DO MARANHAO, RIO UAICURAPA",LULA+EB,#27AE60,-2.62938,-56.73803,6,0.453,0.166,0.96,630,95.6,26,3.9,307,48.5,LULA+EB,0.618,positiva,90.8,4.1,47.5
140,PARINTINS,COM. PARANÁ DE PARINTINS DE BAIXO,LULA+EB,#27AE60,-2.63736,-56.74628,6,0.436,0.032,0.94,280,94.0,12,4.0,98,35.1,LULA+EB,0.468,positiva,89.3,4.2,34.4
141,PARINTINS,COM. PANAUARU,LULA+EB,#27AE60,-2.63588,-56.70823,6,0.436,0.206,0.94,294,93.9,14,4.5,156,52.5,LULA+EB,0.642,positiva,89.2,4.7,51.5
142,PARINTINS,"AVENIDA AMAZONAS, 2387",LULA+EB,#27AE60,-2.62234,-56.72764,6,0.266,0.077,0.77,233,76.9,57,18.8,118,39.6,LULA+EB,0.342,positiva,73.1,19.8,38.8
143,PARINTINS,COM. ITABORAÍ DO MEIO,LULA+EB,#27AE60,-2.64755,-56.76295,6,0.431,0.211,0.93,355,93.4,21,5.5,194,53.0,LULA+EB,0.642,positiva,88.8,5.8,51.9
144,PARINTINS,"RUA 24 DE ABRIL, S/N, AGROVILA DO MOCAMBO",LULA+EB,#27AE60,-2.66745,-56.71452,6,0.427,0.36,0.93,454,93.0,26,5.3,322,67.9,LULA+EB,0.787,positiva,88.4,5.6,66.6
145,PARINTINS,COM. DO BUIUÇU,LULA+EB,#27AE60,-2.62976,-56.73893,6,0.386,0.102,0.89,152,88.9,14,8.2,67,42.1,LULA+EB,0.488,positiva,84.4,8.6,41.3
146,PARINTINS,"RUA SETE DE SETEMBRO, 1960",LULA+EB,#27AE60,-2.58519,-56.76348,6,0.304,0.094,0.81,401,80.7,75,15.1,198,41.3,LULA+EB,0.398,positiva,76.6,15.8,40.5
147,PARINTINS,"RODOVIA ODOVALDO NOVO, 4768",LULA+EB,#27AE60,-2.60746,-56.73935,6,0.262,0.097,0.77,466,76.5,128,21.0,247,41.7,LULA+EB,0.359,positiva,72.7,22.1,40.8
148,PARINTINS,"RUA FAUSTO BULCÃO, 1286",LULA+EB,#27AE60,-2.6407,-56.72921,6,0.259,0.151,0.76,272,76.2,77,21.6,160,47.1,LULA+EB,0.41,positiva,72.4,22.6,46.1
149,PARINTINS,"PRAÇA SAO BENEDITO, 3145",LULA+EB,#27AE60,-2.62927,-56.78802,6,0.3,0.13,0.8,319,80.4,63,15.9,174,45.0,LULA+EB,0.431,positiva,76.3,16.7,44.1
150,PARINTINS,"RUA FAUSTO BULCÃO, 1286",LULA+EB,#27AE60,-2.61717,-56.76639,6,0.293,0.044,0.8,281,79.6,62,17.6,124,36.4,LULA+EB,0.337,positiva,75.6,18.4,35.6
151,PARINTINS,"RUA FAUSTO BULCÃO, 1286",LULA+EB,#27AE60,-2.66694,-56.73349,6,0.271,0.118,0.77,278,77.4,61,17.0,147,43.8,LULA+EB,0.389,positiva,73.6,17.8,42.9
152,PARINTINS,"RUA ITACOATIARA, 2148",LULA+EB,#27AE60,-2.59832,-56.75655,6,0.298,0.085,0.8,400,80.2,86,17.2,195,40.5,LULA+EB,0.384,positiva,76.2,18.1,39.6
153,PARINTINS,"COM. SAO TOMÉ, RIO UAICURAPA",LULA+EB,#27AE60,-2.65801,-56.74728,6,0.356,0.351,0.86,196,86.0,26,11.4,142,67.0,LULA+EB,0.707,positiva,81.7,12.0,65.6
154,PARINTINS,COM. DO MIRITI,LULA+EB,#27AE60,-2.61623,-56.75687,6,0.39,0.166,0.89,451,89.3,50,9.9,236,48.6,LULA+EB,0.556,positiva,84.8,10.4,47.6
156,PARINTINS,"RUA FAUSTO BULCÃO, 1286",LULA+EB,#27AE60,-2.66784,-56.76778,6,0.31,0.076,0.81,313,81.3,59,15.3,146,39.6,LULA+EB,0.386,positiva,77.2,16.1,38.8
157,PARINTINS,"PRAÇA DA MATRIZ, S/N",LULA+EB,#27AE60,-2.65049,-56.76622,6,0.144,0.045,0.65,257,64.7,121,30.5,140,36.5,LULA+EB,0.189,positiva,61.5,32.0,35.7
158,PARINTINS,"RUA FAUSTO BULCÃO, 1286",LULA+EB,#27AE60,-2.61155,-56.71163,6,0.258,0.062,0.76,284,76.1,80,21.4,135,38.1,LULA+EB,0.32,positiva,72.3,22.5,37.4
159,PARINTINS,"RUA FAUSTO BULCÃO, 1286",LULA+EB,#27AE60,-2.65605,-56.71915,6,0.244,0.11,0.75,260,74.7,78,22.4,142,42.9,LULA+EB,0.354,positiva,71.0,23.5,42.0
160,PARINTINS,"RUA FAUSTO BULCÃO, 1286",LULA+EB,#27AE60,-2.64982,-56.78194,6,0.254,0.081,0.76,272,75.8,61,17.0,138,40.0,LULA+EB,0.335,positiva,72.0,17.8,39.2
161,PARINTINS,"RUA FAUSTO BULCÃO, 1286",LULA+EB,#27AE60,-2.63078,-56.74617,6,0.25,0.028,0.75,271,75.3,68,18.9,121,34.8,LULA+EB,0.278,positiva,71.5,19.8,34.1
162,PARINTINS,"RUA ITACOATIARA, 2148",LULA+EB,#27AE60,-2.64069,-56.73725,6,0.306,0.087,0.81,440,80.9,90,16.5,210,40.6,LULA+EB,0.393,positiva,76.8,17.4,39.8
163,PARINTINS,"RUA FAUSTO BULCAO, 1212",LULA+EB,#27AE60,-2.63213,-56.74596,6,0.275,0.11,0.78,396,77.8,97,19.1,208,43.0,LULA+EB,0.385,positiva,73.9,20.0,42.1
164,PARINTINS,"RUA MACURANY, 4530",LULA+EB,#27AE60,-2.62694,-56.76186,6,0.284,0.106,0.79,380,78.7,85,17.6,196,42.5,LULA+EB,0.389,positiva,74.7,18.5,41.7
165,PARINTINS,"AVENIDA NAÇOES UNIDAS, 3398",LULA+EB,#27AE60,-2.6151,-56.74323,6,0.288,0.143,0.79,410,79.2,88,17.0,230,46.3,LULA+EB,0.432,positiva,75.2,17.8,45.4
166,PARINTINS,"PRAÇA DA MATRIZ, S/N",LULA+EB,#27AE60,-2.62349,-56.75489,6,0.136,0.063,0.64,287,63.9,136,30.3,159,38.2,LULA+EB,0.199,positiva,60.7,31.8,37.5
167,PARINTINS,"COMUNIDADE BOM SOCORRO, LAGO DO ZE AÇU",LULA+EB,#27AE60,-2.59173,-56.75924,6,0.453,0.264,0.96,565,95.6,18,3.0,329,58.3,LULA+EB,0.717,positiva,90.8,3.2,57.2
168,PARINTINS,"RUA FAUSTO BULCAO, 1212",LULA+EB,#27AE60,-2.62584,-56.73096,6,0.229,0.09,0.73,371,73.2,113,22.3,201,40.9,LULA+EB,0.319,positiva,69.5,23.4,40.1
169,PARINTINS,"RUA FAUSTO BULCAO, 1212",LULA+EB,#27AE60,-2.58356,-56.74153,6,0.243,0.038,0.75,400,74.6,117,21.8,180,35.7,LULA+EB,0.281,positiva,70.9,22.9,35.0
170,PARINTINS,"RUA FAUSTO BULCAO, 1212",LULA+EB,#27AE60,-2.68173,-56.73502,6,0.31,0.08,0.81,435,81.3,85,15.9,204,39.9,LULA+EB,0.39,positiva,77.2,16.7,39.1
171,PARINTINS,"RUA MACURANY, 4530",LULA+EB,#27AE60,-2.65367,-56.74003,6,0.296,0.122,0.8,354,79.9,73,16.5,188,44.1,LULA+EB,0.418,positiva,75.9,17.3,43.2
172,PARINTINS,"RUA ITACOATIARA, 2148",LULA+EB,#27AE60,-2.58311,-56.72823,6,0.279,0.093,0.78,407,78.3,97,18.7,209,41.2,LULA+EB,0.372,positiva,74.4,19.6,40.4
173,PARINTINS,"AVENIDA NAÇOES UNIDAS, 3398",LULA+EB,#27AE60,-2.60937,-56.77937,6,0.276,0.11,0.78,396,78.0,99,19.5,210,42.9,LULA+EB,0.386,positiva,74.1,20.5,42.1
174,PARINTINS,"AVENIDA AMAZONAS, 2387",LULA+EB,#27AE60,-2.64694,-56.7325,6,0.234,0.099,0.74,208,73.8,62,22.0,113,41.9,LULA+EB,0.334,positiva,70.1,23.1,41.0
175,PARINTINS,"AVENIDA AMAZONAS, 2387",LULA+EB,#27AE60,-2.67017,-56.73126,6,0.212,0.031,0.71,223,71.5,76,24.4,104,35.0,LULA+EB,0.242,positiva,67.9,25.6,34.3
176,PARINTINS,"AVENIDA AMAZONAS, 2387",LULA+EB,#27AE60,-2.63003,-56.73851,6,0.204,0.109,0.71,217,70.7,77,25.1,125,42.8,LULA+EB,0.312,positiva,67.1,26.3,42.0
177,PARINTINS,"RUA FAUSTO BULCAO, 1212",LULA+EB,#27AE60,-2.62238,-56.76152,6,0.271,0.005,0.77,421,77.4,102,18.8,169,32.4,LULA+EB,0.276,positiva,73.5,19.7,31.8
178,PARINTINS,"RUA MACURANY, 4530",LULA+EB,#27AE60,-2.61737,-56.71068,6,0.298,0.086,0.8,375,80.1,79,16.9,184,40.5,LULA+EB,0.384,positiva,76.1,17.7,39.7
179,PARINTINS,"RUA 24 DE ABRIL, S/N, AGROVILA DO MOCAMBO",LULA+EB,#27AE60,-2.65644,-56.74949,6,0.435,0.38,0.94,457,93.8,25,5.1,332,69.9,LULA+EB,0.815,positiva,89.1,5.4,68.5
180,PARINTINS,"RUA 24 DE ABRIL, S/N, AGROVILA DO MOCAMBO",LULA+EB,#27AE60,-2.62574,-56.7059,6,0.455,0.427,0.96,456,95.8,15,3.2,348,74.7,LULA+EB,0.882,positiva,91.0,3.3,73.2
182,PARINTINS,COM. DA VILA AMAZONIA,LULA+EB,#27AE60,-2.63668,-56.75653,6,0.301,0.212,0.8,447,80.4,86,15.5,289,53.1,LULA+EB,0.513,positiva,76.4,16.2,52.1
183,PARINTINS,"COM. TERRA PRETA,  RIO MAMURU",LULA+EB,#27AE60,-2.63026,-56.73902,6,0.46,0.219,0.96,338,96.3,10,2.8,183,53.8,LULA+EB,0.679,positiva,91.5,3.0,52.7
184,PARINTINS,"COM. DO SANTO ANTONIO, RIO TRACAJA",LULA+EB,#27AE60,-2.6276,-56.74537,6,0.439,0.213,0.94,472,94.2,25,5.0,259,53.2,LULA+EB,0.651,positiva,89.5,5.2,52.1
185,PARINTINS,"AVENIDA GENY BENTES, 3482",LULA+EB,#27AE60,-2.63822,-56.73438,6,0.281,0.063,0.78,417,78.4,98,18.4,198,38.2,LULA+EB,0.344,positiva,74.5,19.3,37.5
187,PARINTINS,COM. DA VALERIA,LULA+EB,#27AE60,-2.58474,-56.75712,6,0.449,0.009,0.95,503,95.3,21,4.0,161,32.9,LULA+EB,0.459,positiva,90.5,4.2,32.2
188,PARINTINS,"AVENIDA GENY BENTES, 3482",LULA+EB,#27AE60,-2.59353,-56.74199,6,0.287,0.063,0.79,448,79.0,103,18.2,202,38.3,LULA+EB,0.35,positiva,75.1,19.1,37.5
189,PARINTINS,COM. DA VILA AMAZONIA,LULA+EB,#27AE60,-2.63249,-56.7388,6,0.309,0.226,0.81,464,81.3,95,16.6,300,54.5,LULA+EB,0.536,positiva,77.2,17.5,53.5
190,PARINTINS,"COM. DO JACU, RIO UAICURAPA",LULA+EB,#27AE60,-2.61589,-56.7534,6,0.43,0.29,0.93,375,93.3,21,5.2,237,60.9,LULA+EB,0.72,positiva,88.6,5.5,59.7
191,PARINTINS,"AVENIDA GENY BENTES, 3482",LULA+EB,#27AE60,-2.66612,-56.74416,6,0.291,0.055,0.79,455,79.4,103,18.0,209,37.4,LULA+EB,0.345,positiva,75.4,18.9,36.6
192,PARINTINS,"RUA MACURANY, 4530",LULA+EB,#27AE60,-2.66664,-56.77421,6,0.224,0.005,0.73,344,72.7,104,22.0,150,32.5,LULA+EB,0.229,positiva,69.1,23.1,31.8
193,PARINTINS,"COM. SAO TOMÉ, RIO UAICURAPA",LULA+EB,#27AE60,-2.63141,-56.71346,6,0.32,0.252,0,182,82.4,39,17.6,120,57.1,LULA+EB,0.572,positiva,78.2,18.5,56.0
194,PARINTINS,"RUA ITACOATIARA, 2148",LULA+EB,#27AE60,-2.59122,-56.76085,6,0.302,0.066,0.8,437,80.5,97,17.9,203,38.5,LULA+EB,0.367,positiva,76.5,18.8,37.7
195,PARINTINS,"AVENIDA GENY BENTES, 3482",LULA+EB,#27AE60,-2.59957,-56.76801,6,0.295,0.029,0.8,443,79.8,95,17.1,185,34.8,LULA+EB,0.324,positiva,75.8,18.0,34.1
196,PARINTINS,COM. MORIÁ,LULA+EB,#27AE60,-2.62649,-56.7337,6,0.373,0.221,0.88,517,87.6,47,8.0,308,54.0,LULA+EB,0.594,positiva,83.2,8.4,53.0
197,PARINTINS,COM. MATO GROSSO,LULA+EB,#27AE60,-2.63445,-56.7415,6,0.387,0.321,0.89,551,89.0,61,9.9,384,64.0,LULA+EB,0.708,positiva,84.6,10.3,62.7
198,PARINTINS,COM. NOSSA SENHORA DO PERPÉTUO SOCORRO DO LAGUINHO,LULA+EB,#27AE60,-2.62234,-56.7631,6,0.356,0.3,0.86,463,85.9,65,12.1,320,61.9,LULA+EB,0.655,positiva,81.6,12.7,60.7
199,PARINTINS,"COM. PARAISO, RIO UAICURAPA",LULA+EB,#27AE60,-2.67541,-56.76167,6,0.455,0.208,0.96,345,95.8,10,2.8,183,52.7,LULA+EB,0.663,positiva,91.0,2.9,51.7
200,PARINTINS,"COM SANTA TEREZINHA, CABURI",LULA+EB,#27AE60,-2.62843,-56.71793,6,0.403,0.182,0.91,463,90.6,38,7.4,249,50.1,LULA+EB,0.585,positiva,86.1,7.8,49.1
201,PARINTINS,"AVENIDA GENY BENTES, 3482",LULA+EB,#27AE60,-2.61708,-56.71816,6,0.31,0.086,0.81,453,81.3,83,14.9,221,40.6,LULA+EB,0.396,positiva,77.3,15.6,39.7
202,PARINTINS,"COMUNIDADE BOM SOCORRO, LAGO DO ZE AÇU",LULA+EB,#27AE60,-2.63631,-56.74472,6,0.443,0.287,0.95,542,94.6,23,4.0,336,60.6,LULA+EB,0.73,positiva,89.9,4.2,59.4
203,PARINTINS,"COM. MANGUEIRÃO, RIO UAICURAPÁ",LULA+EB,#27AE60,-2.64797,-56.73343,6,0.41,0.204,0.91,201,91.4,14,6.4,111,52.4,LULA+EB,0.615,positiva,86.8,6.7,51.3
204,PARINTINS,"AVENIDA GENY BENTES, 3482",LULA+EB,#27AE60,-2.61374,-56.71954,6,0.321,0.092,0.82,459,82.4,81,14.5,225,41.1,LULA+EB,0.413,positiva,78.3,15.3,40.3
205,PARINTINS,"AVENIDA GENY BENTES, 3482",LULA+EB,#27AE60,-2.62399,-56.74176,6,0.293,0.106,0.8,465,79.6,100,17.1,235,42.6,LULA+EB,0.399,positiva,75.6,18.0,41.7
206,PARINTINS,"AVENIDA GENY BENTES, 3482",LULA+EB,#27AE60,-2.63146,-56.74125,6,0.283,0.074,0.79,441,78.6,101,18.0,211,39.4,LULA+EB,0.357,positiva,74.7,18.9,38.6
207,PARINTINS,COM. PARANA DO ESPIRITO SANTO DO MEIO,LULA+EB,#27AE60,-2.63036,-56.77137,6,0.453,0.105,0.96,521,95.6,16,2.9,225,42.5,LULA+EB,0.558,positiva,90.8,3.1,41.6
208,PARINTINS,"AVENIDA GENY BENTES, 3482",LULA+EB,#27AE60,-2.67226,-56.73529,6,0.34,0.137,0.84,479,84.3,71,12.5,251,45.6,LULA+EB,0.477,positiva,80.1,13.1,44.7
209,PARINTINS,"AVENIDA GENY BENTES, 3482",LULA+EB,#27AE60,-2.64393,-56.75154,6,0.311,0.1,0.81,451,81.4,87,15.7,223,41.9,LULA+EB,0.411,positiva,77.3,16.5,41.1
210,PARINTINS,"RUA FAUSTO BULCAO, 1212",LULA+EB,#27AE60,-2.63809,-56.7402,6,0.27,0.101,0.77,398,77.3,106,20.6,207,42.1,LULA+EB,0.371,positiva,73.4,21.6,41.2
211,PARINTINS,"RUA GUAJARINA PRESTES, 850",LULA+EB,#27AE60,-2.63076,-56.74245,6,0.298,0.096,0.8,438,80.1,87,15.9,220,41.5,LULA+EB,0.393,positiva,76.1,16.7,40.7
212,PARINTINS,"AVENIDA MASSARANDUBA,S/N",LULA+EB,#27AE60,-2.64594,-56.7323,6,0.261,0.055,0.76,396,76.4,111,21.4,186,37.4,LULA+EB,0.316,positiva,72.6,22.5,36.7
213,PARINTINS,"RUA JOAO PEREIRA, SN, AGROVILA DO CABURI",LULA+EB,#27AE60,-2.63977,-56.76756,6,0.35,0.235,0.85,506,85.3,78,13.2,321,55.4,LULA+EB,0.585,positiva,81.1,13.8,54.3
214,PARINTINS,"RUA ITACOATIARA, 2148",LULA+EB,#27AE60,-2.64387,-56.69425,6,0.241,0.038,0.74,411,74.5,123,22.3,186,35.7,LULA+EB,0.279,positiva,70.7,23.4,35.0
215,PARINTINS,"RUA GUAJARINA PRESTES, 850",LULA+EB,#27AE60,-2.61645,-56.73601,6,0.296,0.084,0.8,419,80.0,90,17.2,201,40.4,LULA+EB,0.381,positiva,76.0,18.0,39.6
216,PARINTINS,"AVENIDA MASSARANDUBA,S/N",LULA+EB,#27AE60,-2.62211,-56.73525,6,0.275,0.088,0.78,401,77.9,92,17.9,198,40.7,LULA+EB,0.364,positiva,74.0,18.8,39.9
217,PARINTINS,"RUA JOÃO PESSOA, 3990",LULA+EB,#27AE60,-2.64406,-56.7441,6,0.304,0.059,0.81,477,80.7,96,16.2,214,37.8,LULA+EB,0.363,positiva,76.7,17.1,37.1
218,PARINTINS,"RUA ALFREDO MONTEIRO DE LIMA, S/N",LULA+EB,#27AE60,-2.62035,-56.75826,6,0.276,0.099,0.78,467,78.0,120,20.0,239,41.9,LULA+EB,0.376,positiva,74.1,21.0,41.0
219,PARINTINS,COM. DA VILA AMAZONIA,LULA+EB,#27AE60,-2.63297,-56.72958,6,0.386,0.243,0.89,536,88.9,56,9.3,325,56.2,LULA+EB,0.629,positiva,84.4,9.8,55.1
220,PARINTINS,"RUA FAUSTO BULCAO, 1212",LULA+EB,#27AE60,-2.63085,-56.73417,6,0.238,0.063,0.74,378,74.1,110,21.6,186,38.2,LULA+EB,0.301,positiva,70.4,22.6,37.4
221,PARINTINS,"RUA GUAJARINA PRESTES, 850",LULA+EB,#27AE60,-2.66905,-56.74075,6,0.317,0.123,0.82,475,82.0,77,13.3,248,44.2,LULA+EB,0.44,positiva,77.9,14.0,43.3
222,PARINTINS,"RUA JOÃO PESSOA, 3990",LULA+EB,#27AE60,-2.63452,-56.7827,6,0.336,0.073,0.84,523,83.9,85,13.6,230,39.2,LULA+EB,0.409,positiva,79.8,14.3,38.4
223,PARINTINS,"RUA JOÃO PESSOA, 3990",LULA+EB,#27AE60,-2.67595,-56.74672,6,0.331,0.118,0.83,505,83.5,85,14.0,253,43.8,LULA+EB,0.45,positiva,79.3,14.8,42.9
224,PARINTINS,"RUA FAUSTO BULCÃO, 1286",LULA+EB,#27AE60,-2.6247,-56.73675,6,0.274,0.074,0,247,77.7,63,19.8,121,39.3,LULA+EB,0.347,positiva,73.8,20.8,38.5
225,PARINTINS,"RUA JOÃO PESSOA, 3990",LULA+EB,#27AE60,-2.62879,-56.75951,6,0.331,0.107,0.83,489,83.4,81,13.8,237,42.6,LULA+EB,0.438,positiva,79.3,14.5,41.8
226,PARINTINS,"RUA JOAO PEREIRA, SN, AGROVILA DO CABURI",LULA+EB,#27AE60,-2.62523,-56.75021,6,0.365,0.242,0.87,506,86.8,67,11.5,316,56.1,LULA+EB,0.607,positiva,82.5,12.1,55.0
227,PARINTINS,"RUA ITACOATIARA, 2148",LULA+EB,#27AE60,-2.64069,-56.70571,6,0.255,0.107,0.76,404,75.8,110,20.6,218,42.7,LULA+EB,0.362,positiva,72.0,21.7,41.8
228,PARINTINS,"COMUNIDADE BOM SOCORRO, LAGO DO ZE AÇU",LULA+EB,#27AE60,-2.62688,-56.74107,6,0.441,0.252,0.94,508,94.4,23,4.3,295,57.2,LULA+EB,0.693,positiva,89.7,4.5,56.0
229,PARINTINS,COM. MÀXIMO,LULA+EB,#27AE60,-2.62804,-56.77353,6,0.445,0.071,0.95,350,94.9,13,3.5,140,39.0,LULA+EB,0.516,positiva,90.1,3.7,38.2
230,PARINTINS,"COM. AÇAÍ, GLEBA DA VILA AMAZÔNIA",LULA+EB,#27AE60,-2.62624,-56.7406,6,0.46,0.302,0.96,547,96.3,16,2.8,338,62.1,LULA+EB,0.762,positiva,91.5,3.0,60.9
231,PARINTINS,"RUA JOÃO PESSOA, 3990",LULA+EB,#27AE60,-2.65954,-56.72622,6,0.335,0.09,0.84,493,83.8,79,13.4,229,41.0,LULA+EB,0.426,positiva,79.7,14.1,40.1
232,PARINTINS,COM. ADUACÁ,LULA+EB,#27AE60,-2.64873,-56.7178,6,0.48,0.356,0.98,231,98.3,1,0.4,154,67.5,LULA+EB,0.836,positiva,93.4,0.4,66.2
233,PARINTINS,"AVENIDA NAÇOES UNIDAS, 1903",LULA+EB,#27AE60,-2.6521,-56.69577,6,0.207,0.074,0.71,323,71.0,117,25.7,171,39.3,LULA+EB,0.28,positiva,67.4,27.0,38.5
234,PARINTINS,"RUA ALFREDO MONTEIRO DE LIMA, S/N",LULA+EB,#27AE60,-2.63914,-56.77611,6,0.318,0.101,0.82,472,82.1,79,13.7,230,42.0,LULA+EB,0.419,positiva,78.0,14.4,41.2
235,PARINTINS,"RUA JOÃO PESSOA, 3990",LULA+EB,#27AE60,-2.66699,-56.72226,6,0.327,0.12,0.83,460,83.0,83,15.0,236,43.9,LULA+EB,0.447,positiva,78.9,15.7,43.1
236,PARINTINS,COM. DA VILA AMAZONIA,LULA+EB,#27AE60,-2.65282,-56.72183,6,0.34,0.199,0.84,496,84.4,75,12.8,291,51.8,LULA+EB,0.539,positiva,80.1,13.4,50.7
237,PARINTINS,"COM. BOA VISTA, ITABORAÍ-DE-BAIXO",LULA+EB,#27AE60,-2.65528,-56.75502,6,0.457,-0.0,0.96,316,96.0,9,2.7,103,31.9,LULA+EB,0.457,positiva,91.2,2.9,31.3
238,PARINTINS,COM. NOVA ALEGRIA,LULA+EB,#27AE60,-2.63438,-56.74193,6,0.458,-0.014,0.96,444,96.1,8,1.7,133,30.6,LULA+EB,0.444,positiva,91.3,1.8,30.0
239,PARINTINS,"AVENIDA GENY BENTES, 3482",LULA+EB,#27AE60,-2.60713,-56.75681,6,0.309,0.117,0.81,402,81.2,77,15.6,207,43.7,LULA+EB,0.426,positiva,77.2,16.3,42.8
240,PARINTINS,"RUA GUAJARINA PRESTES, 850",LULA+EB,#27AE60,-2.62894,-56.73147,6,0.299,0.11,0.8,441,80.2,91,16.5,226,43.0,LULA+EB,0.409,positiva,76.2,17.4,42.1
241,PARINTINS,"RUA ONZE, 3554",LULA+EB,#27AE60,-2.67435,-56.76411,6,0.345,0.194,0.85,507,84.8,75,12.5,295,51.3,LULA+EB,0.538,positiva,80.5,13.2,50.3
242,PARINTINS,"RUA MACURANY, 4530",LULA+EB,#27AE60,-2.63709,-56.7603,6,0.265,0.084,0.77,314,76.8,76,18.6,161,40.4,LULA+EB,0.349,positiva,72.9,19.5,39.5
243,PARINTINS,"RUA FAUSTO BULCAO, 1212",LULA+EB,#27AE60,-2.64166,-56.7073,6,0.318,0.128,0.82,391,82.1,74,15.5,204,44.7,LULA+EB,0.446,positiva,78.0,16.3,43.8
244,PARINTINS,"RUA ONELDES MARTINS, 3311",LULA+EB,#27AE60,-2.63375,-56.74286,6,0.306,0.122,0.81,403,80.9,76,15.3,212,44.2,LULA+EB,0.428,positiva,76.9,16.0,43.3
245,PARINTINS,"AVENIDA GENY BENTES, 3482",LULA+EB,#27AE60,-2.65017,-56.74381,6,0.277,0.126,0.78,426,78.0,104,19.0,236,44.5,LULA+EB,0.403,positiva,74.1,20.0,43.6
246,PARINTINS,"RUA ONZE, 3554",LULA+EB,#27AE60,-2.63101,-56.738,6,0.329,0.088,0.83,491,83.2,84,14.2,233,40.7,LULA+EB,0.417,positiva,79.1,14.9,39.9
247,PARINTINS,"RUA ALFREDO MONTEIRO DE LIMA, S/N",LULA+EB,#27AE60,-2.66262,-56.73396,6,0.301,0.091,0.8,423,80.4,84,16.0,204,41.0,LULA+EB,0.392,positiva,76.4,16.8,40.2
248,PARINTINS,"RODOVIA ODOVALDO NOVO, 4768",LULA+EB,#27AE60,-2.66171,-56.76924,6,0.217,0.077,0.72,473,72.0,153,23.3,251,39.6,LULA+EB,0.293,positiva,68.4,24.5,38.8
250,PARINTINS,"COM. DO SANTO ANTONIO, RIO TRACAJA",LULA+EB,#27AE60,-2.637,-56.7421,6,0.464,0.194,0.97,469,96.7,14,2.9,243,51.4,LULA+EB,0.658,positiva,91.9,3.0,50.3
251,PARINTINS,"RUA ONZE, 3554",LULA+EB,#27AE60,-2.65595,-56.76539,6,0.336,0.122,0.84,482,84.0,71,12.4,245,44.1,LULA+EB,0.459,positiva,79.8,13.0,43.3
252,PARINTINS,"RUA ONZE, 3554",LULA+EB,#27AE60,-2.60528,-56.75635,6,0.328,0.065,0.83,489,83.2,82,13.9,216,38.4,LULA+EB,0.393,positiva,79.0,14.6,37.7
253,PARINTINS,COM. DO PARANANEMA,LULA+EB,#27AE60,-2.60033,-56.70501,6,0.39,0.192,0,242,89.3,23,8.5,132,51.2,LULA+EB,0.582,positiva,84.8,8.9,50.1
254,PARINTINS,"RUA ALFREDO MONTEIRO DE LIMA, S/N",LULA+EB,#27AE60,-2.63723,-56.74999,6,0.286,0.069,0.79,463,78.9,102,17.4,219,38.8,LULA+EB,0.355,positiva,74.9,18.2,38.1
255,PARINTINS,"RUA ONZE, 3554",LULA+EB,#27AE60,-2.63186,-56.71341,6,0.333,0.093,0.84,490,83.6,83,14.2,230,41.2,LULA+EB,0.426,positiva,79.4,14.9,40.4
256,PARINTINS,"RUA GUAJARINA PRESTES, 850",LULA+EB,#27AE60,-2.63733,-56.75094,6,0.281,0.131,0.78,417,78.4,98,18.4,226,45.0,LULA+EB,0.412,positiva,74.5,19.3,44.1
257,PARINTINS,COM. DO MACURANY,LULA+EB,#27AE60,-2.67037,-56.70707,6,0.222,0.073,0.73,407,72.5,137,24.4,213,39.2,LULA+EB,0.295,positiva,68.9,25.6,38.4
258,PARINTINS,COM. DA VILA AMAZONIA,LULA+EB,#27AE60,-2.60405,-56.74305,6,0.284,0.136,0.79,410,78.7,97,18.6,229,45.5,LULA+EB,0.42,positiva,74.8,19.5,44.6
259,PARINTINS,"RUA ONZE, 3554",LULA+EB,#27AE60,-2.64483,-56.78103,6,0.332,0.098,0.84,487,83.5,79,13.6,236,41.8,LULA+EB,0.431,positiva,79.4,14.2,40.9
260,PARINTINS,"RUA ALFREDO MONTEIRO DE LIMA, S/N",LULA+EB,#27AE60,-2.61337,-56.77947,6,0.28,0.068,0.78,397,78.3,100,19.7,188,38.7,LULA+EB,0.347,positiva,74.4,20.7,37.9
261,PARINTINS,"AVENIDA MASSARANDUBA,S/N",LULA+EB,#27AE60,-2.60792,-56.73354,6,0.225,0.052,0.73,325,72.9,97,21.7,160,37.1,LULA+EB,0.277,positiva,69.2,22.8,36.4
262,PARINTINS,"RUA GUAJARINA PRESTES, 850",LULA+EB,#27AE60,-2.62572,-56.73793,6,0.286,0.061,0,392,78.9,87,17.5,179,38.0,LULA+EB,0.346,positiva,74.9,18.4,37.2
263,PARINTINS,"RUA PADRE FRANCISCO LUPPINO, 4197",LULA+EB,#27AE60,-2.59783,-56.74455,6,0.285,0.041,0,416,78.8,94,17.8,181,36.1,LULA+EB,0.326,positiva,74.8,18.7,35.3
264,PARINTINS,"RUA PADRE FRANCISCO LUPPINO, 4197",LULA+EB,#27AE60,-2.63185,-56.77869,6,0.304,0.092,0,447,80.7,86,15.5,217,41.2,LULA+EB,0.396,positiva,76.7,16.3,40.4
266,PARINTINS,"COMUNIDADE BOM SOCORRO, LAGO DO ZE AÇU",LULA+EB,#27AE60,-2.58366,-56.7615,6,0.445,0.217,0,259,94.9,13,4.8,141,53.6,LULA+EB,0.662,positiva,90.1,5.0,52.5
269,PARINTINS,"RUA JOÃO PESSOA, 3990",LULA+EB,#27AE60,-2.63364,-56.73859,6,0.365,0.202,0,86,86.9,10,10.1,50,52.1,LULA+EB,0.567,positiva,82.5,10.6,51.0
1,PAUINI,"RUA CORONEL JOSE RODRIGUES, S/N, CIDADE BAIXA",LULA+EB,#27AE60,-7.75586,-66.94758,6,0.164,0.015,0.67,259,66.8,118,30.4,124,33.4,LULA+EB,0.179,positiva,63.4,31.9,32.8
2,PAUINI,"RUA DANILO CÔRREA, N. 69",PURO_SWING,#F4D03F,-7.72847,-67.02902,6,0.129,-0.029,0.63,360,63.3,200,35.1,157,29.0,PURO_SWING,0.1,positiva,60.1,36.9,28.4
3,PAUINI,"RUA DANILO CÔRREA, N. 69",DIFÍCIL,#E74C3C,-7.76999,-66.95569,6,0.098,-0.052,0.6,308,60.2,191,37.3,132,26.8,DIFÍCIL,0.047,positiva,57.1,39.2,26.2
4,PAUINI,"RUA DANILO CÔRREA, N. 69",PURO_SWING,#F4D03F,-7.71911,-66.96835,6,0.07,-0.031,0.57,325,57.3,223,39.3,158,28.8,PURO_SWING,0.038,positiva,54.5,41.3,28.2
5,PAUINI,"RUA PERIMETRAL, S/N",LULA+EB,#27AE60,-7.74682,-66.9796,6,0.153,0.009,0.66,366,65.6,181,32.4,171,32.8,LULA+EB,0.162,positiva,62.3,34.1,32.2
6,PAUINI,"RUA PERIMETRAL, S/N",LULA+EB,#27AE60,-7.72351,-67.00162,6,0.241,-0.017,0.74,411,74.5,130,23.6,163,30.2,LULA+EB,0.224,positiva,70.7,24.7,29.6
7,PAUINI,"COM. BOCA DO TEUINI, RIO PURUS, MARGEM ESQUERDA",DIFÍCIL,#E74C3C,-7.72635,-67.0232,6,0.29,-0.199,0.79,238,79.3,57,19.0,35,12.0,DIFÍCIL,0.091,positiva,75.4,20.0,11.7
8,PAUINI,"RUA CORONEL JOSE RODRIGUES, S/N, CIDADE BAIXA",PURO_SWING,#F4D03F,-7.76974,-67.00135,6,0.156,-0.031,0.66,269,65.9,130,31.9,114,28.9,PURO_SWING,0.125,positiva,62.6,33.5,28.3
9,PAUINI,"RUA CORONEL JOSE RODRIGUES, S/N, CIDADE BAIXA",PURO_SWING,#F4D03F,-7.75004,-66.9812,6,0.138,-0.05,0.64,274,64.2,148,34.7,111,26.9,PURO_SWING,0.089,positiva,61.0,36.4,26.4
11,PAUINI,"COM. AJURICABA, RIO PURUS, MARGEM ESQUERDA",LULA+EB,#27AE60,-7.72203,-66.96416,6,0.277,0.067,0.78,363,78.1,95,20.4,176,38.6,LULA+EB,0.344,positiva,74.2,21.5,37.8
12,PAUINI,"RUA PERIMETRAL, S/N",PURO_SWING,#F4D03F,-7.75792,-67.01715,6,0.189,-0.023,0.69,404,69.2,167,28.6,164,29.6,PURO_SWING,0.165,positiva,65.7,30.0,29.0
13,PAUINI,"RUA CORONEL JOSE RODRIGUES, S/N, CIDADE BAIXA",LULA+EB,#27AE60,-7.79029,-66.95195,6,0.168,-0.018,0.67,286,67.1,130,30.5,122,30.1,LULA+EB,0.15,positiva,63.8,32.0,29.5
15,PAUINI,"RUA DANILO CÔRREA, N. 69",LULA+EB,#27AE60,-7.74796,-66.98685,6,0.13,-0.007,0.63,355,63.3,192,34.2,171,31.2,LULA+EB,0.122,positiva,60.1,35.9,30.6
16,PAUINI,"RUA DANILO CÔRREA, N. 69",LULA+EB,#27AE60,-7.73064,-66.98464,6,0.15,-0.008,0.65,356,65.3,175,32.1,166,31.1,LULA+EB,0.142,positiva,62.1,33.7,30.5
17,PAUINI,"RUA CORONEL JOSE RODRIGUES, S/N, CIDADE BAIXA",DIFÍCIL,#E74C3C,-7.77794,-66.94548,6,0.209,-0.053,0.71,299,71.2,114,27.1,109,26.7,DIFÍCIL,0.156,positiva,67.6,28.5,26.1
18,PAUINI,"RUA CORONEL JOSE RODRIGUES, S/N, CIDADE BAIXA",PURO_SWING,#F4D03F,-7.72531,-66.98821,6,0.177,-0.02,0.68,294,68.1,130,30.1,127,29.9,PURO_SWING,0.157,positiva,64.7,31.6,29.3
19,PAUINI,"COM. VITORIA DO AFOGADO, RIO PURUS, MARGEM ESQUERDA",LULA+EB,#27AE60,-7.7377,-67.01512,6,0.354,0.062,0.86,318,85.7,48,12.9,138,38.1,LULA+EB,0.416,positiva,81.4,13.6,37.4
20,PAUINI,"RUA PERIMETRAL, S/N",LULA+EB,#27AE60,-7.74435,-66.98135,6,0.196,-0.006,0.7,406,69.9,157,27.0,178,31.3,LULA+EB,0.19,positiva,66.4,28.4,30.7
21,PAUINI,"COM. VILA CÉU DO MAPIÁ, RIO PURUS, MARGEM ESQUERDA, IGARAPÉ MAPIÁ",LULA+EB,#27AE60,-7.74269,-67.02474,6,0.465,0.143,0.97,424,96.8,7,1.6,186,46.3,LULA+EB,0.608,positiva,92.0,1.7,45.3
22,PAUINI,"COM. SANTO ELIAS, RIO PURUS, MARGEM ESQUERDA",LULA+EB,#27AE60,-7.77209,-66.96362,6,0.406,0.147,0,229,90.9,15,6.0,112,46.7,LULA+EB,0.553,positiva,86.3,6.2,45.7
23,PAUINI,"RUA PERIMETRAL, S/N",LULA+EB,#27AE60,-7.74866,-66.98066,6,0.204,-0.019,0.71,415,70.7,157,26.7,170,30.0,LULA+EB,0.185,positiva,67.2,28.1,29.4
24,PAUINI,"RUA DANILO CÔRREA, N. 69",PURO_SWING,#F4D03F,-7.77375,-67.00062,6,0.085,-0.04,0.59,346,58.8,220,37.4,163,28.0,PURO_SWING,0.046,positiva,55.9,39.3,27.4
25,PAUINI,"RUA PERIMETRAL, S/N",DIFÍCIL,#E74C3C,-7.72342,-66.96928,6,0.183,-0.063,0.69,406,68.6,175,29.6,146,25.7,DIFÍCIL,0.12,positiva,65.2,31.0,25.1
26,PAUINI,"RUA PERIMETRAL, S/N",DIFÍCIL,#E74C3C,-7.72364,-66.97041,6,0.213,-0.06,0.72,402,71.7,148,26.4,137,25.9,DIFÍCIL,0.153,positiva,68.1,27.7,25.4
28,PAUINI,"RUA PERIMETRAL, S/N",DIFÍCIL,#E74C3C,-7.75789,-67.00271,6,0.165,-0.095,0.67,353,66.9,166,31.4,115,22.4,DIFÍCIL,0.07,positiva,63.5,33.0,22.0
29,PAUINI,"RUA DANILO CÔRREA, N. 69",DIFÍCIL,#E74C3C,-7.76216,-66.97263,6,0.087,-0.075,0.59,307,59.0,201,38.7,125,24.4,DIFÍCIL,0.012,positiva,56.1,40.6,23.9
30,PAUINI,"RUA PERIMETRAL, S/N",DIFÍCIL,#E74C3C,-7.72075,-66.99973,6,0.217,-0.077,0.72,386,72.0,134,25.0,124,24.3,DIFÍCIL,0.14,positiva,68.4,26.2,23.8
31,PAUINI,"RUA CORONEL JOSE RODRIGUES, S/N, CIDADE BAIXA",LULA+EB,#27AE60,-7.74796,-66.95961,6,0.16,-0.004,0.66,270,66.3,129,31.7,123,31.5,LULA+EB,0.156,positiva,63.0,33.3,30.9
32,PAUINI,"RUA DANILO CÔRREA, N. 69",DIFÍCIL,#E74C3C,-7.75005,-66.96679,6,0.085,-0.067,0.59,318,58.8,211,39.0,133,25.2,DIFÍCIL,0.017,positiva,55.8,41.0,24.7
33,PAUINI,"RUA PERIMETRAL, S/N",PURO_SWING,#F4D03F,-7.7453,-66.97506,6,0.18,-0.021,0.68,297,68.3,133,30.6,124,29.8,PURO_SWING,0.158,positiva,64.9,32.1,29.2
1,PRESIDENTE FIGUEIREDO,"RUA AMAZONAS, N. 65, CENTRO",DIFÍCIL,#E74C3C,-2.02786,-60.04468,6,0.015,-0.068,0,317,51.8,278,45.4,149,25.2,DIFÍCIL,-0.053,positiva,49.2,47.7,24.7
3,PRESIDENTE FIGUEIREDO,"RUA AMAZONAS, N. 65, CENTRO",DIFÍCIL,#E74C3C,-1.99433,-60.00776,6,-0.015,-0.087,0.49,302,48.9,299,48.4,137,23.3,DIFÍCIL,-0.101,estável,46.4,50.8,22.8
5,PRESIDENTE FIGUEIREDO,"RUA AMAZONAS, N. 65, CENTRO",PURO_SWING,#F4D03F,-2.04033,-59.97631,6,0.034,-0.033,0,350,53.8,270,41.5,172,28.7,PURO_SWING,0.002,positiva,51.1,43.5,28.1
7,PRESIDENTE FIGUEIREDO,"RUA AMAZONAS, N. 65, CENTRO",DIFÍCIL,#E74C3C,-2.02926,-60.01315,6,0.004,-0.06,0,324,50.7,293,45.9,154,26.0,DIFÍCIL,-0.056,estável,48.2,48.1,25.5
9,PRESIDENTE FIGUEIREDO,"AVENIDA ACARIQUARA, N. 43, HONÓRIO ROLDÃO",DIFÍCIL,#E74C3C,-1.99163,-59.97115,6,-0.045,-0.064,0.46,200,45.9,223,51.1,104,25.6,DIFÍCIL,-0.108,negativa,43.6,53.7,25.0
10,PRESIDENTE FIGUEIREDO,"RUA AMAZONAS, N. 65, CENTRO",LULA+EB,#27AE60,-2.01684,-60.01638,6,0.074,-0.007,0,367,57.7,242,38.1,187,31.2,LULA+EB,0.067,positiva,54.8,40.0,30.6
12,PRESIDENTE FIGUEIREDO,"RUA AMAZONAS, N. 65, CENTRO",PURO_SWING,#F4D03F,-2.0487,-59.97639,6,0.038,-0.041,0.54,336,54.1,262,42.2,163,27.9,PURO_SWING,-0.003,positiva,51.4,44.3,27.3
13,PRESIDENTE FIGUEIREDO,"RUA MANAUS, SN, VILA DE BALBINA",LULA+EB,#27AE60,-2.00604,-60.00156,6,0.098,-0.01,0.6,246,60.1,149,36.4,119,30.9,LULA+EB,0.088,positiva,57.1,38.3,30.3
15,PRESIDENTE FIGUEIREDO,"RUA MANAUS, SN, VILA DE BALBINA",LULA+EB,#27AE60,-1.98808,-60.03535,6,0.08,-0.014,0.58,243,58.3,163,39.1,119,30.5,LULA+EB,0.065,positiva,55.4,41.0,29.9
17,PRESIDENTE FIGUEIREDO,"RUA MANAUS, SN, VILA DE BALBINA",PURO_SWING,#F4D03F,-2.00196,-60.01646,6,0.057,-0.035,0.56,223,56.0,158,39.7,107,28.4,PURO_SWING,0.022,positiva,53.2,41.7,27.8
19,PRESIDENTE FIGUEIREDO,"RUA MANAUS, SN, VILA DE BALBINA",PURO_SWING,#F4D03F,-1.97482,-60.0003,6,0.103,-0.029,0.61,248,60.6,143,35.0,109,29.1,PURO_SWING,0.075,positiva,57.6,36.7,28.5
21,PRESIDENTE FIGUEIREDO,"RUA MANAUS, SN, VILA DE BALBINA",PURO_SWING,#F4D03F,-2.0056,-60.01005,6,0.063,-0.047,0.57,240,56.6,169,39.9,110,27.2,PURO_SWING,0.016,positiva,53.8,41.9,26.7
23,PRESIDENTE FIGUEIREDO,"RUA MANAUS, SN, VILA DE BALBINA",LULA+EB,#27AE60,-2.02108,-60.05742,6,0.07,0.01,0.57,242,57.3,175,41.5,131,32.9,LULA+EB,0.08,positiva,54.5,43.5,32.3
25,PRESIDENTE FIGUEIREDO,"RUA MANAUS, SN, VILA DE BALBINA",PURO_SWING,#F4D03F,-1.99884,-60.04315,6,0.053,-0.025,0.56,219,55.6,159,40.4,109,29.4,PURO_SWING,0.027,positiva,52.8,42.4,28.8
26,PRESIDENTE FIGUEIREDO,"COM. NOVA JERUSALÉM, BR 174, KM 179, ZONA RURAL",LULA+EB,#27AE60,-2.00557,-60.02229,6,0.14,0.059,0,287,64.3,139,31.2,162,37.9,LULA+EB,0.199,positiva,61.1,32.7,37.1
32,PRESIDENTE FIGUEIREDO,"COM. NOVA JERUSALÉM, BR 174, KM 179, ZONA RURAL",LULA+EB,#27AE60,-2.02589,-60.00652,6,0.133,0.075,0.64,285,63.6,154,34.4,163,39.5,LULA+EB,0.208,positiva,60.4,36.1,38.7
34,PRESIDENTE FIGUEIREDO,"AVENIDA ACARIQUARA, N. 43, HONÓRIO ROLDÃO",DIFÍCIL,#E74C3C,-2.0598,-59.98875,6,-0.013,-0.087,0.49,222,49.0,212,46.8,100,23.3,DIFÍCIL,-0.1,estável,46.6,49.1,22.8
35,PRESIDENTE FIGUEIREDO,"AVENIDA ONÇA PINTADA, N. 1248, GALO DA SERRA II",DIFÍCIL,#E74C3C,-2.04104,-60.0046,6,0.029,-0.09,0.53,189,53.2,154,43.4,78,22.9,DIFÍCIL,-0.061,positiva,50.6,45.5,22.5
38,PRESIDENTE FIGUEIREDO,"AVENIDA ACARIQUARA, N. 43, HONÓRIO ROLDÃO",DIFÍCIL,#E74C3C,-1.97484,-60.00458,6,-0.038,-0.076,0.46,205,46.5,218,49.4,102,24.3,DIFÍCIL,-0.115,estável,44.2,51.9,23.8
39,PRESIDENTE FIGUEIREDO,"AVENIDA ONÇA PINTADA, N. 1248, GALO DA SERRA II",DIFÍCIL,#E74C3C,-2.00641,-60.02169,6,0.02,-0.073,0.52,203,52.3,165,42.5,92,24.7,DIFÍCIL,-0.053,positiva,49.7,44.7,24.2
40,PRESIDENTE FIGUEIREDO,"AVENIDA ONÇA PINTADA, N. 1248, GALO DA SERRA II",PURO_SWING,#F4D03F,-2.01519,-60.02682,6,0.015,-0.041,0.52,213,51.8,179,43.6,107,27.9,PURO_SWING,-0.026,positiva,49.2,45.7,27.3
41,PRESIDENTE FIGUEIREDO,"AVENIDA ONÇA PINTADA, N. 1248, GALO DA SERRA II",DIFÍCIL,#E74C3C,-1.97804,-60.03831,6,0.049,-0.091,0.55,210,55.3,156,41.1,81,22.8,DIFÍCIL,-0.042,positiva,52.5,43.1,22.4
42,PRESIDENTE FIGUEIREDO,"RUA MATIM PERERÊ, S/N, TANCREDO NEVES",DIFÍCIL,#E74C3C,-1.97954,-60.02862,6,0.011,-0.067,0.51,357,51.4,309,44.5,166,25.2,DIFÍCIL,-0.056,positiva,48.9,46.8,24.7
43,PRESIDENTE FIGUEIREDO,"RUA MATIM PERERÊ, S/N, TANCREDO NEVES",DIFÍCIL,#E74C3C,-2.01812,-60.02886,6,-0.026,-0.051,0.48,206,47.7,211,48.8,109,26.8,DIFÍCIL,-0.077,estável,45.3,51.3,26.3
45,PRESIDENTE FIGUEIREDO,"RUA MATIM PERERÊ, S/N, TANCREDO NEVES",DIFÍCIL,#E74C3C,-2.03178,-59.96564,6,0.019,-0.062,0.52,226,52.2,197,45.5,106,25.7,DIFÍCIL,-0.043,positiva,49.6,47.8,25.2
46,PRESIDENTE FIGUEIREDO,"RUA MATIM PERERÊ, S/N, TANCREDO NEVES",DIFÍCIL,#E74C3C,-1.99951,-60.06061,6,-0.025,-0.062,0.48,209,47.8,210,48.1,105,25.7,DIFÍCIL,-0.087,estável,45.4,50.5,25.2
47,PRESIDENTE FIGUEIREDO,"AVENIDA ACARIQUARA, N. 43, HONÓRIO ROLDÃO",PURO_SWING,#F4D03F,-2.05086,-59.97625,6,-0.023,-0.042,0.48,205,48.0,212,49.6,111,27.8,PURO_SWING,-0.065,estável,45.6,52.1,27.2
48,PRESIDENTE FIGUEIREDO,"RUA AMAZONAS, N. 65, CENTRO",PURO_SWING,#F4D03F,-2.00732,-60.00093,6,0.007,-0.041,0,316,51.1,276,44.6,162,27.8,PURO_SWING,-0.034,positiva,48.5,46.8,27.3
49,PRESIDENTE FIGUEIREDO,"AVENIDA ACARIQUARA, N. 43, HONÓRIO ROLDÃO",DIFÍCIL,#E74C3C,-2.0159,-60.02453,6,-0.046,-0.082,0.46,199,45.7,222,51.0,97,23.8,DIFÍCIL,-0.127,negativa,43.5,53.6,23.3
50,PRESIDENTE FIGUEIREDO,"RUA MATIM PERERÊ, S/N, TANCREDO NEVES",PURO_SWING,#F4D03F,-1.99261,-59.98077,6,0.038,-0.02,0.54,223,54.1,177,43.0,119,30.0,PURO_SWING,0.018,positiva,51.4,45.1,29.4
52,PRESIDENTE FIGUEIREDO,"AVENIDA ACARIQUARA, N. 43, HONÓRIO ROLDÃO",PURO_SWING,#F4D03F,-1.98037,-59.97959,6,-0.023,-0.046,0.48,216,48.0,218,48.4,116,27.3,PURO_SWING,-0.07,estável,45.6,50.9,26.7
53,PRESIDENTE FIGUEIREDO,"AVENIDA ACARIQUARA, N. 43, HONÓRIO ROLDÃO",DIFÍCIL,#E74C3C,-2.04781,-60.05798,6,0.026,-0.069,0.53,241,53.0,195,42.9,108,25.1,DIFÍCIL,-0.042,positiva,50.3,45.0,24.6
54,PRESIDENTE FIGUEIREDO,"RUA MATIM PERERÊ, S/N, TANCREDO NEVES",DIFÍCIL,#E74C3C,-1.99911,-60.02898,6,0.036,-0.066,0.54,215,53.9,173,43.4,96,25.3,DIFÍCIL,-0.03,positiva,51.2,45.5,24.8
56,PRESIDENTE FIGUEIREDO,"RUA MATIM PERERÊ, S/N, TANCREDO NEVES",DIFÍCIL,#E74C3C,-2.03008,-60.00733,6,0.017,-0.077,0.52,221,52.0,187,44.0,96,24.2,DIFÍCIL,-0.061,positiva,49.4,46.2,23.7
58,PRESIDENTE FIGUEIREDO,"COM. BOA UNIÃO, BR174, KM 165, RAMAL DO RUMO CERTO, ZONA RURAL",PURO_SWING,#F4D03F,-2.01863,-60.02267,6,0.078,-0.036,0.58,373,58.1,257,40.0,172,28.3,PURO_SWING,0.042,positiva,55.2,42.0,27.8
59,PRESIDENTE FIGUEIREDO,"COM. RIO CANOAS, BR174, KM 139, RAMAL DO CANOAS, ZONA RURAL",LULA+EB,#27AE60,-2.01675,-60.06078,6,0.11,0.048,0.61,220,61.3,131,36.5,120,36.7,LULA+EB,0.157,positiva,58.2,38.3,36.0
60,PRESIDENTE FIGUEIREDO,"COM. RIO CANOAS, BR174, KM 139, RAMAL DO CANOAS, ZONA RURAL",LULA+EB,#27AE60,-2.02689,-60.06911,6,0.134,0.032,0.64,248,63.8,123,31.6,131,35.1,LULA+EB,0.166,positiva,60.6,33.2,34.4
61,PRESIDENTE FIGUEIREDO,"COM. RIO CANOAS, BR174, KM 139, RAMAL DO CANOAS, ZONA RURAL",LULA+EB,#27AE60,-2.01676,-60.01694,6,0.163,0.106,0.67,248,66.7,112,30.1,148,42.5,LULA+EB,0.269,positiva,63.3,31.6,41.7
63,PRESIDENTE FIGUEIREDO,"COM. BOA UNIÃO, BR174, KM 165, RAMAL DO RUMO CERTO, ZONA RURAL",LULA+EB,#27AE60,-2.0058,-59.98931,6,0.05,-0.005,0.55,341,55.4,259,42.0,183,31.4,LULA+EB,0.045,positiva,52.6,44.1,30.8
65,PRESIDENTE FIGUEIREDO,"RUA VITÓRIA REGIA, N. 300, AIDA MENDONÇA",DIFÍCIL,#E74C3C,-2.00868,-60.03979,6,-0.032,-0.097,0.47,277,47.1,282,48.0,124,22.3,DIFÍCIL,-0.129,estável,44.8,50.4,21.8
66,PRESIDENTE FIGUEIREDO,"RUA JACAREUBA, N. 400, HONÓRIO ROLDÃO",PURO_SWING,#F4D03F,-2.00899,-60.01503,6,0.054,-0.047,0.56,211,55.7,156,41.2,96,27.3,PURO_SWING,0.007,positiva,52.9,43.2,26.7
68,PRESIDENTE FIGUEIREDO,"RUA JACAREUBA, N. 400, HONÓRIO ROLDÃO",PURO_SWING,#F4D03F,-2.02814,-60.0302,6,-0.011,-0.047,0.49,190,49.2,185,47.9,98,27.2,PURO_SWING,-0.058,estável,46.8,50.3,26.7
69,PRESIDENTE FIGUEIREDO,"COM. RIO CANOAS, BR174, KM 139, RAMAL DO CANOAS, ZONA RURAL",LULA+EB,#27AE60,-2.03036,-60.0206,6,0.065,0.027,0.57,200,56.8,137,38.9,117,34.6,LULA+EB,0.092,positiva,54.0,40.9,33.9
70,PRESIDENTE FIGUEIREDO,"COM. BOA UNIÃO, BR174, KM 165, RAMAL DO RUMO CERTO, ZONA RURAL",PURO_SWING,#F4D03F,-2.00758,-59.96845,6,0.024,0.003,0,308,52.7,255,43.7,179,32.3,PURO_SWING,0.027,positiva,50.1,45.8,31.6
71,PRESIDENTE FIGUEIREDO,"RUA JACAREUBA, N. 400, HONÓRIO ROLDÃO",PURO_SWING,#F4D03F,-2.00326,-59.99771,6,-0.008,-0.045,0.49,197,49.5,186,46.7,102,27.4,PURO_SWING,-0.053,estável,47.0,49.1,26.9
72,PRESIDENTE FIGUEIREDO,"RUA VITÓRIA REGIA, N. 300, AIDA MENDONÇA",DIFÍCIL,#E74C3C,-2.02028,-60.06302,6,-0.041,-0.087,0,281,46.2,310,51.0,132,23.2,DIFÍCIL,-0.128,estável,43.9,53.5,22.7
73,PRESIDENTE FIGUEIREDO,"RUA JACAREUBA, N. 400, HONÓRIO ROLDÃO",DIFÍCIL,#E74C3C,-2.01205,-60.06239,6,-0.028,-0.082,0.48,194,47.5,196,48.0,90,23.7,DIFÍCIL,-0.11,estável,45.2,50.4,23.2
75,PRESIDENTE FIGUEIREDO,"RUA MANAUS, SN, VILA DE BALBINA",PURO_SWING,#F4D03F,-2.02373,-59.99745,6,0.016,-0.029,0.52,206,51.9,172,43.3,108,29.0,PURO_SWING,-0.013,positiva,49.3,45.5,28.5
76,PRESIDENTE FIGUEIREDO,"RUA JACAREUBA, N. 400, HONÓRIO ROLDÃO",DIFÍCIL,#E74C3C,-2.0631,-60.02819,6,-0.021,-0.105,0.48,187,48.2,188,48.5,79,21.4,DIFÍCIL,-0.126,estável,45.8,50.9,21.0
77,PRESIDENTE FIGUEIREDO,"RUA VITÓRIA REGIA, N. 300, AIDA MENDONÇA",DIFÍCIL,#E74C3C,-2.02482,-60.03452,6,-0.001,-0.055,0,302,50.2,283,47.1,148,26.5,DIFÍCIL,-0.055,estável,47.7,49.4,25.9
78,PRESIDENTE FIGUEIREDO,"RUA JACAREUBA, N. 400, HONÓRIO ROLDÃO",DIFÍCIL,#E74C3C,-2.01596,-60.01809,6,-0.032,-0.057,0.47,196,47.1,205,49.3,102,26.2,DIFÍCIL,-0.089,estável,44.8,51.7,25.7
81,PRESIDENTE FIGUEIREDO,"RUA JACAREUBA, N. 400, HONÓRIO ROLDÃO",DIFÍCIL,#E74C3C,-2.05334,-59.99775,6,-0.069,-0.097,0.43,156,43.5,194,54.0,76,22.2,DIFÍCIL,-0.166,negativa,41.3,56.7,21.8
82,PRESIDENTE FIGUEIREDO,"COM. NOVA JERUSALÉM, BR 174, KM 179, ZONA RURAL",LULA+EB,#27AE60,-1.98169,-60.03892,6,0.163,0.069,0.67,319,66.6,146,30.5,172,38.8,LULA+EB,0.232,positiva,63.3,32.0,38.0
83,PRESIDENTE FIGUEIREDO,"COM. RIO CANOAS, BR174, KM 139, RAMAL DO CANOAS, ZONA RURAL",LULA+EB,#27AE60,-2.02096,-60.02306,6,0.096,0.01,0.6,200,59.9,121,36.2,105,32.9,LULA+EB,0.105,positiva,56.9,38.0,32.3
84,PRESIDENTE FIGUEIREDO,"RUA VITÓRIA REGIA, N. 300, AIDA MENDONÇA",DIFÍCIL,#E74C3C,-2.01337,-60.00046,6,-0.022,-0.105,0.48,272,48.1,272,48.1,112,21.5,DIFÍCIL,-0.127,estável,45.7,50.5,21.0
86,PRESIDENTE FIGUEIREDO,"RUA VITÓRIA REGIA, N. 300, AIDA MENDONÇA",DIFÍCIL,#E74C3C,-2.01198,-59.98076,6,-0.046,-0.07,0,144,45.7,166,52.7,74,24.9,DIFÍCIL,-0.116,negativa,43.4,55.3,24.4
87,PRESIDENTE FIGUEIREDO,"AV. GALO DA SERRA, SN. GALO DA SERRA I",DIFÍCIL,#E74C3C,-2.01686,-60.01619,6,-0.033,-0.074,0.47,180,47.0,191,49.9,87,24.5,DIFÍCIL,-0.107,estável,44.6,52.4,24.0
88,PRESIDENTE FIGUEIREDO,"AV. GALO DA SERRA, SN. GALO DA SERRA I",DIFÍCIL,#E74C3C,-2.00751,-60.02825,6,-0.017,-0.105,0.49,193,48.6,194,48.9,79,21.5,DIFÍCIL,-0.122,estável,46.2,51.3,21.0
90,PRESIDENTE FIGUEIREDO,"COM. RIO CANOAS, BR174, KM 139, RAMAL DO CANOAS, ZONA RURAL",LULA+EB,#27AE60,-2.03457,-59.99977,6,0.097,0.018,0.6,201,60.0,123,36.7,107,33.8,LULA+EB,0.115,positiva,57.0,38.6,33.1
91,PRESIDENTE FIGUEIREDO,"AV. GALO DA SERRA, SN. GALO DA SERRA I",PURO_SWING,#F4D03F,-2.02006,-60.01608,6,0.027,-0.048,0.53,216,53.1,179,44.0,103,27.2,PURO_SWING,-0.02,positiva,50.4,46.2,26.6
92,PRESIDENTE FIGUEIREDO,"RUA MANAUS, SN, VILA DE BALBINA",PURO_SWING,#F4D03F,-2.00403,-60.02681,6,0.04,-0.001,0.54,207,54.3,157,41.2,115,31.9,PURO_SWING,0.039,positiva,51.6,43.3,31.2
93,PRESIDENTE FIGUEIREDO,"AV. GALO DA SERRA, SN. GALO DA SERRA I",DIFÍCIL,#E74C3C,-2.0115,-60.04179,6,-0.009,-0.066,0.49,198,49.4,188,46.9,96,25.3,DIFÍCIL,-0.075,estável,46.9,49.2,24.8
94,PRESIDENTE FIGUEIREDO,"AV. GALO DA SERRA, SN. GALO DA SERRA I",DIFÍCIL,#E74C3C,-2.02525,-60.0262,6,-0.025,-0.053,0.48,199,47.8,201,48.3,104,26.6,DIFÍCIL,-0.078,estável,45.4,50.7,26.1
95,PRESIDENTE FIGUEIREDO,"COM. NOVA JERUSALÉM, BR 174, KM 179, ZONA RURAL",LULA+EB,#27AE60,-2.0515,-60.0489,6,0.103,0.023,0.61,137,60.6,81,35.8,75,34.2,LULA+EB,0.126,positiva,57.6,37.6,33.6
96,PRESIDENTE FIGUEIREDO,"COM. RIO CANOAS, BR174, KM 139, RAMAL DO CANOAS, ZONA RURAL",LULA+EB,#27AE60,-2.06155,-60.03955,6,0.11,0.032,0.61,206,61.3,119,35.4,111,35.1,LULA+EB,0.142,positiva,58.2,37.2,34.4
97,PRESIDENTE FIGUEIREDO,"AV. GALO DA SERRA, SN. GALO DA SERRA I",DIFÍCIL,#E74C3C,-2.00977,-60.06526,6,-0.034,-0.074,0.47,213,46.9,220,48.5,106,24.5,DIFÍCIL,-0.109,estável,44.6,50.9,24.0
98,PRESIDENTE FIGUEIREDO,"AV. ONÇA PINTADA, N.1308, GALO DA SERRA II",DIFÍCIL,#E74C3C,-2.05837,-60.01272,6,-0.036,-0.085,0.47,198,46.7,212,50.0,96,23.4,DIFÍCIL,-0.121,estável,44.4,52.5,22.9
99,PRESIDENTE FIGUEIREDO,"COM. BOA UNIÃO, BR174, KM 165, RAMAL DO RUMO CERTO, ZONA RURAL",LULA+EB,#27AE60,-2.01044,-60.06492,6,0.069,0.081,0,182,57.2,125,39.3,120,40.0,LULA+EB,0.15,positiva,54.4,41.3,39.2
100,PRESIDENTE FIGUEIREDO,"AV. ONÇA PINTADA, N.1308, GALO DA SERRA II",PURO_SWING,#F4D03F,-2.0218,-60.01678,6,-0.042,-0.03,0.46,200,46.1,217,50.0,117,28.9,PURO_SWING,-0.073,estável,43.8,52.5,28.3
101,PRESIDENTE FIGUEIREDO,"AV. ONÇA PINTADA, N.1308, GALO DA SERRA II",PURO_SWING,#F4D03F,-2.04157,-60.02014,6,0.048,0.013,0.55,210,55.1,163,42.8,119,33.2,PURO_SWING,0.061,positiva,52.4,44.9,32.6
102,PRESIDENTE FIGUEIREDO,"AV. ONÇA PINTADA, N.1308, GALO DA SERRA II",DIFÍCIL,#E74C3C,-2.00197,-60.05175,6,-0.032,-0.09,0.47,200,47.2,214,50.5,90,22.9,DIFÍCIL,-0.122,estável,44.8,53.0,22.4
103,PRESIDENTE FIGUEIREDO,"AV. ONÇA PINTADA, N.1308, GALO DA SERRA II",DIFÍCIL,#E74C3C,-2.01377,-60.02499,6,-0.026,-0.083,0.48,217,47.7,219,48.1,101,23.6,DIFÍCIL,-0.11,estável,45.3,50.5,23.1
104,PRESIDENTE FIGUEIREDO,"AV. ONÇA PINTADA, N.1308, GALO DA SERRA II",PURO_SWING,#F4D03F,-2.00111,-60.03598,6,-0.017,-0.02,0.49,215,48.6,206,46.6,125,30.0,PURO_SWING,-0.036,estável,46.2,48.9,29.4
105,PRESIDENTE FIGUEIREDO,"AV. ONÇA PINTADA, N.1308, GALO DA SERRA II",PURO_SWING,#F4D03F,-2.02849,-59.99155,6,-0.027,-0.036,0.48,197,47.6,200,48.3,112,28.3,PURO_SWING,-0.064,estável,45.2,50.7,27.7
106,PRESIDENTE FIGUEIREDO,"AV. ONÇA PINTADA, N.1308, GALO DA SERRA II",BOLSO+EB,#E67E22,-2.03413,-60.05429,6,-0.057,-0.035,0.45,180,44.7,207,51.4,107,28.4,BOLSO+EB,-0.092,negativa,42.4,53.9,27.8
107,PRESIDENTE FIGUEIREDO,"RUA JACAREUBA, N. 400, HONÓRIO ROLDÃO",DIFÍCIL,#E74C3C,-2.01694,-60.015,6,-0.021,-0.079,0.48,174,48.2,174,48.2,81,24.0,DIFÍCIL,-0.1,estável,45.8,50.6,23.6
108,PRESIDENTE FIGUEIREDO,"RUA JACAREUBA, N. 400, HONÓRIO ROLDÃO",BOLSO+EB,#E67E22,-2.01714,-60.01506,6,-0.083,-0.045,0.42,155,42.0,197,53.4,92,27.5,BOLSO+EB,-0.128,negativa,39.9,56.1,26.9
109,PRESIDENTE FIGUEIREDO,"RUA MANAUS, SN, VILA DE BALBINA",PURO_SWING,#F4D03F,-1.97492,-60.00322,6,0.072,-0.033,0,318,57.5,213,38.5,149,28.7,PURO_SWING,0.039,positiva,54.6,40.4,28.1
111,PRESIDENTE FIGUEIREDO,"AVENIDA ONÇA PINTADA, N. 1248, GALO DA SERRA II",DIFÍCIL,#E74C3C,-2.02096,-60.00793,6,0.037,-0.087,0,217,54.0,167,41.5,87,23.3,DIFÍCIL,-0.05,positiva,51.3,43.6,22.8
694,RIO PRETO DA EVA,"AVENIDA  PARQUE DO COQUEIRAL,",PURO_SWING,#F4D03F,-2.71028,-59.7602,6,0.037,-0.014,0,188,54.0,143,41.1,98,30.5,PURO_SWING,0.023,positiva,51.3,43.1,29.9
695,RIO PRETO DA EVA,"AVENIDA  PARQUE DO COQUEIRAL,",PURO_SWING,#F4D03F,-2.75626,-59.80814,6,-0.047,-0.019,0,168,45.7,192,52.2,105,30.0,PURO_SWING,-0.066,negativa,43.4,54.8,29.4
696,RIO PRETO DA EVA,"AVENIDA  PARQUE DO COQUEIRAL,",LULA+EB,#27AE60,-2.73789,-59.76755,6,0.054,0.017,0.56,189,55.8,138,40.7,107,33.6,LULA+EB,0.071,positiva,53.0,42.7,33.0
697,RIO PRETO DA EVA,"AVENIDA  PARQUE DO COQUEIRAL,",LULA+EB,#27AE60,-2.68609,-59.83049,6,0.057,-0.006,0,209,56.0,153,41.0,109,31.3,LULA+EB,0.051,positiva,53.2,43.1,30.7
698,RIO PRETO DA EVA,"AVENIDA  PARQUE DO COQUEIRAL,",DIFÍCIL,#E74C3C,-2.73124,-59.81643,6,0.039,-0.058,0,185,54.3,142,41.6,82,26.1,DIFÍCIL,-0.019,positiva,51.5,43.7,25.6
699,RIO PRETO DA EVA,"AVENIDA  PARQUE DO COQUEIRAL,",PURO_SWING,#F4D03F,-2.69734,-59.76995,6,-0.015,0.016,0.49,173,48.9,171,48.3,112,33.5,PURO_SWING,0.002,estável,46.4,50.7,32.9
700,RIO PRETO DA EVA,"AVENIDA  PARQUE DO COQUEIRAL,",PURO_SWING,#F4D03F,-2.73008,-59.75029,6,-0.015,-0.036,0.49,189,48.8,187,48.3,103,28.3,PURO_SWING,-0.051,estável,46.4,50.7,27.7
701,RIO PRETO DA EVA,"AVENIDA  PARQUE DO COQUEIRAL,",PURO_SWING,#F4D03F,-2.68962,-59.75,6,0.022,-0.018,0,188,52.5,165,46.1,102,30.1,PURO_SWING,0.004,positiva,49.9,48.4,29.5
702,RIO PRETO DA EVA,RUA GOVERNADOR GREGORIO AZEVEDO,PURO_SWING,#F4D03F,-2.70934,-59.78863,6,0.025,-0.033,0.53,264,52.8,219,43.8,135,28.6,PURO_SWING,-0.008,positiva,50.2,46.0,28.0
704,RIO PRETO DA EVA,RUA GOVERNADOR GREGORIO AZEVEDO,DIFÍCIL,#E74C3C,-2.71203,-59.79021,6,-0.027,-0.069,0.48,248,47.6,253,48.6,124,25.0,DIFÍCIL,-0.097,estável,45.2,51.0,24.5
706,RIO PRETO DA EVA,RUA GOVERNADOR GREGORIO AZEVEDO,LULA+EB,#27AE60,-2.71997,-59.80442,6,0.067,0.02,0,319,57.1,214,38.3,180,34.0,LULA+EB,0.088,positiva,54.2,40.2,33.3
708,RIO PRETO DA EVA,RUA GOVERNADOR GREGORIO AZEVEDO,PURO_SWING,#F4D03F,-2.68581,-59.81011,6,-0.013,-0.043,0,262,49.1,251,47.0,142,27.6,PURO_SWING,-0.056,estável,46.6,49.4,27.1
710,RIO PRETO DA EVA,RUA GOVERNADOR GREGORIO AZEVEDO,PURO_SWING,#F4D03F,-2.72832,-59.75769,6,0.021,-0.01,0,289,52.5,244,44.3,164,30.9,PURO_SWING,0.011,positiva,49.8,46.5,30.3
712,RIO PRETO DA EVA,RUA GOVERNADOR GREGORIO AZEVEDO,DIFÍCIL,#E74C3C,-2.72256,-59.78707,6,0.005,-0.052,0,273,50.8,250,46.6,137,26.8,DIFÍCIL,-0.047,estável,48.3,48.9,26.2
714,RIO PRETO DA EVA,RUA GOVERNADOR JOAQUIM MACHADO,PURO_SWING,#F4D03F,-2.69316,-59.79726,6,-0.013,-0.017,0.49,273,49.0,260,46.7,160,30.2,PURO_SWING,-0.031,estável,46.6,49.0,29.6
716,RIO PRETO DA EVA,RUA GOVERNADOR JOAQUIM MACHADO,LULA+EB,#27AE60,-2.73687,-59.81997,6,0.055,-0.008,0.56,291,55.9,214,41.1,155,31.1,LULA+EB,0.047,positiva,53.1,43.1,30.5
718,RIO PRETO DA EVA,RUA GOVERNADOR JOAQUIM MACHADO,PURO_SWING,#F4D03F,-2.72969,-59.80665,6,-0.009,-0.03,0,262,49.4,246,46.4,146,28.9,PURO_SWING,-0.039,estável,47.0,48.7,28.3
720,RIO PRETO DA EVA,RUA GOVERNADOR JOAQUIM MACHADO,PURO_SWING,#F4D03F,-2.66241,-59.78277,6,0.022,0.008,0,277,52.6,222,42.1,161,32.7,PURO_SWING,0.03,positiva,49.9,44.2,32.1
722,RIO PRETO DA EVA,RUA GOVERNADOR JOAQUIM MACHADO,PURO_SWING,#F4D03F,-2.73243,-59.77414,6,0.038,-0.013,0.54,289,54.1,224,41.9,152,30.6,PURO_SWING,0.025,positiva,51.4,44.0,30.0
723,RIO PRETO DA EVA,RUA GOVERNADOR  ANGELO AMARAL,PURO_SWING,#F4D03F,-2.71746,-59.78936,6,-0.004,0.002,0.5,234,49.9,219,46.7,144,32.1,PURO_SWING,-0.002,estável,47.4,49.0,31.5
724,RIO PRETO DA EVA,RUA GOVERNADOR  ANGELO AMARAL,PURO_SWING,#F4D03F,-2.70449,-59.79727,6,-0.024,-0.039,0.48,204,47.9,209,49.1,113,28.0,PURO_SWING,-0.063,estável,45.5,51.5,27.5
725,RIO PRETO DA EVA,RUA GOVERNADOR  ANGELO AMARAL,PURO_SWING,#F4D03F,-2.70232,-59.79592,6,-0.031,-0.043,0.47,216,47.3,224,49.0,121,27.6,PURO_SWING,-0.074,estável,44.9,51.5,27.1
726,RIO PRETO DA EVA,RUA GOVERNADOR  ANGELO AMARAL,BOLSO+EB,#E67E22,-2.70479,-59.78309,6,-0.077,-0.039,0.43,198,42.6,254,54.6,123,28.0,BOLSO+EB,-0.117,negativa,40.5,57.4,27.5
727,RIO PRETO DA EVA,RUA GOVERNADOR  ANGELO AMARAL,BOLSO+EB,#E67E22,-2.66541,-59.77281,6,-0.063,-0.04,0.44,195,44.0,232,52.4,118,28.0,BOLSO+EB,-0.103,negativa,41.8,55.0,27.4
728,RIO PRETO DA EVA,RUA GOVERNADOR  ANGELO AMARAL,EB_PURO,#8E44AD,-2.71117,-59.74968,6,-0.067,0.001,0.44,196,43.7,235,52.3,133,32.0,EB_PURO,-0.066,negativa,41.5,55.0,31.4
729,RIO PRETO DA EVA,RUA GOVERNADOR  ANGELO AMARAL,BOLSO+EB,#E67E22,-2.7107,-59.78175,6,-0.062,-0.037,0.44,183,44.1,211,50.8,109,28.2,BOLSO+EB,-0.099,negativa,41.9,53.4,27.7
730,RIO PRETO DA EVA,RUA GOVERNADOR  ANGELO AMARAL,PURO_SWING,#F4D03F,-2.7246,-59.78058,6,-0.041,-0.036,0.46,191,46.2,205,49.6,111,28.3,PURO_SWING,-0.077,estável,43.9,52.1,27.8
731,RIO PRETO DA EVA,RUA GOVERNADOR  ANGELO AMARAL,DIFÍCIL,#E74C3C,-2.66597,-59.79467,6,-0.069,-0.065,0.43,180,43.4,228,54.9,99,25.4,DIFÍCIL,-0.135,negativa,41.2,57.7,24.9
732,RIO PRETO DA EVA,RUA GOVERNADOR  ANGELO AMARAL,PURO_SWING,#F4D03F,-2.71335,-59.79558,6,-0.02,-0.003,0.48,214,48.3,209,47.2,128,31.6,PURO_SWING,-0.023,estável,45.9,49.5,31.0
733,RIO PRETO DA EVA,RUA GOVERNADOR  ANGELO AMARAL,PURO_SWING,#F4D03F,-2.75082,-59.7934,6,-0.013,-0.04,0.49,221,49.0,214,47.5,118,28.0,PURO_SWING,-0.053,estável,46.6,49.8,27.4
734,RIO PRETO DA EVA,RUA GOVERNADOR ANGELO AMARAL,PURO_SWING,#F4D03F,-2.75458,-59.7797,6,0.007,-0.025,0.51,216,51.1,195,46.1,117,29.4,PURO_SWING,-0.018,estável,48.5,48.4,28.8
735,RIO PRETO DA EVA,RUA GOVERNADOR ANGELO AMARAL,LULA+EB,#27AE60,-2.71627,-59.76661,6,0.06,-0.003,0.56,235,56.4,170,40.8,122,31.6,LULA+EB,0.057,positiva,53.5,42.8,31.0
736,RIO PRETO DA EVA,RUA GOVERNADOR ANGELO AMARAL,PURO_SWING,#F4D03F,-2.73008,-59.78737,6,0.016,-0.031,0.52,217,51.9,184,44.0,115,28.8,PURO_SWING,-0.015,positiva,49.3,46.2,28.2
737,RIO PRETO DA EVA,RUA GOVERNADOR ANGELO AMARAL,BOLSO+EB,#E67E22,-2.7185,-59.81474,6,-0.064,-0.037,0.44,187,43.9,224,52.6,113,28.2,BOLSO+EB,-0.102,negativa,41.7,55.2,27.6
738,RIO PRETO DA EVA,RUA GOVERNADOR ANGELO AMARAL,PURO_SWING,#F4D03F,-2.76527,-59.79023,6,-0.043,-0.031,0.46,199,46.1,221,51.2,117,28.8,PURO_SWING,-0.074,negativa,43.8,53.7,28.2
739,RIO PRETO DA EVA,RUA GOVERNADOR ANGELO AMARAL,PURO_SWING,#F4D03F,-2.71373,-59.78857,6,-0.02,-0.049,0.48,190,48.3,188,47.8,101,27.1,PURO_SWING,-0.068,estável,45.9,50.2,26.5
740,RIO PRETO DA EVA,RUA GOVERNADOR ANGELO AMARAL,PURO_SWING,#F4D03F,-2.72354,-59.80153,6,0.028,0.002,0.53,218,53.2,176,42.9,125,32.1,PURO_SWING,0.031,positiva,50.5,45.1,31.5
741,RIO PRETO DA EVA,RUA GOVERNADOR ANGELO AMARAL,LULA+EB,#27AE60,-2.71483,-59.77991,6,0.075,-0.014,0.58,218,57.8,144,38.2,111,30.6,LULA+EB,0.062,positiva,54.9,40.1,30.0
742,RIO PRETO DA EVA,RUA GOVERNADOR ANGELO AMARAL,PURO_SWING,#F4D03F,-2.72533,-59.79115,6,0.021,-0.049,0.52,235,52.5,186,41.5,114,27.0,PURO_SWING,-0.028,positiva,49.8,43.6,26.5
743,RIO PRETO DA EVA,RUA GOVERNADOR ANGELO AMARAL,PURO_SWING,#F4D03F,-2.69362,-59.82284,6,0.042,-0.034,0.54,231,54.5,181,42.7,114,28.6,PURO_SWING,0.008,positiva,51.8,44.8,28.0
744,RIO PRETO DA EVA,"RODOVIA  AM-010 KM 129, RAMAL MANAPOLIS KM 19",LULA+EB,#27AE60,-2.69963,-59.79659,6,0.173,0.052,0.68,270,67.7,116,29.1,143,37.1,LULA+EB,0.226,positiva,64.3,30.5,36.4
745,RIO PRETO DA EVA,"RODOVIA  AM-010 KM 129, RAMAL MANAPOLIS KM 19",LULA+EB,#27AE60,-2.70561,-59.78412,6,0.155,0.013,0.66,256,65.8,116,29.8,125,33.2,LULA+EB,0.168,positiva,62.5,31.3,32.6
746,RIO PRETO DA EVA,"RODOVIA  AM-010 KM 129, RAMAL MANAPOLIS KM 19",LULA+EB,#27AE60,-2.7182,-59.79096,6,0.073,0.036,0.58,286,57.7,201,40.5,170,35.6,LULA+EB,0.11,positiva,54.8,42.6,34.9
747,RIO PRETO DA EVA,RODOVIA  AM-010 KM 135,LULA+EB,#27AE60,-2.71693,-59.78519,6,0.151,-0.02,0.65,259,65.4,131,33.1,113,30.0,LULA+EB,0.131,positiva,62.1,34.7,29.4
748,RIO PRETO DA EVA,RODOVIA  AM-010 KM 135,LULA+EB,#27AE60,-2.69141,-59.75877,6,0.102,0.017,0.6,228,60.5,133,35.3,119,33.6,LULA+EB,0.118,positiva,57.5,37.0,32.9
749,RIO PRETO DA EVA,RODOVIA  AM-010 KM 135,DIFÍCIL,#E74C3C,-2.69263,-59.82214,6,0.013,-0.069,0.52,206,51.6,175,43.9,97,25.1,DIFÍCIL,-0.056,positiva,49.0,46.1,24.6
750,RIO PRETO DA EVA,RODOVIA  AM-010 KM 135,LULA+EB,#27AE60,-2.68218,-59.8338,6,0.079,0.016,0.58,237,58.2,154,37.8,131,33.5,LULA+EB,0.095,positiva,55.3,39.7,32.8
751,RIO PRETO DA EVA,RODOVIA  AM-010 KM 135,PURO_SWING,#F4D03F,-2.70933,-59.74176,6,0.031,-0.007,0.53,220,53.4,175,42.5,121,31.3,PURO_SWING,0.024,positiva,50.7,44.6,30.6
752,RIO PRETO DA EVA,RODOVIA  AM-010 KM 105 - COMUNIDADE DIVINO ESPIRITO SANTO,LULA+EB,#27AE60,-2.70952,-59.79009,6,0.166,-0.007,0.67,298,67.0,133,29.9,132,31.2,LULA+EB,0.159,positiva,63.6,31.4,30.6
753,RIO PRETO DA EVA,RODOVIA  AM-010 KM 105 - COMUNIDADE DIVINO ESPIRITO SANTO,PURO_SWING,#F4D03F,-2.73452,-59.78123,6,0.105,-0.02,0.61,245,60.8,146,36.2,116,29.9,PURO_SWING,0.084,positiva,57.8,38.0,29.3
754,RIO PRETO DA EVA,RODOVIA  AM-010 KM 105 - COMUNIDADE DIVINO ESPIRITO SANTO,LULA+EB,#27AE60,-2.70782,-59.7705,6,0.115,-0.006,0.62,257,61.8,146,35.1,122,31.3,LULA+EB,0.108,positiva,58.7,36.9,30.7
755,RIO PRETO DA EVA,RODOVIA  AM-010 KM 105 - COMUNIDADE DIVINO ESPIRITO SANTO,DIFÍCIL,#E74C3C,-2.72757,-59.78109,6,0.003,-0.071,0.51,202,50.6,186,46.6,94,24.9,DIFÍCIL,-0.068,estável,48.1,48.9,24.4
756,RIO PRETO DA EVA,RUA 28 DE AGOSTO S/N,PURO_SWING,#F4D03F,-2.69326,-59.79686,6,0.0,-0.011,0.5,214,50.4,193,45.4,124,30.8,PURO_SWING,-0.011,estável,47.8,47.7,30.2
757,RIO PRETO DA EVA,RUA 28 DE AGOSTO S/N,PURO_SWING,#F4D03F,-2.71019,-59.82239,6,0.034,-0.036,0.54,236,53.8,191,43.5,117,28.3,PURO_SWING,-0.002,positiva,51.1,45.7,27.8
758,RIO PRETO DA EVA,RUA 28 DE AGOSTO S/N,BOLSO+EB,#E67E22,-2.74486,-59.81725,6,-0.053,-0.034,0.45,199,45.0,227,51.4,120,28.5,BOLSO+EB,-0.087,negativa,42.8,53.9,27.9
759,RIO PRETO DA EVA,RUA 28 DE AGOSTO S/N,PURO_SWING,#F4D03F,-2.69738,-59.7936,6,0.029,0.029,0.53,216,53.2,180,44.3,134,34.8,PURO_SWING,0.058,positiva,50.5,46.6,34.1
760,RIO PRETO DA EVA,RUA 28 DE AGOSTO S/N,PURO_SWING,#F4D03F,-2.68504,-59.79431,6,-0.014,-0.016,0.49,176,48.9,174,48.3,103,30.3,PURO_SWING,-0.031,estável,46.4,50.8,29.7
761,RIO PRETO DA EVA,RUA 28 DE AGOSTO S/N,PURO_SWING,#F4D03F,-2.70496,-59.79286,6,-0.003,0.015,0.5,189,50.0,182,48.1,120,33.4,PURO_SWING,0.012,estável,47.5,50.6,32.8
762,RIO PRETO DA EVA,RUA 28 DE AGOSTO S/N,PURO_SWING,#F4D03F,-2.72451,-59.7996,6,0.048,0.037,0.55,228,55.1,172,41.5,137,35.6,PURO_SWING,0.084,positiva,52.3,43.6,34.9
780,RIO PRETO DA EVA,RUA 28 DE AGOSTO S/N,PURO_SWING,#F4D03F,-2.68874,-59.79635,6,0.012,-0.037,0,208,51.5,187,46.3,106,28.3,PURO_SWING,-0.025,positiva,48.9,48.6,27.7
784,RIO PRETO DA EVA,RODOVIA  AM-010 KM 105 - COMUNIDADE DIVINO ESPIRITO SANTO,DIFÍCIL,#E74C3C,-2.72226,-59.77471,6,-0.016,-0.064,0,192,48.7,197,50.0,96,25.5,DIFÍCIL,-0.08,estável,46.3,52.5,25.0
786,RIO PRETO DA EVA,RODOVIA  AM-010 KM 105 - COMUNIDADE DIVINO ESPIRITO SANTO,DIFÍCIL,#E74C3C,-2.67739,-59.76255,6,0.069,-0.091,0,174,57.2,125,41.1,66,22.8,DIFÍCIL,-0.022,positiva,54.4,43.2,22.4
792,RIO PRETO DA EVA,RODOVIA  AM-010 KM 135,DIFÍCIL,#E74C3C,-2.73376,-59.79948,6,0.105,-0.083,0,155,60.8,92,36.1,56,23.6,DIFÍCIL,0.022,positiva,57.7,37.9,23.2
1,SANTA ISABEL DO RIO NEGRO,"AVENIDA DANILO CORREA, N 02",DIFÍCIL,#E74C3C,0.40686,-65.02368,6,0.155,-0.082,0.66,225,65.8,101,29.5,79,23.7,DIFÍCIL,0.073,positiva,62.5,31.0,23.2
2,SANTA ISABEL DO RIO NEGRO,"AVENIDA DANILO CORREA, N 02",DIFÍCIL,#E74C3C,0.46212,-65.03234,6,0.206,-0.075,0.71,275,70.9,102,26.3,90,24.5,DIFÍCIL,0.131,positiva,67.3,27.6,24.0
3,SANTA ISABEL DO RIO NEGRO,"AVENIDA DANILO CORREA, N 02",DIFÍCIL,#E74C3C,0.41433,-65.02641,6,0.15,-0.059,0.65,243,65.3,111,29.8,91,26.0,DIFÍCIL,0.091,positiva,62.1,31.3,25.5
4,SANTA ISABEL DO RIO NEGRO,"AVENIDA DANILO CORREA, N 02",LULA+EB,#27AE60,0.38828,-64.98252,6,0.168,0.031,0.67,249,67.1,108,29.1,124,35.0,LULA+EB,0.199,positiva,63.8,30.6,34.3
5,SANTA ISABEL DO RIO NEGRO,"AVENIDA DANILO CORREA, N 02",PURO_SWING,#F4D03F,0.43569,-65.03878,6,0.23,-0.043,0.73,236,73.3,73,22.7,86,27.7,PURO_SWING,0.187,positiva,69.6,23.8,27.1
6,SANTA ISABEL DO RIO NEGRO,"AVENIDA DANILO CORREA, N 02",PURO_SWING,#F4D03F,0.40461,-65.02135,6,0.202,-0.032,0.7,258,70.5,93,25.4,100,28.7,PURO_SWING,0.17,positiva,67.0,26.7,28.2
7,SANTA ISABEL DO RIO NEGRO,"AVENIDA DANILO CORREA, N 02",PURO_SWING,#F4D03F,0.40465,-65.07583,6,0.24,-0.039,0.74,287,74.4,82,21.2,105,28.1,PURO_SWING,0.202,positiva,70.6,22.3,27.5
8,SANTA ISABEL DO RIO NEGRO,"AVENIDA DANILO CORREA, N 02",PURO_SWING,#F4D03F,0.41346,-64.99308,6,0.162,-0.047,0.67,290,66.5,127,29.1,114,27.3,PURO_SWING,0.115,positiva,63.2,30.6,26.7
9,SANTA ISABEL DO RIO NEGRO,"AVENIDA DANILO CORREA, N 02",DIFÍCIL,#E74C3C,0.41586,-65.02354,6,0.241,-0.084,0.74,299,74.4,88,21.9,91,23.6,DIFÍCIL,0.157,positiva,70.7,23.0,23.1
10,SANTA ISABEL DO RIO NEGRO,"AVENIDA DANILO CORREA, N 02",PURO_SWING,#F4D03F,0.46322,-65.04783,6,0.208,-0.047,0.71,263,71.1,100,27.0,96,27.2,PURO_SWING,0.16,positiva,67.5,28.4,26.7
11,SANTA ISABEL DO RIO NEGRO,"AVENIDA DANILO CORREA, N 02",DIFÍCIL,#E74C3C,0.41457,-65.03178,6,0.169,-0.054,0.67,269,67.2,118,29.5,103,26.5,DIFÍCIL,0.115,positiva,63.9,31.0,26.0
12,SANTA ISABEL DO RIO NEGRO,"AVENIDA DANILO CORREA, N 02",DIFÍCIL,#E74C3C,0.43229,-65.06897,6,0.271,-0.054,0.77,319,77.4,88,21.4,106,26.5,DIFÍCIL,0.217,positiva,73.6,22.4,26.0
13,SANTA ISABEL DO RIO NEGRO,"AVENIDA DANILO CORREA, N 02",DIFÍCIL,#E74C3C,0.38429,-65.01209,6,0.223,-0.084,0.73,278,72.6,92,24.0,86,23.5,DIFÍCIL,0.138,positiva,69.0,25.2,23.0
14,SANTA ISABEL DO RIO NEGRO,"AVENIDA DANILO CORREA, N 02",DIFÍCIL,#E74C3C,0.41046,-65.02886,6,0.13,-0.089,0.63,261,63.3,136,33.0,91,23.0,DIFÍCIL,0.041,positiva,60.2,34.7,22.5
15,SANTA ISABEL DO RIO NEGRO,"AVENIDA DANILO CORREA, N 02",PURO_SWING,#F4D03F,0.37243,-65.05996,6,0.218,-0.041,0.72,280,72.2,96,24.7,104,27.8,PURO_SWING,0.177,positiva,68.6,26.0,27.3
17,SANTA ISABEL DO RIO NEGRO,"AVENIDA DANILO CORREA, N 02",PURO_SWING,#F4D03F,0.40208,-64.97845,6,0.136,-0.035,0,250,63.9,126,32.2,107,28.4,PURO_SWING,0.101,positiva,60.7,33.8,27.8
18,SANTA ISABEL DO RIO NEGRO,"AVENIDA DANILO CORREA, N 02",PURO_SWING,#F4D03F,0.4457,-64.98415,6,0.193,-0.022,0.7,255,69.7,103,28.1,106,29.8,PURO_SWING,0.172,positiva,66.2,29.5,29.2
19,SANTA ISABEL DO RIO NEGRO,"AVENIDA DANILO CORREA, N 02",DIFÍCIL,#E74C3C,0.43201,-65.00487,6,0.142,-0.051,0.65,229,64.5,121,34.1,93,26.8,DIFÍCIL,0.091,positiva,61.3,35.8,26.3
20,SANTA ISABEL DO RIO NEGRO,"RUA PADRE JOSE SCHNEIDER, S/N",PURO_SWING,#F4D03F,0.39703,-65.03765,6,0.201,-0.027,0.7,295,70.4,114,27.2,118,29.2,PURO_SWING,0.174,positiva,66.9,28.6,28.6
21,SANTA ISABEL DO RIO NEGRO,"RUA PADRE JOSE SCHNEIDER, S/N",PURO_SWING,#F4D03F,0.40978,-65.0668,6,0.161,-0.046,0.66,293,66.4,138,31.3,116,27.3,PURO_SWING,0.115,positiva,63.1,32.9,26.7
22,SANTA ISABEL DO RIO NEGRO,"RIO MARAUIA, MISSÃO SALESIANA",LULA+EB,#27AE60,0.41484,-65.02537,6,0.494,0.175,1.0,361,99.7,0,0.0,176,49.4,LULA+EB,0.669,positiva,94.7,0.0,48.4
23,SANTA ISABEL DO RIO NEGRO,COMUNIDADE CARTUCHO,LULA+EB,#27AE60,0.453,-64.99151,6,0.41,0.34,0.91,346,91.3,30,7.9,244,65.9,LULA+EB,0.75,positiva,86.7,8.3,64.6
24,SANTA ISABEL DO RIO NEGRO,"RUA PADRE JOSE SCHNEIDER, S/N",PURO_SWING,#F4D03F,0.40669,-65.07377,6,0.178,-0.04,0.68,242,68.2,98,27.6,95,27.9,PURO_SWING,0.139,positiva,64.8,29.0,27.4
25,SANTA ISABEL DO RIO NEGRO,"RUA PADRE JOSE SCHNEIDER, S/N",LULA+EB,#27AE60,0.4131,-65.02405,6,0.23,-0.018,0.73,289,73.4,85,21.6,112,30.1,LULA+EB,0.212,positiva,69.7,22.7,29.5
26,SANTA ISABEL DO RIO NEGRO,"RIO MARAUIA, MISSÃO SALESIANA",LULA+EB,#27AE60,0.40312,-65.01186,6,0.493,0.08,0,279,99.6,1,0.4,111,39.9,LULA+EB,0.573,positiva,94.7,0.4,39.1
27,SANTA ISABEL DO RIO NEGRO,"RUA PADRE JOSE SCHNEIDER, S/N",DIFÍCIL,#E74C3C,0.41388,-65.02525,6,0.173,-0.093,0,286,67.6,125,29.6,92,22.6,DIFÍCIL,0.08,positiva,64.2,31.0,22.2
28,SANTA ISABEL DO RIO NEGRO,"RUA PADRE JOSE SCHNEIDER, S/N",LULA+EB,#27AE60,0.42994,-65.03012,6,0.266,0.013,0,370,76.9,102,21.2,154,33.3,LULA+EB,0.279,positiva,73.1,22.3,32.6
1,SANTO ANTÔNIO DO IÇÁ,RUA MONSENHOR THOMAZ,LULA+EB,#27AE60,-3.13548,-68.63791,6,0.079,0.193,0,201,58.3,131,38.0,169,51.2,LULA+EB,0.272,positiva,55.3,39.9,50.2
2,SANTO ANTÔNIO DO IÇÁ,RUA MONSENHOR THOMAZ,LULA+EB,#27AE60,-3.10073,-68.64398,6,0.162,0.156,0,244,66.5,114,31.1,172,47.5,LULA+EB,0.317,positiva,63.2,32.6,46.6
3,SANTO ANTÔNIO DO IÇÁ,RUA MOSENHOR THOMAS,LULA+EB,#27AE60,-3.1037,-68.63273,6,0.101,0.195,0,240,60.5,138,34.8,196,51.4,LULA+EB,0.296,positiva,57.4,36.5,50.4
4,SANTO ANTÔNIO DO IÇÁ,RUA MOSENHOR THOMAS,LULA+EB,#27AE60,-3.0794,-68.61215,6,0.081,0.205,0,233,58.4,151,37.8,202,52.5,LULA+EB,0.286,positiva,55.5,39.7,51.4
5,SANTO ANTÔNIO DO IÇÁ,RUA MOSENHOR THOMAS,LULA+EB,#27AE60,-3.06006,-68.67818,6,0.091,0.212,0,243,59.4,151,36.9,213,53.1,LULA+EB,0.303,positiva,56.4,38.8,52.1
6,SANTO ANTÔNIO DO IÇÁ,RUA MOSENHOR THOMAS,LULA+EB,#27AE60,-3.09916,-68.61195,6,0.116,0.141,0,236,61.9,138,36.2,169,46.0,LULA+EB,0.257,positiva,58.8,38.0,45.1
7,SANTO ANTÔNIO DO IÇÁ,RUA ADRIÃO RABELO GARCIA,LULA+EB,#27AE60,-3.12366,-68.6702,6,0.112,0.247,0,373,61.6,214,35.3,333,56.6,LULA+EB,0.359,positiva,58.5,37.1,55.5
8,SANTO ANTÔNIO DO IÇÁ,RUA ADRIÃO RABELO GARCIA,LULA+EB,#27AE60,-3.09934,-68.63411,6,0.136,0.258,0,381,63.9,193,32.4,332,57.7,LULA+EB,0.394,positiva,60.7,34.0,56.6
9,SANTO ANTÔNIO DO IÇÁ,"COM. VILA DE BETANIA,RIO IÇA, MARGEM DIREITA, ZONA RURAL INDIGENA",LULA+EB,#27AE60,-3.10302,-68.66435,6,0.489,0.188,0,649,99.2,1,0.2,323,50.7,LULA+EB,0.677,positiva,94.3,0.2,49.7
10,SANTO ANTÔNIO DO IÇÁ,"COM. VILA DE BETANIA,RIO IÇA, MARGEM DIREITA, ZONA RURAL INDIGENA",LULA+EB,#27AE60,-3.09126,-68.64211,6,0.492,0.292,0,626,99.5,1,0.2,378,61.2,LULA+EB,0.784,positiva,94.5,0.2,59.9
11,SANTO ANTÔNIO DO IÇÁ,"COM. VILA MILITAR IPIRANGA, RIO IÇÁ, MARGEM DIREITA, ZONA RURAL",LULA+EB,#27AE60,-3.11394,-68.64804,6,0.14,0.385,0,90,64.3,49,35.0,93,70.5,LULA+EB,0.525,positiva,61.1,36.8,69.0
12,SANTO ANTÔNIO DO IÇÁ,"COM.VILA ALTEROSA - JUI, RIO IÇA, MARGEM DIREITA, ZONA RURAL",LULA+EB,#27AE60,-3.10128,-68.63992,6,0.092,0.209,0,373,59.5,251,40.0,322,52.9,LULA+EB,0.301,positiva,56.5,42.0,51.8
13,SANTO ANTÔNIO DO IÇÁ,"COM.VILA ALTEROSA - JUI, RIO IÇA, MARGEM DIREITA, ZONA RURAL",LULA+EB,#27AE60,-3.09561,-68.68169,6,0.092,0.174,0,354,59.5,231,38.8,279,49.3,LULA+EB,0.265,positiva,56.5,40.8,48.3
14,SANTO ANTÔNIO DO IÇÁ,RUA ALVARO MAIA,LULA+EB,#27AE60,-3.14727,-68.62812,6,0.093,0.236,0,328,59.6,209,38.0,296,55.5,LULA+EB,0.329,positiva,56.7,39.9,54.4
15,SANTO ANTÔNIO DO IÇÁ,RUA ALVARO MAIA,LULA+EB,#27AE60,-3.09096,-68.65684,6,0.142,0.265,0,390,64.6,202,33.4,339,58.4,LULA+EB,0.408,positiva,61.3,35.1,57.3
26,SANTO ANTÔNIO DO IÇÁ,"COM. VILA DE BETANIA,RIO IÇA, MARGEM DIREITA, ZONA RURAL INDIGENA",LULA+EB,#27AE60,-3.11128,-68.63193,6,0.489,0.209,0,670,99.3,2,0.3,349,52.9,LULA+EB,0.699,positiva,94.3,0.3,51.8
27,SANTO ANTÔNIO DO IÇÁ,RUA ALVARO MAIA,LULA+EB,#27AE60,-3.11508,-68.63727,6,0.151,0.225,0,399,65.4,194,31.8,323,54.5,LULA+EB,0.376,positiva,62.1,33.4,53.4
29,SANTO ANTÔNIO DO IÇÁ,RUA ALVARO MAIA,LULA+EB,#27AE60,-3.12417,-68.60698,6,0.141,0.226,0,385,64.4,196,32.8,311,54.6,LULA+EB,0.367,positiva,61.2,34.4,53.5
31,SANTO ANTÔNIO DO IÇÁ,"COM.VILA ALTEROSA - JUI, RIO IÇA, MARGEM DIREITA, ZONA RURAL",LULA+EB,#27AE60,-3.09711,-68.65759,6,0.074,0.164,0,356,57.7,255,41.3,298,48.4,LULA+EB,0.238,positiva,54.8,43.4,47.4
32,SANTO ANTÔNIO DO IÇÁ,RUA MOSENHOR THOMAS,LULA+EB,#27AE60,-3.10181,-68.65402,6,0.164,0.251,0,263,66.8,120,30.5,219,57.0,LULA+EB,0.415,positiva,63.4,32.0,55.9
35,SANTO ANTÔNIO DO IÇÁ,RUA MOSENHOR THOMAS,LULA+EB,#27AE60,-3.09913,-68.63507,6,0.118,0.24,0,267,62.1,153,35.6,237,55.9,LULA+EB,0.357,positiva,59.0,37.4,54.8
36,SANTO ANTÔNIO DO IÇÁ,RUA MONSENHOR THOMAZ,LULA+EB,#27AE60,-3.07413,-68.65939,6,0.141,0.232,0,246,64.4,126,33.0,199,55.1,LULA+EB,0.373,positiva,61.2,34.6,54.0
37,SANTO ANTÔNIO DO IÇÁ,RUA MOSENHOR THOMAS,LULA+EB,#27AE60,-3.07969,-68.62804,6,0.106,0.276,0,248,60.9,143,35.1,234,59.5,LULA+EB,0.382,positiva,57.9,36.9,58.4
40,SANTO ANTÔNIO DO IÇÁ,RUA PRINCIPAL,LULA+EB,#27AE60,-3.07667,-68.61974,6,0.309,0.319,0,393,81.2,76,15.7,291,63.8,LULA+EB,0.628,positiva,77.1,16.5,62.5
43,SANTO ANTÔNIO DO IÇÁ,RUA ADRIÃO RABELO GARCIA,LULA+EB,#27AE60,-3.14453,-68.64105,6,0.125,0.293,0,371,62.8,201,34.0,350,61.2,LULA+EB,0.417,positiva,59.6,35.7,60.0
44,SANTO ANTÔNIO DO IÇÁ,RUA MONSENHOR THOMAZ,LULA+EB,#27AE60,-3.06853,-68.62182,6,0.144,0.245,0,257,64.7,127,32.0,218,56.5,LULA+EB,0.39,positiva,61.5,33.6,55.3
45,SANTO ANTÔNIO DO IÇÁ,"COM.MATIINTIM, RIO IÇA, MARGEM DIREITA, ZONA RURAL INDIGENA",LULA+EB,#27AE60,-3.12573,-68.69098,6,0.472,0.51,0,355,97.5,2,0.5,286,82.9,LULA+EB,0.982,positiva,92.7,0.6,81.2
46,SANTO ANTÔNIO DO IÇÁ,"COM. VILA DE BETANIA,RIO IÇA, MARGEM DIREITA, ZONA RURAL INDIGENA",LULA+EB,#27AE60,-3.10428,-68.65248,6,0.485,0.233,0,646,98.8,4,0.6,359,55.2,LULA+EB,0.718,positiva,93.8,0.6,54.1
48,SANTO ANTÔNIO DO IÇÁ,RUA CAPITÃO RIBEIRO,LULA+EB,#27AE60,-3.11057,-68.65261,6,0.149,0.238,0,317,65.2,157,32.3,264,55.7,LULA+EB,0.387,positiva,62.0,33.9,54.6
50,SANTO ANTÔNIO DO IÇÁ,RUA CAPITÃO RIBEIRO,LULA+EB,#27AE60,-3.0957,-68.65253,6,0.203,0.291,0,346,70.6,133,27.1,288,61.0,LULA+EB,0.494,positiva,67.1,28.5,59.8
51,SANTO ANTÔNIO DO IÇÁ,RUA PRINCIPAL,LULA+EB,#27AE60,-3.09149,-68.66876,6,0.325,0.386,0,396,82.8,77,16.1,325,70.5,LULA+EB,0.711,positiva,78.7,16.9,69.1
52,SANTO ANTÔNIO DO IÇÁ,RUA ADRIÃO RABELO GARCIA,LULA+EB,#27AE60,-3.07814,-68.64795,6,0.117,0.231,0,373,62.1,208,34.6,319,55.0,LULA+EB,0.348,positiva,59.0,36.3,53.9
55,SANTO ANTÔNIO DO IÇÁ,RUA CAPITÃO RIBEIRO,LULA+EB,#27AE60,-3.05216,-68.65606,6,0.117,0.211,0,302,62.0,174,35.7,246,53.0,LULA+EB,0.328,positiva,58.9,37.5,52.0
57,SANTO ANTÔNIO DO IÇÁ,"COM. VILA DE BETANIA,RIO IÇA, MARGEM DIREITA, ZONA RURAL INDIGENA",LULA+EB,#27AE60,-3.12102,-68.65379,6,0.482,0.264,0,611,98.5,5,0.8,353,58.3,LULA+EB,0.746,positiva,93.6,0.8,57.2
61,SANTO ANTÔNIO DO IÇÁ,"COM.VILA ALTEROSA - JUI, RIO IÇA, MARGEM DIREITA, ZONA RURAL",EB_PURO,#8E44AD,-3.09301,-68.67903,6,-0.012,0.177,0,328,49.1,333,49.9,320,49.6,EB_PURO,0.165,estável,46.6,52.3,48.6
62,SANTO ANTÔNIO DO IÇÁ,"COM. SÃO JOSÉ, MARGEM DIREITA, RIO SOLIMOES, ZONA RUAL INDIGENA",LULA+EB,#27AE60,-3.10541,-68.64674,6,0.344,0.25,0,500,84.7,79,13.4,324,56.9,LULA+EB,0.594,positiva,80.5,14.1,55.8
63,SANTO ANTÔNIO DO IÇÁ,"COM. BOA VISTA, RIO SOLIMOES, MARGEM DIREITA, ZONA RURAL INDIGENA",LULA+EB,#27AE60,-3.12379,-68.65801,6,0.485,0.491,0,576,98.8,4,0.7,453,81.0,LULA+EB,0.976,positiva,93.9,0.7,79.4
64,SANTO ANTÔNIO DO IÇÁ,"RUA SETE DE SETEMBRO, SN",LULA+EB,#27AE60,-3.15424,-68.66254,6,0.231,0.246,0,433,73.4,137,23.2,324,56.5,LULA+EB,0.477,positiva,69.7,24.4,55.4
65,SANTO ANTÔNIO DO IÇÁ,"RUA PAULO MARQUES SOARES, SN",LULA+EB,#27AE60,-3.13606,-68.64537,6,0.084,0.308,0,350,58.7,218,36.6,359,62.8,LULA+EB,0.392,positiva,55.8,38.4,61.5
67,SANTO ANTÔNIO DO IÇÁ,"RUA PAULO MARQUES SOARES, SN",LULA+EB,#27AE60,-3.10366,-68.64365,6,0.198,0.304,0,411,70.1,163,27.8,351,62.3,LULA+EB,0.502,positiva,66.6,29.2,61.1
69,SANTO ANTÔNIO DO IÇÁ,"COM. SÃO JOSÉ, MARGEM DIREITA, RIO SOLIMOES, ZONA RUAL INDIGENA",LULA+EB,#27AE60,-3.13677,-68.6742,6,0.303,0.31,0,399,80.6,86,17.4,296,63.0,LULA+EB,0.613,positiva,76.6,18.2,61.7
70,SANTO ANTÔNIO DO IÇÁ,"RUA SETE DE SETEMBRO, SN",LULA+EB,#27AE60,-3.10144,-68.64865,6,0.241,0.185,0,425,74.4,130,22.8,278,50.5,LULA+EB,0.426,positiva,70.7,23.9,49.4
71,SANTO ANTÔNIO DO IÇÁ,"COM. VILA DE BETANIA,RIO IÇA, MARGEM DIREITA, ZONA RURAL INDIGENA",LULA+EB,#27AE60,-3.08535,-68.70306,6,0.483,0.288,0,586,98.7,2,0.3,354,60.7,LULA+EB,0.771,positiva,93.7,0.4,59.5
73,SANTO ANTÔNIO DO IÇÁ,"RUA PAULO MARQUES SOARES, SN",LULA+EB,#27AE60,-3.1094,-68.60532,6,0.157,0.212,0,386,66.0,189,32.3,298,53.1,LULA+EB,0.369,positiva,62.7,33.9,52.1
74,SANTO ANTÔNIO DO IÇÁ,"COM. BOA VISTA, RIO SOLIMOES, MARGEM DIREITA, ZONA RURAL INDIGENA",LULA+EB,#27AE60,-3.13126,-68.64955,6,0.472,0.486,0,355,97.5,3,0.8,282,80.6,LULA+EB,0.958,positiva,92.7,0.9,79.0
76,SANTO ANTÔNIO DO IÇÁ,"COM. SÃO JOSÉ, MARGEM DIREITA, RIO SOLIMOES, ZONA RUAL INDIGENA",LULA+EB,#27AE60,-3.08937,-68.67718,6,0.321,0.214,0,416,82.4,81,16.0,261,53.4,LULA+EB,0.535,positiva,78.3,16.8,52.3
78,SANTO ANTÔNIO DO IÇÁ,"RUA PAULO MARQUES SOARES, SN",LULA+EB,#27AE60,-3.12317,-68.65201,6,0.137,0.204,0,427,64.0,225,33.7,341,52.3,LULA+EB,0.341,positiva,60.8,35.4,51.3
36,SILVES,AVENIDA EDUARDO BRAGA S/N,LULA+EB,#27AE60,-3.72546,-64.27837,6,0.345,0.267,0.85,519,84.8,84,13.7,342,58.7,LULA+EB,0.612,positiva,80.6,14.4,57.5
37,SILVES,AVENIDA EDUARDO BRAGA S/N,LULA+EB,#27AE60,-3.7061,-64.27113,6,0.233,0.262,0.74,438,73.6,139,23.4,334,58.1,LULA+EB,0.494,positiva,69.9,24.5,56.9
38,SILVES,AVENIDA EDUARDO BRAGA S/N,LULA+EB,#27AE60,-3.78169,-64.30817,6,0.247,0.282,0.75,472,75.0,141,22.4,365,60.1,LULA+EB,0.529,positiva,71.3,23.5,58.9
39,SILVES,AVENIDA EDUARDO BRAGA S/N,LULA+EB,#27AE60,-3.73432,-64.28111,6,0.227,0.219,0.73,453,73.1,145,23.4,322,53.8,LULA+EB,0.447,positiva,69.4,24.6,52.8
40,SILVES,"RUA LUIZ MAGNO, S/N, BAIRRO PLÍNIO COELHO",LULA+EB,#27AE60,-3.72493,-64.24713,6,0.269,0.255,0.77,492,77.2,135,21.2,358,57.5,LULA+EB,0.524,positiva,73.4,22.3,56.3
41,SILVES,"RUA LUIZ MAGNO, S/N, BAIRRO PLÍNIO COELHO",LULA+EB,#27AE60,-3.74396,-64.28501,6,0.22,0.244,0.72,442,72.3,148,24.2,335,56.3,LULA+EB,0.464,positiva,68.7,25.4,55.2
42,SILVES,"RUA LUIZ MAGNO, S/N, BAIRRO PLÍNIO COELHO",LULA+EB,#27AE60,-3.76682,-64.24044,6,0.215,0.226,0.72,448,71.8,158,25.3,328,54.6,LULA+EB,0.441,positiva,68.2,26.6,53.5
43,SILVES,"RUA LUIZ MAGNO, S/N, BAIRRO PLÍNIO COELHO",LULA+EB,#27AE60,-3.79749,-64.25563,6,0.245,0.211,0.75,443,74.8,135,22.8,303,53.1,LULA+EB,0.456,positiva,71.1,23.9,52.0
44,SILVES,"RUA LUIZ MAGNO, S/N, BAIRRO PLÍNIO COELHO",LULA+EB,#27AE60,-3.7508,-64.27928,6,0.241,0.296,0.74,450,74.4,143,23.6,360,61.5,LULA+EB,0.537,positiva,70.7,24.8,60.3
45,SILVES,"RUA LUIZ MAGNO, S/N, BAIRRO PLÍNIO COELHO",LULA+EB,#27AE60,-3.80316,-64.2572,6,0.287,0.251,0.79,528,79.0,130,19.5,358,57.0,LULA+EB,0.538,positiva,75.1,20.4,55.9
47,SILVES,"RUA LUIZ MAGNO, S/N, BAIRRO PLÍNIO COELHO",LULA+EB,#27AE60,-3.76805,-64.23053,6,0.277,0.282,0.78,529,78.0,132,19.5,396,60.1,LULA+EB,0.559,positiva,74.1,20.4,58.9
49,SILVES,"RUA LUIZ MAGNO, S/N, BAIRRO PLÍNIO COELHO",LULA+EB,#27AE60,-3.75077,-64.27274,6,0.234,0.254,0.74,435,73.7,140,23.7,324,57.3,LULA+EB,0.488,positiva,70.0,24.9,56.2
50,SILVES,COMUNIDADE SAGRADO CORACAO DE JESUS PURUZINHO,LULA+EB,#27AE60,-3.77121,-64.24957,6,0.441,0.296,0.94,492,94.4,21,4.0,306,61.6,LULA+EB,0.738,positiva,89.7,4.2,60.3
51,SILVES,COMUNIDADE PARANA DO PAI THOMAZ,LULA+EB,#27AE60,-3.78767,-64.27266,6,0.48,0.228,0.98,117,98.3,2,1.7,64,54.7,LULA+EB,0.708,positiva,93.4,1.8,53.6
53,SILVES,COMUNIDADE SAO JOAO,LULA+EB,#27AE60,-3.73423,-64.27393,6,0.377,0.369,0.88,694,88.1,74,9.4,520,68.8,LULA+EB,0.746,positiva,83.7,9.9,67.4
55,SILVES,COMUNIDADE DO ANEBA,LULA+EB,#27AE60,-3.72862,-64.25123,6,0.359,0.314,0.86,464,86.2,67,12.5,332,63.4,LULA+EB,0.674,positiva,81.9,13.1,62.1
56,SILVES,COMUNIDADE DO ANEBA,LULA+EB,#27AE60,-3.74563,-64.23547,6,0.399,0.343,0.9,487,90.2,45,8.3,340,66.3,LULA+EB,0.742,positiva,85.7,8.8,65.0
57,SILVES,COMUNIDADE SAO SEBASTIAO DO ITAPANI,LULA+EB,#27AE60,-3.75227,-64.26676,6,0.431,0.334,0.93,587,93.5,35,5.6,394,65.3,LULA+EB,0.766,positiva,88.8,5.9,64.0
58,SILVES,COM. N.SRA. DA CONCEIÇÃO DA BAIXA FUNDA,LULA+EB,#27AE60,-3.71184,-64.26006,6,0.397,0.265,0.9,558,90.0,52,8.4,350,58.4,LULA+EB,0.662,positiva,85.5,8.8,57.3
59,SILVES,"COMUNIDADE N. SRA. APARECIDA, ESTRADA DA VARZEA, KM 34.",LULA+EB,#27AE60,-3.74341,-64.26862,6,0.264,0.214,0.77,466,76.8,134,22.1,309,53.4,LULA+EB,0.479,positiva,72.9,23.2,52.3
65,SILVES,"RUA FRANCISCO XAVIER, S/N, MUCAJATUBA",LULA+EB,#27AE60,-3.77363,-64.22617,6,0.272,0.187,0,138,77.5,39,21.9,87,50.6,LULA+EB,0.459,positiva,73.7,23.0,49.6
68,SILVES,COMUNIDADE LIVRAMENTO,LULA+EB,#27AE60,-3.75023,-64.28133,6,0.397,0.242,0,270,90.0,25,8.3,165,56.1,LULA+EB,0.639,positiva,85.5,8.8,55.0
1,SÃO GABRIEL DA CACHOEIRA,COM. (DISTRITO) PARI-CACHOEIRA,LULA+EB,#27AE60,0.13326,-67.13614,6,0.482,0.37,0,340,98.6,2,0.6,237,68.9,LULA+EB,0.852,positiva,93.6,0.6,67.5
2,SÃO GABRIEL DA CACHOEIRA,COM. FOZ DO IÇANA,LULA+EB,#27AE60,0.14184,-67.07843,6,0.426,0.276,0,339,92.9,21,5.8,206,59.5,LULA+EB,0.702,positiva,88.2,6.0,58.3
3,SÃO GABRIEL DA CACHOEIRA,PRAÇA NÚNCIO APOSTÓLICO DOM SEBASTIÃO BÁGGIO,LULA+EB,#27AE60,0.08899,-67.09367,6,0.177,0.112,0,215,68.0,92,29.1,131,43.1,LULA+EB,0.289,positiva,64.6,30.6,42.2
4,SÃO GABRIEL DA CACHOEIRA,PRAÇA NÚNCIO APOSTÓLICO DOM SEBASTIÃO BÁGGIO,LULA+EB,#27AE60,0.12049,-67.0733,6,0.139,0.129,0,355,64.2,186,33.6,236,44.8,LULA+EB,0.267,positiva,61.0,35.3,43.9
5,SÃO GABRIEL DA CACHOEIRA,PRAÇA NÚNCIO APOSTÓLICO DOM SEBASTIÃO BÁGGIO,LULA+EB,#27AE60,0.1443,-67.0858,6,0.133,0.102,0,391,63.6,205,33.3,248,42.1,LULA+EB,0.234,positiva,60.4,35.0,41.3
6,SÃO GABRIEL DA CACHOEIRA,PRAÇA NÚNCIO APOSTÓLICO DOM SEBASTIÃO BÁGGIO,LULA+EB,#27AE60,0.13582,-67.1245,6,0.142,0.15,0,374,64.5,185,31.9,256,46.9,LULA+EB,0.291,positiva,61.3,33.5,45.9
7,SÃO GABRIEL DA CACHOEIRA,PRAÇA NÚNCIO APOSTÓLICO DOM SEBASTIÃO BÁGGIO,LULA+EB,#27AE60,0.10753,-67.12672,6,0.117,0.1,0,376,62.0,210,34.7,244,41.9,LULA+EB,0.217,positiva,58.9,36.4,41.1
8,SÃO GABRIEL DA CACHOEIRA,PRAÇA NÚNCIO APOSTÓLICO DOM SEBASTIÃO BÁGGIO,LULA+EB,#27AE60,0.13457,-67.08366,6,0.142,0.085,0,227,64.5,114,32.4,139,40.4,LULA+EB,0.226,positiva,61.3,34.0,39.6
9,SÃO GABRIEL DA CACHOEIRA,RUA QUATRO S/N,LULA+EB,#27AE60,0.12068,-67.12261,6,0.174,0.089,0,389,67.8,171,29.8,229,40.8,LULA+EB,0.263,positiva,64.4,31.3,40.0
10,SÃO GABRIEL DA CACHOEIRA,PRAÇA NÚNCIO APOSTÓLICO DOM SEBASTIÃO BÁGGIO,LULA+EB,#27AE60,0.07673,-67.08488,6,0.163,0.101,0,390,66.7,175,29.9,238,42.0,LULA+EB,0.265,positiva,63.3,31.4,41.2
12,SÃO GABRIEL DA CACHOEIRA,COM. TARACUÁ (DISTRITO),LULA+EB,#27AE60,0.09521,-67.08231,6,0.488,0.521,0,329,99.1,2,0.6,269,84.1,LULA+EB,1.009,positiva,94.1,0.6,82.4
13,SÃO GABRIEL DA CACHOEIRA,"COM. MATURACÁ, RIO MATURACÁ AFLUENTE DO RIO CAUBURIS",LULA+EB,#27AE60,0.1692,-67.06196,6,0.495,0.537,0,480,99.8,0,0.0,398,85.6,LULA+EB,1.031,positiva,94.8,0.0,83.9
14,SÃO GABRIEL DA CACHOEIRA,"COM. SÃO LUIZ, RIO NEGRO, MARGEM DIREITA",LULA+EB,#27AE60,0.12576,-67.08258,6,0.454,0.181,0,449,95.7,16,3.4,228,50.0,LULA+EB,0.635,positiva,90.9,3.6,49.0
15,SÃO GABRIEL DA CACHOEIRA,"COM. SÃO FELIPE, RIO NEGRO, MARGEM DIREITA",LULA+EB,#27AE60,0.09923,-67.09505,6,0.459,0.355,0,478,96.2,17,3.4,325,67.4,LULA+EB,0.814,positiva,91.4,3.6,66.1
16,SÃO GABRIEL DA CACHOEIRA,"COM. TAPURUCUARA MIRIM, RIO NEGRO (BAIXO), MARGEM DIREITA",LULA+EB,#27AE60,0.10431,-67.11605,6,0.435,0.263,0,513,93.8,25,4.6,315,58.2,LULA+EB,0.698,positiva,89.1,4.8,57.1
17,SÃO GABRIEL DA CACHOEIRA,"COM. ILHA DE CAMANAUS, RIO NEGRO",LULA+EB,#27AE60,0.13854,-67.03378,6,0.39,0.28,0,343,89.3,33,8.6,224,59.9,LULA+EB,0.67,positiva,84.9,9.0,58.7
18,SÃO GABRIEL DA CACHOEIRA,"COM. ANAMOIN, RIO XIÉ",LULA+EB,#27AE60,0.1034,-67.04202,6,0.394,0.254,0,324,89.8,32,8.9,203,57.3,LULA+EB,0.648,positiva,85.3,9.3,56.2
19,SÃO GABRIEL DA CACHOEIRA,"COM. CURICURIARI, RIO CURICURIARI, MARGEM DIREITA",LULA+EB,#27AE60,0.17609,-67.11027,6,0.476,0.349,0,423,97.9,7,1.6,276,66.8,LULA+EB,0.825,positiva,93.0,1.7,65.5
20,SÃO GABRIEL DA CACHOEIRA,COM. CUCUÍ (DISTRITO) KM 210,PURO_SWING,#F4D03F,0.12752,-67.07253,6,0.275,-0.036,0,242,77.8,57,18.3,84,28.3,PURO_SWING,0.238,positiva,73.9,19.2,27.7
21,SÃO GABRIEL DA CACHOEIRA,"COM. IAUARETÊ (DISTRITO),  RIO WAUPÉS",LULA+EB,#27AE60,0.10468,-67.05445,6,0.488,0.317,0,435,99.1,3,0.7,271,63.6,LULA+EB,0.805,positiva,94.1,0.7,62.3
22,SÃO GABRIEL DA CACHOEIRA,"COM. IAUARETÊ (DISTRITO),  RIO WAUPÉS",LULA+EB,#27AE60,0.0858,-67.08546,6,0.488,0.32,0,450,99.1,3,0.7,285,63.9,LULA+EB,0.808,positiva,94.2,0.7,62.6
23,SÃO GABRIEL DA CACHOEIRA,COM. (DISTRITO) PARI-CACHOEIRA,LULA+EB,#27AE60,0.14452,-67.09244,6,0.482,0.369,0,413,98.6,4,1.0,278,68.8,LULA+EB,0.851,positiva,93.6,1.0,67.4
24,SÃO GABRIEL DA CACHOEIRA,"COM. IAUARETÊ (DISTRITO),  RIO WAUPÉS",LULA+EB,#27AE60,0.12574,-67.0965,6,0.482,0.265,0,461,98.5,6,1.3,264,58.4,LULA+EB,0.747,positiva,93.6,1.3,57.2
25,SÃO GABRIEL DA CACHOEIRA,"COM. IAUARETÊ (DISTRITO),  RIO WAUPÉS",LULA+EB,#27AE60,0.1174,-67.09042,6,0.49,0.277,0,422,99.3,2,0.5,251,59.6,LULA+EB,0.767,positiva,94.3,0.5,58.4
26,SÃO GABRIEL DA CACHOEIRA,"COM. TUNUÍ, RIO IÇANA",LULA+EB,#27AE60,0.16925,-67.05046,6,0.381,0.5,0,198,88.4,25,11.2,177,81.9,LULA+EB,0.881,positiva,84.0,11.7,80.3
27,SÃO GABRIEL DA CACHOEIRA,"COM. ASSUNÇÃO DO IÇANA, RIO IÇANA",LULA+EB,#27AE60,0.13786,-67.08123,6,0.387,0.409,0,366,89.1,37,9.0,289,72.8,LULA+EB,0.796,positiva,84.6,9.5,71.3
28,SÃO GABRIEL DA CACHOEIRA,"COM. SÃO JOAQUIM,  RIO IÇANA",LULA+EB,#27AE60,0.12561,-67.03816,6,0.463,0.326,0,260,96.7,7,2.6,169,64.5,LULA+EB,0.789,positiva,91.8,2.7,63.2
29,SÃO GABRIEL DA CACHOEIRA,"COM. LIVRAMENTO, RIO NEGRO (BAIXO), MARGEM ESQUERDA",LULA+EB,#27AE60,0.12532,-67.0872,6,0.276,0.303,0,99,78.0,28,22.0,79,62.2,LULA+EB,0.579,positiva,74.1,23.1,61.0
31,SÃO GABRIEL DA CACHOEIRA,PRAÇA NÚNCIO APOSTÓLICO DOM SEBASTIÃO BÁGGIO,LULA+EB,#27AE60,0.09128,-67.05352,6,0.14,0.104,0,211,64.3,105,32.0,133,42.4,LULA+EB,0.244,positiva,61.1,33.6,41.5
32,SÃO GABRIEL DA CACHOEIRA,"COM. VILA NOVA,  RIO XIÉ",LULA+EB,#27AE60,0.14473,-67.05156,6,0.392,0.247,0,519,89.5,60,10.3,321,56.6,LULA+EB,0.638,positiva,85.0,10.9,55.5
33,SÃO GABRIEL DA CACHOEIRA,"COM. CUÉ CUÉ, RIO NEGRO (ALTO)",LULA+EB,#27AE60,0.12278,-67.08946,6,0.462,-0.013,0,529,96.5,18,3.3,164,30.6,LULA+EB,0.449,positiva,91.7,3.4,30.0
34,SÃO GABRIEL DA CACHOEIRA,COM. FOZ DO IÇANA,LULA+EB,#27AE60,0.1506,-67.05417,6,0.468,0.305,0,443,97.1,11,2.4,281,62.4,LULA+EB,0.773,positiva,92.3,2.5,61.2
36,SÃO GABRIEL DA CACHOEIRA,COM. (DISTRITO) PARI-CACHOEIRA,LULA+EB,#27AE60,0.12074,-67.13322,6,0.474,0.387,0,590,97.7,12,2.0,412,70.7,LULA+EB,0.861,positiva,92.8,2.1,69.3
46,SÃO GABRIEL DA CACHOEIRA,RUA QUATRO S/N,LULA+EB,#27AE60,0.12759,-67.11134,6,0.207,0.144,0,442,71.1,164,26.4,278,46.3,LULA+EB,0.351,positiva,67.5,27.7,45.4
47,SÃO GABRIEL DA CACHOEIRA,PRAÇA NÚNCIO APOSTÓLICO DOM SEBASTIÃO BÁGGIO,LULA+EB,#27AE60,0.1142,-67.10533,6,0.14,0.104,0,222,64.3,111,32.2,140,42.3,LULA+EB,0.244,positiva,61.1,33.8,41.5
48,SÃO GABRIEL DA CACHOEIRA,COM. TARACUÁ (DISTRITO),LULA+EB,#27AE60,0.12959,-67.12236,6,0.494,0.523,0,333,99.7,0,0.0,273,84.3,LULA+EB,1.017,positiva,94.7,0.0,82.6
49,SÃO GABRIEL DA CACHOEIRA,COM. CUCUÍ (DISTRITO) KM 210,LULA+EB,#27AE60,0.15309,-67.10533,6,0.251,-0.015,0,252,75.4,74,22.2,100,30.4,LULA+EB,0.236,positiva,71.7,23.3,29.8
50,SÃO GABRIEL DA CACHOEIRA,"COM. TUNUÍ, RIO IÇANA",LULA+EB,#27AE60,0.12213,-67.09105,6,0.458,0.494,0,467,96.1,19,3.9,384,81.4,LULA+EB,0.952,positiva,91.3,4.1,79.7
51,SÃO GABRIEL DA CACHOEIRA,"COM. SÃO JOAQUIM,  RIO IÇANA",LULA+EB,#27AE60,0.13509,-67.0939,6,0.453,0.278,0,347,95.6,15,4.1,209,59.7,LULA+EB,0.731,positiva,90.8,4.3,58.5
53,SÃO GABRIEL DA CACHOEIRA,PRAÇA NÚNCIO APOSTÓLICO DOM SEBASTIÃO BÁGGIO,LULA+EB,#27AE60,0.08454,-67.0616,6,0.157,0.147,0,222,66.1,102,30.4,151,46.6,LULA+EB,0.304,positiva,62.8,31.9,45.7
55,SÃO GABRIEL DA CACHOEIRA,PRAÇA NÚNCIO APOSTÓLICO DOM SEBASTIÃO BÁGGIO,LULA+EB,#27AE60,0.17445,-67.10987,6,0.187,0.146,0,238,69.0,98,28.4,153,46.5,LULA+EB,0.332,positiva,65.5,29.8,45.6
58,SÃO GABRIEL DA CACHOEIRA,PRAÇA NÚNCIO APOSTÓLICO DOM SEBASTIÃO BÁGGIO,LULA+EB,#27AE60,0.1157,-67.04097,6,0.209,0.178,0,245,71.2,89,25.9,168,49.7,LULA+EB,0.387,positiva,67.7,27.2,48.7
59,SÃO GABRIEL DA CACHOEIRA,"COM. QUERARI, RIO WAUPÉS",LULA+EB,#27AE60,0.1381,-67.07726,6,0.493,0.341,0,271,99.6,0,0.0,177,66.0,LULA+EB,0.834,positiva,94.7,0.0,64.7
60,SÃO GABRIEL DA CACHOEIRA,PRAÇA NÚNCIO APOSTÓLICO DOM SEBASTIÃO BÁGGIO,LULA+EB,#27AE60,0.12641,-67.08437,6,0.124,0.053,0,215,62.7,119,34.7,124,37.2,LULA+EB,0.177,positiva,59.5,36.4,36.5
61,SÃO GABRIEL DA CACHOEIRA,"COM. IAUARETÊ (DISTRITO),  RIO WAUPÉS",LULA+EB,#27AE60,0.12933,-67.07965,6,0.471,0.287,0,416,97.4,10,2.3,251,60.6,LULA+EB,0.758,positiva,92.6,2.5,59.4
62,SÃO GABRIEL DA CACHOEIRA,PRAÇA NÚNCIO APOSTÓLICO DOM SEBASTIÃO BÁGGIO,LULA+EB,#27AE60,0.12051,-67.08074,6,0.235,0.15,0,251,73.8,75,22.1,154,47.0,LULA+EB,0.385,positiva,70.1,23.2,46.0
63,SÃO GABRIEL DA CACHOEIRA,RUA QUATRO S/N,LULA+EB,#27AE60,0.1299,-67.08185,6,0.226,0.152,0,417,72.9,137,24.0,259,47.1,LULA+EB,0.377,positiva,69.3,25.1,46.1
64,SÃO GABRIEL DA CACHOEIRA,PRAÇA NÚNCIO APOSTÓLICO DOM SEBASTIÃO BÁGGIO,LULA+EB,#27AE60,0.10683,-67.04141,6,0.184,0.168,0,220,68.8,92,28.7,152,48.7,LULA+EB,0.352,positiva,65.3,30.2,47.7
65,SÃO GABRIEL DA CACHOEIRA,"COM. BOCA DA ESTRADA, RIO TIQUIÉ, MARGEM ESQUERDA",LULA+EB,#27AE60,0.13814,-67.0943,6,0.492,0.383,0,388,99.5,0,0.0,259,70.2,LULA+EB,0.874,positiva,94.5,0.0,68.8
66,SÃO GABRIEL DA CACHOEIRA,"COM. CANADÁ, RIO AYARI, MARGEM DIREITA",LULA+EB,#27AE60,0.12198,-67.08699,6,0.478,0.628,0,358,98.1,6,1.6,340,94.7,LULA+EB,1.105,positiva,93.2,1.7,92.8
67,SÃO GABRIEL DA CACHOEIRA,"COM. CASTELO BRANCO, RIO IÇANA (MÉDIO), MARGEM ESQUERDA",LULA+EB,#27AE60,0.12497,-67.08568,6,0.136,0.257,0,289,63.9,159,35.2,257,57.6,LULA+EB,0.393,positiva,60.7,36.9,56.5
68,SÃO GABRIEL DA CACHOEIRA,PRAÇA NÚNCIO APOSTÓLICO DOM SEBASTIÃO BÁGGIO,LULA+EB,#27AE60,0.14049,-67.09383,6,0.134,0.091,0,218,63.7,113,33.0,135,41.0,LULA+EB,0.225,positiva,60.6,34.7,40.2
69,SÃO GABRIEL DA CACHOEIRA,"COM. DE NAZARÉ, RIO CUBATE, MARGEM ESQUERDA",LULA+EB,#27AE60,0.16427,-67.05972,6,0.441,0.213,0,205,94.5,11,5.1,114,53.3,LULA+EB,0.655,positiva,89.7,5.3,52.2
70,SÃO GABRIEL DA CACHOEIRA,"COM. JUIVITERA, RIO IÇANA (ALTO), MARGEM DIREITA",LULA+EB,#27AE60,0.13136,-67.07526,6,0.486,0.591,0,353,98.9,3,0.8,315,91.0,LULA+EB,1.077,positiva,93.9,0.9,89.2
71,SÃO GABRIEL DA CACHOEIRA,COM. DO BALAIO BR 397 KM 100,LULA+EB,#27AE60,0.1341,-67.08709,6,0.388,0.321,0,311,89.1,36,10.3,215,64.0,LULA+EB,0.708,positiva,84.7,10.8,62.7
72,SÃO GABRIEL DA CACHOEIRA,PRAÇA NÚNCIO APOSTÓLICO DOM SEBASTIÃO BÁGGIO,LULA+EB,#27AE60,0.10355,-67.072,6,0.207,0.21,0,225,71.0,88,27.8,156,52.9,LULA+EB,0.416,positiva,67.4,29.1,51.8
73,SÃO GABRIEL DA CACHOEIRA,"COM. IAUARETÊ (DISTRITO),  RIO WAUPÉS",LULA+EB,#27AE60,0.07951,-67.08559,6,0.484,0.222,0,460,98.7,4,0.9,244,54.1,LULA+EB,0.706,positiva,93.8,0.9,53.0
74,SÃO GABRIEL DA CACHOEIRA,RUA QUATRO S/N,LULA+EB,#27AE60,0.12507,-67.08486,6,0.217,0.155,0,432,72.0,155,25.8,278,47.4,LULA+EB,0.372,positiva,68.4,27.1,46.5
75,SÃO GABRIEL DA CACHOEIRA,"COM. IAUARETÊ (DISTRITO),  RIO WAUPÉS",LULA+EB,#27AE60,0.1762,-67.07463,6,0.478,0.227,0,420,98.1,7,1.6,228,54.7,LULA+EB,0.706,positiva,93.2,1.7,53.6
76,SÃO GABRIEL DA CACHOEIRA,RUA QUATRO S/N,LULA+EB,#27AE60,0.09713,-67.09418,6,0.208,0.14,0,421,71.1,156,26.4,267,46.0,LULA+EB,0.348,positiva,67.6,27.7,45.0
77,SÃO GABRIEL DA CACHOEIRA,PRAÇA NÚNCIO APOSTÓLICO DOM SEBASTIÃO BÁGGIO,LULA+EB,#27AE60,0.16885,-67.11351,6,0.159,0.106,0,216,66.3,101,31.0,134,42.5,LULA+EB,0.265,positiva,62.9,32.5,41.7
78,SÃO GABRIEL DA CACHOEIRA,PRAÇA NÚNCIO APOSTÓLICO DOM SEBASTIÃO BÁGGIO,LULA+EB,#27AE60,0.13645,-67.08288,6,0.162,0.115,0,221,66.6,95,28.6,138,43.4,LULA+EB,0.277,positiva,63.2,30.0,42.5
79,SÃO GABRIEL DA CACHOEIRA,RUA QUATRO S/N,LULA+EB,#27AE60,0.14933,-67.09498,6,0.25,0.123,0,446,75.3,135,22.8,247,44.3,LULA+EB,0.374,positiva,71.6,23.9,43.4
80,SÃO GABRIEL DA CACHOEIRA,RUA QUATRO S/N,LULA+EB,#27AE60,0.11286,-67.06212,6,0.219,0.117,0,444,72.2,151,24.6,259,43.6,LULA+EB,0.335,positiva,68.6,25.8,42.7
81,SÃO GABRIEL DA CACHOEIRA,PRAÇA NÚNCIO APOSTÓLICO DOM SEBASTIÃO BÁGGIO,LULA+EB,#27AE60,0.10965,-67.05239,6,0.173,0.068,0,238,67.6,107,30.4,132,38.7,LULA+EB,0.241,positiva,64.2,31.9,37.9
82,SÃO GABRIEL DA CACHOEIRA,RUA QUATRO S/N,LULA+EB,#27AE60,0.13603,-67.04395,6,0.24,0.168,0,469,74.3,152,24.1,299,48.7,LULA+EB,0.408,positiva,70.6,25.3,47.7
83,SÃO GABRIEL DA CACHOEIRA,"COM. ARACÚ CACHOEIRA, ALTO RIO IÇANA, MARGEM DIREITA",LULA+EB,#27AE60,0.08366,-67.08381,6,0.409,0.258,0,250,91.2,23,8.4,149,57.8,LULA+EB,0.667,positiva,86.7,8.8,56.6
84,SÃO GABRIEL DA CACHOEIRA,"COM. CANADÁ, RIO AYARI, MARGEM DIREITA",LULA+EB,#27AE60,0.10421,-67.12381,6,0.465,0.611,0,365,96.8,9,2.4,349,93.1,LULA+EB,1.076,positiva,92.0,2.5,91.2
85,SÃO GABRIEL DA CACHOEIRA,"COM. MATURACÁ, RIO MATURACÁ AFLUENTE DO RIO CAUBURIS",LULA+EB,#27AE60,0.11553,-67.10894,6,0.474,0.477,0,470,97.7,5,1.0,363,79.6,LULA+EB,0.951,positiva,92.8,1.1,78.0
86,SÃO GABRIEL DA CACHOEIRA,RUA QUATRO S/N,LULA+EB,#27AE60,0.11557,-67.05973,6,0.22,0.154,0,460,72.3,158,24.8,291,47.3,LULA+EB,0.374,positiva,68.7,26.1,46.4
87,SÃO GABRIEL DA CACHOEIRA,"COM. CARURU CACHOEIRA, ALTO RIO TIQUIÉ, MARGEM DIREITA",LULA+EB,#27AE60,0.13995,-67.05732,6,0.497,0.266,0,301,100.0,0,0.0,172,58.5,LULA+EB,0.763,positiva,95.0,0.0,57.3
88,SÃO GABRIEL DA CACHOEIRA,AV. PAU BRASIL S/N,LULA+EB,#27AE60,0.10795,-67.07765,6,0.204,0.159,0,414,70.8,161,27.5,270,47.8,LULA+EB,0.363,positiva,67.2,28.9,46.8
89,SÃO GABRIEL DA CACHOEIRA,RUA QUATRO S/N,LULA+EB,#27AE60,0.16239,-67.09034,6,0.225,0.13,0,426,72.8,149,25.5,250,45.0,LULA+EB,0.355,positiva,69.2,26.7,44.1
90,SÃO GABRIEL DA CACHOEIRA,"COM. CORACI, RIO IÇANA (ALTO), MARGEM DIREITA",LULA+EB,#27AE60,0.1415,-67.10114,6,0.349,0.188,0,230,85.2,38,14.1,134,50.8,LULA+EB,0.537,positiva,80.9,14.8,49.7
91,SÃO GABRIEL DA CACHOEIRA,"COM. MATURACÁ, RIO MATURACÁ AFLUENTE DO RIO CAUBURIS",LULA+EB,#27AE60,0.13281,-67.08415,6,0.485,0.524,0,487,98.8,3,0.6,393,84.3,LULA+EB,1.009,positiva,93.8,0.6,82.6
92,SÃO GABRIEL DA CACHOEIRA,"COM. BOCA DA ESTRADA, RIO TIQUIÉ, MARGEM ESQUERDA",LULA+EB,#27AE60,0.11594,-67.08574,6,0.494,0.413,0,384,99.7,0,0.0,263,73.3,LULA+EB,0.907,positiva,94.8,0.0,71.8
95,SÃO GABRIEL DA CACHOEIRA,"COM. IAUARETÊ (DISTRITO),  RIO WAUPÉS",LULA+EB,#27AE60,0.1573,-67.05202,6,0.473,0.32,0,417,97.7,7,1.6,264,63.9,LULA+EB,0.793,positiva,92.8,1.7,62.6
96,SÃO GABRIEL DA CACHOEIRA,AV. PAU BRASIL S/N,LULA+EB,#27AE60,0.14031,-67.10012,6,0.181,0.126,0,411,68.4,177,29.5,260,44.5,LULA+EB,0.307,positiva,65.0,30.9,43.6
97,SÃO GABRIEL DA CACHOEIRA,"RUA CRISPINIANO DA SILVA, 169",LULA+EB,#27AE60,0.16044,-67.05518,6,0.211,0.169,0,325,71.4,116,25.5,215,48.9,LULA+EB,0.38,positiva,67.9,26.8,47.9
98,SÃO GABRIEL DA CACHOEIRA,"RUA CRISPINIANO DA SILVA, 169",LULA+EB,#27AE60,0.16656,-67.0543,6,0.201,0.142,0,317,70.4,120,26.7,198,46.2,LULA+EB,0.343,positiva,66.9,28.0,45.2
99,SÃO GABRIEL DA CACHOEIRA,AV. PAU BRASIL S/N,LULA+EB,#27AE60,0.11369,-67.08431,6,0.168,0.111,0,369,67.1,171,31.1,230,43.1,LULA+EB,0.279,positiva,63.7,32.6,42.2
100,SÃO GABRIEL DA CACHOEIRA,"RUA CRISPINIANO DA SILVA, 169",LULA+EB,#27AE60,0.10461,-67.04174,6,0.107,0.127,0,255,61.0,148,35.4,181,44.6,LULA+EB,0.233,positiva,58.0,37.2,43.7
101,SÃO GABRIEL DA CACHOEIRA,COM. FOZ DO IÇANA,LULA+EB,#27AE60,0.11348,-67.08025,6,0.42,0.227,0,351,92.4,27,7.1,201,54.6,LULA+EB,0.647,positiva,87.7,7.5,53.5
102,SÃO GABRIEL DA CACHOEIRA,AV. PAU BRASIL S/N,LULA+EB,#27AE60,0.13838,-67.09085,6,0.19,0.158,0,382,69.3,162,29.4,257,47.8,LULA+EB,0.348,positiva,65.9,30.9,46.8
103,SÃO GABRIEL DA CACHOEIRA,"RUA CRISPINIANO DA SILVA, 169",LULA+EB,#27AE60,0.15342,-67.09696,6,0.16,0.115,0,281,66.3,136,32.1,175,43.4,LULA+EB,0.274,positiva,63.0,33.7,42.6
105,SÃO GABRIEL DA CACHOEIRA,"RUA CRISPINIANO DA SILVA, 169",LULA+EB,#27AE60,0.12488,-67.08675,6,0.226,0.181,0,299,72.9,98,23.9,199,50.0,LULA+EB,0.407,positiva,69.3,25.1,49.0
106,SÃO GABRIEL DA CACHOEIRA,AV. PAU BRASIL S/N,LULA+EB,#27AE60,0.16049,-67.11457,6,0.166,0.112,0,372,66.9,172,30.9,232,43.1,LULA+EB,0.278,positiva,63.6,32.5,42.3
107,SÃO GABRIEL DA CACHOEIRA,"RUA CRISPINIANO DA SILVA, 169",LULA+EB,#27AE60,0.11819,-67.09427,6,0.266,0.199,0,314,77.0,88,21.6,202,51.8,LULA+EB,0.465,positiva,73.1,22.6,50.8
108,SÃO GABRIEL DA CACHOEIRA,"BR 307, KM 3",LULA+EB,#27AE60,0.13199,-67.05727,6,0.06,0.072,0,281,56.3,209,41.9,186,39.2,LULA+EB,0.132,positiva,53.5,44.0,38.4
109,SÃO GABRIEL DA CACHOEIRA,"BR 307, KM 3",LULA+EB,#27AE60,0.1829,-67.09438,6,0.2,0.125,0,336,70.3,133,27.8,203,44.4,LULA+EB,0.325,positiva,66.8,29.2,43.5
111,SÃO GABRIEL DA CACHOEIRA,"BR 307, KM 3",LULA+EB,#27AE60,0.12234,-67.07451,6,0.207,0.129,0,366,71.1,137,26.6,223,44.8,LULA+EB,0.336,positiva,67.5,27.9,43.9
112,SÃO GABRIEL DA CACHOEIRA,"BR 307, KM 3",LULA+EB,#27AE60,0.09168,-67.11738,6,0.171,0.102,0,366,67.4,173,31.9,223,42.2,LULA+EB,0.273,positiva,64.0,33.5,41.3
113,SÃO GABRIEL DA CACHOEIRA,"BR 307, KM 3",LULA+EB,#27AE60,0.08209,-67.10677,6,0.134,0.082,0,336,63.8,181,34.3,205,40.1,LULA+EB,0.216,positiva,60.6,36.1,39.3
114,SÃO GABRIEL DA CACHOEIRA,"BR 307, KM 3",LULA+EB,#27AE60,0.16137,-67.11731,6,0.182,0.108,0,366,68.5,162,30.3,219,42.7,LULA+EB,0.29,positiva,65.1,31.9,41.8
115,SÃO GABRIEL DA CACHOEIRA,"BR 307, KM 3",LULA+EB,#27AE60,0.11948,-67.08274,6,0.155,0.087,0,299,65.9,150,33.0,171,40.6,LULA+EB,0.242,positiva,62.6,34.7,39.8
116,SÃO GABRIEL DA CACHOEIRA,"BR 307, KM 3",LULA+EB,#27AE60,0.13455,-67.08413,6,0.223,0.16,0,339,72.6,112,24.0,213,48.0,LULA+EB,0.383,positiva,69.0,25.2,47.0
117,SÃO GABRIEL DA CACHOEIRA,"BR 307, KM 3",LULA+EB,#27AE60,0.10743,-67.09012,6,0.161,0.109,0,336,66.4,156,30.8,212,42.8,LULA+EB,0.27,positiva,63.1,32.4,42.0
12,SÃO PAULO DE OLIVENÇA,"ESTRADA DO BONFIM, SN",LULA+EB,#27AE60,-3.39599,-69.98331,6,0.246,0.01,0,424,74.9,121,21.4,181,33.0,LULA+EB,0.256,positiva,71.2,22.4,32.3
13,SÃO PAULO DE OLIVENÇA,"ESTRADA DO BONFIM, SN",LULA+EB,#27AE60,-3.39499,-69.94703,6,0.208,-0.02,0,387,71.1,135,24.8,160,30.0,LULA+EB,0.189,positiva,67.6,26.1,29.4
14,SÃO PAULO DE OLIVENÇA,"ESTRADA DO BONFIM, SN",LULA+EB,#27AE60,-3.43539,-69.96012,6,0.224,0.048,0,395,72.7,130,23.9,192,36.7,LULA+EB,0.272,positiva,69.1,25.1,36.0
15,SÃO PAULO DE OLIVENÇA,"RUA MONSENHOR EVANGELISTA, SN",LULA+EB,#27AE60,-3.41127,-69.93181,6,0.245,0.003,0,415,74.8,120,21.6,171,32.3,LULA+EB,0.248,positiva,71.0,22.7,31.6
16,SÃO PAULO DE OLIVENÇA,"RUA MONSENHOR EVANGELISTA, SN",LULA+EB,#27AE60,-3.41807,-69.94005,6,0.197,0.013,0,388,70.0,143,25.8,177,33.3,LULA+EB,0.211,positiva,66.5,27.1,32.6
17,SÃO PAULO DE OLIVENÇA,"ESTRADA DO BONFIM, SN",LULA+EB,#27AE60,-3.37372,-69.97929,6,0.266,-0.019,0,419,76.9,103,18.9,159,30.0,LULA+EB,0.246,positiva,73.0,19.8,29.4
18,SÃO PAULO DE OLIVENÇA,"RUA TRINTA E UM DE MAIO, SN",PURO_SWING,#F4D03F,-3.3561,-69.95566,6,0.22,-0.036,0,410,72.3,137,24.2,154,28.3,PURO_SWING,0.184,positiva,68.7,25.4,27.7
19,SÃO PAULO DE OLIVENÇA,"RUA TRINTA E UM DE MAIO, SN",DIFÍCIL,#E74C3C,-3.39666,-69.98824,6,0.237,-0.091,0,411,74.1,129,23.2,124,22.8,DIFÍCIL,0.146,positiva,70.4,24.4,22.4
20,SÃO PAULO DE OLIVENÇA,"ESTRADA DO BONFIM, SN",LULA+EB,#27AE60,-3.41809,-69.94249,6,0.239,0.064,0,271,74.2,71,19.5,137,38.4,LULA+EB,0.304,positiva,70.5,20.4,37.6
21,SÃO PAULO DE OLIVENÇA,"AVENIDA BRASIL, SN",DIFÍCIL,#E74C3C,-3.3785,-69.91171,6,0.125,-0.107,0,323,62.8,174,33.9,106,21.2,DIFÍCIL,0.018,positiva,59.7,35.5,20.8
22,SÃO PAULO DE OLIVENÇA,"COM. SANTA RITA DO WEILL, RIO SOLIMÕES, MARGEM ESQUERDA",LULA+EB,#27AE60,-3.39058,-69.95312,6,0.395,0.14,0,629,89.9,61,8.7,312,45.9,LULA+EB,0.536,positiva,85.4,9.2,45.0
23,SÃO PAULO DE OLIVENÇA,"COM. CAMPO ALEGRE, RIO SOLIMÕES, MARGEM ESQUERDA",LULA+EB,#27AE60,-3.40882,-69.96036,6,0.471,-0.006,0,573,97.4,13,2.2,183,31.3,LULA+EB,0.465,positiva,92.6,2.3,30.7
36,SÃO PAULO DE OLIVENÇA,"COM. BOM SUCESSO, RIO CAMATIÃ, MARGEM DIREITA",LULA+EB,#27AE60,-3.38054,-69.96004,6,0.361,0.039,0,387,86.4,55,12.3,156,35.8,LULA+EB,0.399,positiva,82.1,12.9,35.1
37,SÃO PAULO DE OLIVENÇA,"COM. VENDAVAL, RIO SOLIMÕES, MARGEM ESQUERDA",LULA+EB,#27AE60,-3.39988,-69.94043,6,0.473,0.077,0,658,97.6,8,1.2,261,39.7,LULA+EB,0.55,positiva,92.7,1.2,38.9
38,SÃO PAULO DE OLIVENÇA,"COM. DE TUPY II, RIO SOLIMÕES, MARGEM DIREITA",DIFÍCIL,#E74C3C,-3.34994,-69.92144,6,0.293,-0.194,0,297,79.6,65,17.4,45,12.5,DIFÍCIL,0.099,positiva,75.6,18.3,12.3
42,SÃO PAULO DE OLIVENÇA,"RUA MONSENHOR EVANGELISTA, SN",LULA+EB,#27AE60,-3.39164,-69.93386,6,0.193,-0.007,0,390,69.6,139,24.8,169,31.2,LULA+EB,0.186,positiva,66.2,26.1,30.6
43,SÃO PAULO DE OLIVENÇA,"COM. SANTA RITA DO WEILL, RIO SOLIMÕES, MARGEM ESQUERDA",LULA+EB,#27AE60,-3.40077,-69.94311,6,0.418,0.194,0,630,92.1,49,7.2,334,51.3,LULA+EB,0.612,positiva,87.5,7.5,50.3
44,SÃO PAULO DE OLIVENÇA,"COM. CAMPO ALEGRE, RIO SOLIMÕES, MARGEM ESQUERDA",LULA+EB,#27AE60,-3.393,-69.97886,6,0.482,0.037,0,552,98.6,4,0.7,192,35.6,LULA+EB,0.519,positiva,93.6,0.8,34.9
46,SÃO PAULO DE OLIVENÇA,"COM. VENDAVAL, RIO SOLIMÕES, MARGEM ESQUERDA",LULA+EB,#27AE60,-3.38854,-69.95703,6,0.488,0.109,0,679,99.1,4,0.6,289,42.8,LULA+EB,0.597,positiva,94.2,0.6,42.0
51,SÃO PAULO DE OLIVENÇA,"RUA MONSENHOR EVANGELISTA, SN",LULA+EB,#27AE60,-3.35667,-69.98338,6,0.239,0.004,0,429,74.2,128,22.1,180,32.3,LULA+EB,0.243,positiva,70.5,23.3,31.7
53,SÃO PAULO DE OLIVENÇA,"RUA MONSENHOR EVANGELISTA, SN",LULA+EB,#27AE60,-3.39439,-69.93517,6,0.244,0.005,0,447,74.7,123,20.6,188,32.5,LULA+EB,0.25,positiva,71.0,21.6,31.8
56,SÃO PAULO DE OLIVENÇA,"COM. CAMPO ALEGRE, RIO SOLIMÕES, MARGEM ESQUERDA",LULA+EB,#27AE60,-3.37947,-69.96672,6,0.481,0.04,0,579,98.5,8,1.4,207,35.9,LULA+EB,0.522,positiva,93.5,1.4,35.2
57,SÃO PAULO DE OLIVENÇA,"COM. PARANAPARA, RIO CAMATIÃ, MARGEM DIREITA",PURO_SWING,#F4D03F,-3.39005,-69.94943,6,0.477,-0.037,0,392,98.0,1,0.2,107,28.2,PURO_SWING,0.44,positiva,93.1,0.3,27.7
58,SÃO PAULO DE OLIVENÇA,"COM. BOA ESPERANCA, RIO SOLIMÕES, MARGEM ESQUERDA",PURO_SWING,#F4D03F,-3.34479,-69.96712,6,0.468,-0.044,0,273,97.2,3,1.1,75,27.6,PURO_SWING,0.425,positiva,92.3,1.1,27.0
60,SÃO PAULO DE OLIVENÇA,"COM. BOM JESUS, RIO SOLIMÕES, MARGEM ESQUERDA",DIFÍCIL,#E74C3C,-3.3463,-69.97156,6,0.403,-0.199,0,251,90.6,20,7.2,33,12.0,DIFÍCIL,0.204,positiva,86.1,7.6,11.8
63,SÃO PAULO DE OLIVENÇA,"AVENIDA BRASIL, SN",DIFÍCIL,#E74C3C,-3.38843,-69.9479,6,0.152,-0.146,0,361,65.5,163,29.6,94,17.3,DIFÍCIL,0.006,positiva,62.2,31.1,17.0
69,SÃO PAULO DE OLIVENÇA,"RUA MONSENHOR EVANGELISTA, SN",LULA+EB,#27AE60,-3.39682,-69.94262,6,0.219,0.017,0,428,72.2,138,23.3,195,33.6,LULA+EB,0.235,positiva,68.6,24.4,32.9
70,SÃO PAULO DE OLIVENÇA,"COM. VERA CRUZ, RIO SOLIMÕES, MARGEM DIREITA",DIFÍCIL,#E74C3C,-3.3891,-69.95846,6,0.477,-0.08,0,455,98.1,5,1.1,111,23.9,DIFÍCIL,0.397,positiva,93.2,1.1,23.4
71,SÃO PAULO DE OLIVENÇA,"COM. SANTA INES, RIO SOLIMÕES, MARGEM ESQUERDA",PURO_SWING,#F4D03F,-3.38916,-69.9039,6,0.486,-0.038,0,711,98.9,3,0.4,199,28.1,PURO_SWING,0.448,positiva,93.9,0.4,27.6
73,SÃO PAULO DE OLIVENÇA,"RUA TRINTA E UM DE MAIO, SN",PURO_SWING,#F4D03F,-3.37693,-69.93006,6,0.214,-0.027,0,405,71.7,132,23.4,160,29.2,PURO_SWING,0.186,positiva,68.1,24.5,28.6
74,SÃO PAULO DE OLIVENÇA,"RUA TRINTA E UM DE MAIO, SN",PURO_SWING,#F4D03F,-3.40873,-69.96719,6,0.227,-0.024,0,419,73.0,138,24.0,164,29.5,PURO_SWING,0.203,positiva,69.3,25.2,29.0
75,SÃO PAULO DE OLIVENÇA,"ESTRADA DO BONFIM, SN",LULA+EB,#27AE60,-3.36948,-69.94819,6,0.215,0.023,0,286,71.9,96,24.1,134,34.3,LULA+EB,0.239,positiva,68.3,25.3,33.6
76,SÃO PAULO DE OLIVENÇA,"ESTRADA DO AJARATUBA, S/N",DIFÍCIL,#E74C3C,-3.3934,-69.94971,6,0.233,-0.057,0,455,73.6,144,23.3,158,26.2,DIFÍCIL,0.176,positiva,69.9,24.5,25.7
78,SÃO PAULO DE OLIVENÇA,"COM. DECUÃPU, RIO CAMATIÃ, MARGEM ESQUERDA",DIFÍCIL,#E74C3C,-3.43889,-69.95916,6,0.474,-0.098,0,422,97.7,9,2.1,93,22.1,DIFÍCIL,0.376,positiva,92.8,2.2,21.7
79,SÃO PAULO DE OLIVENÇA,"ESTRADA DO AJARATUBA, S/N",DIFÍCIL,#E74C3C,-3.37339,-69.91159,6,0.195,-0.055,0,438,69.9,170,27.1,160,26.4,DIFÍCIL,0.14,positiva,66.4,28.5,25.9
80,SÃO PAULO DE OLIVENÇA,"COM. SANTA INES, RIO SOLIMÕES, MARGEM ESQUERDA",LULA+EB,#27AE60,-3.40531,-69.93954,6,0.495,0.024,0,673,99.9,0,0.0,230,34.3,LULA+EB,0.519,positiva,94.9,0.0,33.6
81,SÃO PAULO DE OLIVENÇA,"COM. CAMPO ALEGRE, RIO SOLIMÕES, MARGEM ESQUERDA",LULA+EB,#27AE60,-3.40443,-69.98372,6,0.483,0.103,0,594,98.7,7,1.2,251,42.3,LULA+EB,0.587,positiva,93.7,1.2,41.4
83,SÃO PAULO DE OLIVENÇA,"ESTRADA DO AJARATUBA, S/N",DIFÍCIL,#E74C3C,-3.39929,-69.93773,6,0.199,-0.084,0,430,70.3,165,27.0,138,23.5,DIFÍCIL,0.116,positiva,66.7,28.3,23.1
84,SÃO PAULO DE OLIVENÇA,"COM. SANTA RITA DO WEILL, RIO SOLIMÕES, MARGEM ESQUERDA",LULA+EB,#27AE60,-3.39068,-69.95284,6,0.392,0.081,0,607,89.5,61,9.0,260,40.0,LULA+EB,0.473,positiva,85.1,9.4,39.2
86,SÃO PAULO DE OLIVENÇA,"COM. VENDAVAL, RIO SOLIMÕES, MARGEM ESQUERDA",LULA+EB,#27AE60,-3.39822,-69.92797,6,0.493,0.1,0,707,99.6,0,0.0,293,41.9,LULA+EB,0.592,positiva,94.6,0.0,41.1
87,SÃO PAULO DE OLIVENÇA,"ESTRADA DO BONFIM, SN",LULA+EB,#27AE60,-3.40916,-69.97224,6,0.213,0.076,0,273,71.7,95,24.9,146,39.6,LULA+EB,0.29,positiva,68.1,26.2,38.8
89,SÃO PAULO DE OLIVENÇA,"COM. CAMPO ALEGRE, RIO SOLIMÕES, MARGEM ESQUERDA",LULA+EB,#27AE60,-3.44356,-69.94687,6,0.484,0.044,0,616,98.7,5,0.8,225,36.3,LULA+EB,0.528,positiva,93.8,0.8,35.6
94,SÃO PAULO DE OLIVENÇA,"COM. BOA ESPERANCA, RIO SOLIMÕES, MARGEM ESQUERDA",PURO_SWING,#F4D03F,-3.39218,-69.95622,6,0.487,-0.041,0,309,99.0,3,1.0,84,27.8,PURO_SWING,0.446,positiva,94.1,1.0,27.3
95,SÃO PAULO DE OLIVENÇA,"RUA MONSENHOR EVANGELISTA, SN",LULA+EB,#27AE60,-3.41205,-69.94809,6,0.211,-0.005,0,399,71.4,139,24.9,172,31.4,LULA+EB,0.205,positiva,67.8,26.1,30.8
96,SÃO PAULO DE OLIVENÇA,"AVENIDA BRASIL, SN",DIFÍCIL,#E74C3C,-3.40654,-69.92654,6,0.168,-0.137,0,363,67.1,158,29.2,96,18.3,DIFÍCIL,0.031,positiva,63.7,30.7,17.9
97,SÃO PAULO DE OLIVENÇA,"COM. VENDAVAL, RIO SOLIMÕES, MARGEM ESQUERDA",LULA+EB,#27AE60,-3.40609,-69.95216,6,0.456,0.099,0,632,95.9,25,3.8,270,41.9,LULA+EB,0.555,positiva,91.1,4.0,41.0
98,SÃO PAULO DE OLIVENÇA,"ESTRADA DO AJARATUBA, S/N",DIFÍCIL,#E74C3C,-3.41981,-69.94136,6,0.175,-0.073,0,384,67.8,166,29.3,132,24.6,DIFÍCIL,0.102,positiva,64.5,30.8,24.1
99,SÃO PAULO DE OLIVENÇA,"RUA MONSENHOR EVANGELISTA, SN",LULA+EB,#27AE60,-3.42523,-69.95492,6,0.222,-0.007,0,383,72.5,134,25.4,159,31.2,LULA+EB,0.215,positiva,68.9,26.6,30.6
100,SÃO PAULO DE OLIVENÇA,"COM. VERA CRUZ, RIO SOLIMÕES, MARGEM DIREITA",LULA+EB,#27AE60,-3.38132,-69.96104,6,0.473,0.011,0,328,97.6,3,0.9,108,33.0,LULA+EB,0.484,positiva,92.7,0.9,32.4
101,SÃO PAULO DE OLIVENÇA,"COM. CAMPO ALEGRE, RIO SOLIMÕES, MARGEM ESQUERDA",LULA+EB,#27AE60,-3.39126,-69.9513,6,0.482,0.073,0,542,98.5,3,0.5,211,39.2,LULA+EB,0.555,positiva,93.6,0.6,38.4
103,SÃO PAULO DE OLIVENÇA,"RUA MONSENHOR EVANGELISTA, SN",LULA+EB,#27AE60,-3.4055,-69.91313,6,0.254,-0.009,0,414,75.7,111,20.3,165,31.0,LULA+EB,0.244,positiva,71.9,21.3,30.4
104,SÃO PAULO DE OLIVENÇA,"COM. BOM SUCESSO, RIO CAMATIÃ, MARGEM DIREITA",PURO_SWING,#F4D03F,-3.40342,-69.95246,6,0.267,-0.042,0,342,77.0,94,21.2,123,27.8,PURO_SWING,0.225,positiva,73.2,22.2,27.2
105,SÃO PAULO DE OLIVENÇA,"ESTRADA DO AJARATUBA, S/N",DIFÍCIL,#E74C3C,-3.38674,-69.97109,6,0.212,-0.054,0,407,71.5,142,25.0,147,26.5,DIFÍCIL,0.158,positiva,68.0,26.2,26.0
42,SÃO SEBASTIÃO DO UATUMÃ,"RUA EURÍPEDES BATISTA, S/N",PURO_SWING,#F4D03F,-1.59137,-59.27849,6,0.038,0.005,0,305,54.1,239,42.4,176,32.5,PURO_SWING,0.043,positiva,51.4,44.5,31.8
43,SÃO SEBASTIÃO DO UATUMÃ,"RUA EURÍPEDES BATISTA, S/N",PURO_SWING,#F4D03F,-1.60194,-59.2595,6,0.007,0.002,0,276,51.0,241,44.5,167,32.1,PURO_SWING,0.009,positiva,48.5,46.8,31.5
44,SÃO SEBASTIÃO DO UATUMÃ,"RUA EURÍPEDES BATISTA, S/N",EB_PURO,#8E44AD,-1.62149,-59.29507,6,-0.055,0.016,0,235,44.8,267,51.0,170,33.5,EB_PURO,-0.039,negativa,42.6,53.5,32.9
45,SÃO SEBASTIÃO DO UATUMÃ,"RUA EURÍPEDES BATISTA, S/N",PURO_SWING,#F4D03F,-1.61227,-59.29125,6,0.02,0.019,0,277,52.4,236,44.6,172,33.9,PURO_SWING,0.04,positiva,49.7,46.8,33.2
46,SÃO SEBASTIÃO DO UATUMÃ,"RUA EURÍPEDES BATISTA, S/N",BOLSO+EB,#E67E22,-1.56911,-59.31343,6,-0.054,-0.02,0,228,44.9,265,52.2,144,29.9,BOLSO+EB,-0.074,negativa,42.6,54.8,29.3
47,SÃO SEBASTIÃO DO UATUMÃ,"RUA EURÍPEDES BATISTA, S/N",LULA+EB,#27AE60,-1.65905,-59.2687,6,-0.01,0.034,0,253,49.3,244,47.6,175,35.4,LULA+EB,0.024,estável,46.9,49.9,34.6
48,SÃO SEBASTIÃO DO UATUMÃ,"RUA EURÍPEDES BATISTA, S/N",EB_PURO,#8E44AD,-1.5982,-59.29506,6,-0.016,0.049,0,257,48.8,259,49.1,188,36.8,EB_PURO,0.033,estável,46.3,51.6,36.1
49,SÃO SEBASTIÃO DO UATUMÃ,COMUNIDADE VILA DE SANTANA,PURO_SWING,#F4D03F,-1.58872,-59.27104,6,0.048,0.021,0,337,55.2,265,43.4,204,34.1,PURO_SWING,0.07,positiva,52.4,45.5,33.4
50,SÃO SEBASTIÃO DO UATUMÃ,COMUNIDADE VILA DE SANTANA,LULA+EB,#27AE60,-1.61708,-59.2553,6,0.059,0.03,0,307,56.2,230,42.1,185,35.0,LULA+EB,0.089,positiva,53.4,44.2,34.3
51,SÃO SEBASTIÃO DO UATUMÃ,R SAO LAZARO SN,LULA+EB,#27AE60,-1.5856,-59.27272,6,0.056,0.019,0,331,55.9,239,40.4,192,33.8,LULA+EB,0.075,positiva,53.1,42.4,33.1
52,SÃO SEBASTIÃO DO UATUMÃ,RUA ÁLVARO MAIA,LULA+EB,#27AE60,-1.61392,-59.27373,6,0.005,0.04,0,303,50.8,270,45.3,207,35.9,LULA+EB,0.045,positiva,48.3,47.6,35.2
53,SÃO SEBASTIÃO DO UATUMÃ,RUA ÁLVARO MAIA,LULA+EB,#27AE60,-1.61716,-59.26622,6,0.025,0.035,0,323,52.9,266,43.5,207,35.4,LULA+EB,0.06,positiva,50.2,45.7,34.7
54,SÃO SEBASTIÃO DO UATUMÃ,RUA ÁLVARO MAIA,LULA+EB,#27AE60,-1.62982,-59.2731,6,0.079,0.072,0,327,58.2,206,36.7,214,39.1,LULA+EB,0.151,positiva,55.3,38.5,38.3
55,SÃO SEBASTIÃO DO UATUMÃ,RUA ÁLVARO MAIA,LULA+EB,#27AE60,-1.623,-59.29962,6,0.01,0.057,0,300,51.4,257,44.0,212,37.7,LULA+EB,0.068,positiva,48.8,46.2,36.9
56,SÃO SEBASTIÃO DO UATUMÃ,"NOVA REPÚBLICA, S/N",PURO_SWING,#F4D03F,-1.59067,-59.27262,6,0.033,-0.01,0,287,53.6,222,41.5,157,31.0,PURO_SWING,0.024,positiva,51.0,43.6,30.3
57,SÃO SEBASTIÃO DO UATUMÃ,"NOVA REPÚBLICA, S/N",EB_PURO,#8E44AD,-1.61671,-59.31707,6,-0.041,0.04,0,272,46.3,287,48.8,200,36.0,EB_PURO,-0.0,estável,43.9,51.2,35.3
58,SÃO SEBASTIÃO DO UATUMÃ,"NOVA REPÚBLICA, S/N",LULA+EB,#27AE60,-1.61252,-59.26686,6,0.068,0.042,0,304,57.1,207,38.9,183,36.1,LULA+EB,0.11,positiva,54.3,40.9,35.4
59,SÃO SEBASTIÃO DO UATUMÃ,"RUA EURÍPEDES BATISTA, S/N",LULA+EB,#27AE60,-1.5939,-59.32946,6,0.003,0.064,0,219,50.6,207,47.8,160,38.4,LULA+EB,0.067,estável,48.0,50.2,37.6
60,SÃO SEBASTIÃO DO UATUMÃ,"NOVA REPÚBLICA, S/N",PURO_SWING,#F4D03F,-1.5989,-59.25777,6,0.039,0.005,0,239,54.2,195,44.2,136,32.5,PURO_SWING,0.044,positiva,51.5,46.4,31.8
1,TABATINGA,"AV PERNAMBUCO, SN",PURO_SWING,#F4D03F,-4.20578,-69.95618,6,0.018,0.015,0.52,262,52.1,223,44.3,165,33.4,PURO_SWING,0.032,positiva,49.5,46.6,32.7
2,TABATINGA,"AV PERNAMBUCO, SN",PURO_SWING,#F4D03F,-4.28007,-69.9506,6,0.004,0.018,0.51,251,50.7,225,45.5,156,33.7,PURO_SWING,0.021,positiva,48.2,47.7,33.0
3,TABATINGA,"AV PERNAMBUCO, SN",PURO_SWING,#F4D03F,-4.25746,-69.94883,6,0.029,0.042,0.53,275,53.2,218,42.2,179,36.1,PURO_SWING,0.07,positiva,50.5,44.3,35.4
4,TABATINGA,"AV DA AMIZADE, SN",PURO_SWING,#F4D03F,-4.24926,-69.92169,6,0.037,0.009,0.54,311,54.0,240,41.7,181,32.8,PURO_SWING,0.045,positiva,51.3,43.8,32.1
5,TABATINGA,"AV DA AMIZADE, SN",PURO_SWING,#F4D03F,-4.24274,-69.94874,6,0.043,-0.008,0.55,303,54.6,230,41.4,167,31.2,PURO_SWING,0.035,positiva,51.9,43.5,30.5
6,TABATINGA,"AV DA AMIZADE, SN",LULA+EB,#27AE60,-4.24931,-69.9235,6,0.085,0.043,0.59,318,58.8,204,37.7,190,36.2,LULA+EB,0.127,positiva,55.8,39.6,35.5
7,TABATINGA,"AV DA AMIZADE, SN",PURO_SWING,#F4D03F,-4.2912,-69.94809,6,0.027,0.057,0.53,297,53.0,243,43.4,200,37.6,PURO_SWING,0.084,positiva,50.4,45.6,36.8
8,TABATINGA,"AV DA AMIZADE, SN",PURO_SWING,#F4D03F,-4.25257,-69.98291,6,0.024,0.003,0.53,285,52.7,233,43.1,168,32.2,PURO_SWING,0.027,positiva,50.0,45.2,31.6
9,TABATINGA,"AV DA AMIZADE, SN",PURO_SWING,#F4D03F,-4.24704,-69.90018,6,0.029,0.061,0.53,291,53.2,237,43.3,201,38.0,PURO_SWING,0.089,positiva,50.5,45.5,37.2
10,TABATINGA,"AV DA AMIZADE, SN",PURO_SWING,#F4D03F,-4.25668,-69.94147,6,-0.016,0.055,0.49,265,48.7,253,46.5,201,37.4,PURO_SWING,0.039,estável,46.3,48.8,36.7
11,TABATINGA,"AV DA AMIZADE, SN",PURO_SWING,#F4D03F,-4.26985,-69.95609,6,0.013,0.039,0.52,296,51.7,259,45.2,195,35.8,PURO_SWING,0.052,positiva,49.1,47.5,35.1
12,TABATINGA,"AV DA AMIZADE, SN",LULA+EB,#27AE60,-4.26416,-69.94499,6,0.058,0.01,0.56,317,56.1,234,41.4,175,32.9,LULA+EB,0.067,positiva,53.3,43.5,32.2
13,TABATINGA,"AV DA AMIZADE, SN",PURO_SWING,#F4D03F,-4.26029,-69.92907,6,0.039,0.019,0.54,294,54.2,230,42.4,176,33.8,PURO_SWING,0.058,positiva,51.5,44.6,33.2
14,TABATINGA,"AV DA AMIZADE, SN",PURO_SWING,#F4D03F,-4.25254,-69.94329,6,0.019,-0.013,0.52,298,52.2,253,44.3,169,30.7,PURO_SWING,0.006,positiva,49.6,46.5,30.1
15,TABATINGA,COM. UMARIAÇU II,LULA+EB,#27AE60,-4.25276,-69.94315,6,0.44,0.227,0.94,616,94.3,14,2.1,348,54.6,LULA+EB,0.667,positiva,89.6,2.3,53.5
16,TABATINGA,COM. UMARIAÇU II,LULA+EB,#27AE60,-4.23616,-69.92572,6,0.473,0.286,0.98,615,97.6,9,1.4,371,60.5,LULA+EB,0.759,positiva,92.7,1.5,59.3
17,TABATINGA,"COM. TERESINA III, RIO SOLIMÕES, MARGEM ESQUERDA, ZONA RURAL",LULA+EB,#27AE60,-4.26661,-69.96028,6,0.168,0.237,0.67,227,67.2,101,29.9,184,55.6,LULA+EB,0.405,positiva,63.8,31.4,54.5
18,TABATINGA,"COM. TAUARU, IGARAPE PARANA DA SAUDADE",LULA+EB,#27AE60,-4.27554,-69.9668,6,0.25,0.157,0.75,418,75.3,105,18.9,257,47.6,LULA+EB,0.407,positiva,71.5,19.9,46.6
19,TABATINGA,"COM. BELÉM DO SOLIMÕES, RIO SOLIMÕES, MARGEM ESQUERDA",LULA+EB,#27AE60,-4.26873,-69.935,6,0.463,0.308,0.97,542,96.6,12,2.1,340,62.7,LULA+EB,0.771,positiva,91.8,2.2,61.5
20,TABATINGA,"COM. BELÉM DO SOLIMÕES, RIO SOLIMÕES, MARGEM ESQUERDA",LULA+EB,#27AE60,-4.29712,-69.942,6,0.476,0.27,0.98,507,97.9,8,1.5,288,58.9,LULA+EB,0.745,positiva,93.0,1.6,57.7
21,TABATINGA,"COM. BELÉM DO SOLIMÕES, RIO SOLIMÕES, MARGEM ESQUERDA",LULA+EB,#27AE60,-4.27361,-69.93902,6,0.466,0.203,0.97,511,97.0,9,1.7,265,52.3,LULA+EB,0.67,positiva,92.1,1.8,51.2
22,TABATINGA,"COM. BELÉM DO SOLIMÕES, RIO SOLIMÕES, MARGEM ESQUERDA",LULA+EB,#27AE60,-4.24129,-69.94659,6,0.456,0.259,0.96,492,95.9,10,1.9,289,57.8,LULA+EB,0.715,positiva,91.1,2.0,56.6
23,TABATINGA,"AV PERNAMBUCO, SN",PURO_SWING,#F4D03F,-4.2499,-69.93283,6,0.04,0.05,0.54,287,54.4,229,43.4,189,36.9,PURO_SWING,0.09,positiva,51.6,45.5,36.2
24,TABATINGA,"AVENIDA DA AMIZADE, 74",PURO_SWING,#F4D03F,-4.25447,-69.97767,6,0.012,0.009,0.52,266,51.6,226,43.8,161,32.9,PURO_SWING,0.022,positiva,49.0,46.0,32.2
25,TABATINGA,"RUA SÃO SEBASTIÃO, 24",LULA+EB,#27AE60,-4.25352,-69.94276,6,0.197,0.119,0.7,461,70.1,184,28.0,278,43.8,LULA+EB,0.317,positiva,66.6,29.4,43.0
26,TABATINGA,"AV PERNAMBUCO, SN",PURO_SWING,#F4D03F,-4.26389,-69.92669,6,-0.012,0.02,0.49,266,49.1,251,46.3,175,33.9,PURO_SWING,0.007,estável,46.6,48.6,33.2
27,TABATINGA,"AV DA AMIZADE, SN",LULA+EB,#27AE60,-4.2325,-69.96554,6,0.062,0.029,0.57,306,56.6,214,39.6,176,34.8,LULA+EB,0.091,positiva,53.7,41.5,34.1
28,TABATINGA,"AV DA AMIZADE, SN",LULA+EB,#27AE60,-4.25129,-69.94279,6,0.057,-0.005,0.56,289,56.0,215,41.7,158,31.5,LULA+EB,0.052,positiva,53.2,43.8,30.8
29,TABATINGA,"AV DA AMIZADE, SN",PURO_SWING,#F4D03F,-4.24,-69.98677,6,0.037,-0.011,0.54,321,54.0,253,42.6,174,30.8,PURO_SWING,0.026,positiva,51.3,44.7,30.2
30,TABATINGA,"COM. BELÉM DO SOLIMÕES, RIO SOLIMÕES, MARGEM ESQUERDA",LULA+EB,#27AE60,-4.2428,-69.94591,6,0.459,0.22,0.96,532,96.2,14,2.5,291,53.9,LULA+EB,0.678,positiva,91.4,2.7,52.8
31,TABATINGA,"AVENIDA DA AMIZADE, 74",LULA+EB,#27AE60,-4.27134,-69.95276,6,0.104,0.02,0.61,332,60.7,199,36.4,176,34.0,LULA+EB,0.124,positiva,57.7,38.2,33.3
32,TABATINGA,"AV DA AMIZADE, SN",PURO_SWING,#F4D03F,-4.25612,-69.94635,6,0.049,0.046,0.55,313,55.2,233,41.1,200,36.5,PURO_SWING,0.094,positiva,52.4,43.1,35.8
33,TABATINGA,"AV PERNAMBUCO, SN",LULA+EB,#27AE60,-4.22809,-69.92119,6,0.072,0.06,0.57,299,57.5,201,38.7,193,37.9,LULA+EB,0.132,positiva,54.6,40.6,37.2
34,TABATINGA,"AV DA AMIZADE, SN",PURO_SWING,#F4D03F,-4.24121,-69.95627,6,0.011,0.0,0.51,302,51.4,260,44.3,179,32.0,PURO_SWING,0.012,positiva,48.9,46.5,31.3
35,TABATINGA,"AV DA AMIZADE, SN",LULA+EB,#27AE60,-4.25156,-69.94096,6,0.092,0.089,0.6,335,59.5,207,36.8,222,40.8,LULA+EB,0.181,positiva,56.5,38.6,40.0
36,TABATINGA,"AV DA AMIZADE, SN",PURO_SWING,#F4D03F,-4.25826,-69.94811,6,0.03,0.022,0.53,296,53.3,242,43.6,186,34.1,PURO_SWING,0.052,positiva,50.7,45.8,33.4
37,TABATINGA,"AV DA AMIZADE, SN",LULA+EB,#27AE60,-4.25463,-69.94594,6,0.102,0.07,0.61,339,60.5,202,36.1,206,38.9,LULA+EB,0.172,positiva,57.5,37.9,38.2
38,TABATINGA,COM. UMARIAÇU II,LULA+EB,#27AE60,-4.24642,-69.92543,6,0.454,0.233,0.96,651,95.7,20,2.9,360,55.2,LULA+EB,0.687,positiva,90.9,3.1,54.1
39,TABATINGA,"AV PERNAMBUCO, SN",EB_PURO,#8E44AD,-4.25334,-69.94169,6,-0.049,0.014,0.45,238,45.4,260,49.6,169,33.3,EB_PURO,-0.035,estável,43.1,52.1,32.7
40,TABATINGA,"AV DA AMIZADE, SN",PURO_SWING,#F4D03F,-4.25403,-69.93715,6,0.029,0.067,0.53,287,53.2,226,41.9,198,38.7,PURO_SWING,0.097,positiva,50.6,44.0,37.9
41,TABATINGA,"AV DA AMIZADE, SN",LULA+EB,#27AE60,-4.26253,-69.96131,6,0.096,0.019,0.6,341,59.9,203,35.7,185,33.8,LULA+EB,0.115,positiva,56.9,37.5,33.1
42,TABATINGA,"AV DA AMIZADE, SN",PURO_SWING,#F4D03F,-4.20704,-69.91672,6,0.004,0.041,0.51,295,50.7,255,43.8,195,36.0,PURO_SWING,0.045,positiva,48.2,46.0,35.3
43,TABATINGA,"AVENIDA DA AMIZADE, 74",PURO_SWING,#F4D03F,-4.23716,-69.94279,6,0.02,0.027,0.52,283,52.3,230,42.5,179,34.6,PURO_SWING,0.047,positiva,49.7,44.6,33.9
44,TABATINGA,"AVENIDA DA AMIZADE, 74",PURO_SWING,#F4D03F,-4.27456,-69.95795,6,0.025,-0.0,0.53,267,52.9,216,42.8,156,31.9,PURO_SWING,0.025,positiva,50.2,44.9,31.3
45,TABATINGA,"AVENIDA DA AMIZADE, 74",LULA+EB,#27AE60,-4.26385,-69.94641,6,0.058,0.054,0.56,295,56.1,209,39.7,187,37.3,LULA+EB,0.112,positiva,53.3,41.7,36.6
46,TABATINGA,"AVENIDA DA AMIZADE, 74",PURO_SWING,#F4D03F,-4.26825,-69.97427,6,0.031,0.012,0.53,278,53.5,218,41.9,164,33.1,PURO_SWING,0.043,positiva,50.8,44.0,32.5
47,TABATINGA,COM. UMARIAÇU II,LULA+EB,#27AE60,-4.25654,-69.90146,6,0.421,0.206,0.92,633,92.4,42,6.1,355,52.5,LULA+EB,0.627,positiva,87.8,6.4,51.5
48,TABATINGA,"AV DA AMIZADE, SN",PURO_SWING,#F4D03F,-4.28978,-69.9423,6,0.022,0.02,0.53,292,52.5,245,44.1,181,33.9,PURO_SWING,0.042,positiva,49.9,46.3,33.2
49,TABATINGA,"AV DA AMIZADE, SN",PURO_SWING,#F4D03F,-4.19984,-69.93792,6,0.013,0.032,0.52,284,51.6,246,44.7,185,35.1,PURO_SWING,0.045,positiva,49.1,47.0,34.4
50,TABATINGA,"AVENIDA DA AMIZADE, 74",PURO_SWING,#F4D03F,-4.29187,-69.97966,6,0.033,0.027,0.54,277,53.6,221,42.7,173,34.7,PURO_SWING,0.06,positiva,50.9,44.9,34.0
51,TABATINGA,"AV PERNAMBUCO, SN",PURO_SWING,#F4D03F,-4.23572,-69.97504,6,-0.018,0.061,0.49,245,48.5,244,48.3,186,38.0,PURO_SWING,0.043,estável,46.1,50.7,37.3
52,TABATINGA,"AV DA AMIZADE, SN",LULA+EB,#27AE60,-4.25486,-69.93939,6,0.06,0.069,0.56,304,56.3,220,40.7,204,38.8,LULA+EB,0.128,positiva,53.5,42.8,38.0
53,TABATINGA,"AVENIDA DA AMIZADE, 74",PURO_SWING,#F4D03F,-4.26447,-69.94756,6,-0.019,0.009,0.48,257,48.4,252,47.5,167,32.9,PURO_SWING,-0.01,estável,46.0,49.8,32.2
54,TABATINGA,"AV PERNAMBUCO, SN",PURO_SWING,#F4D03F,-4.21967,-69.9814,6,0.024,0.05,0.53,278,52.8,226,42.9,186,37.0,PURO_SWING,0.075,positiva,50.1,45.0,36.2
55,TABATINGA,"AV DA AMIZADE, SN",LULA+EB,#27AE60,-4.21979,-69.96466,6,0.108,0.057,0.61,321,61.1,184,35.0,188,37.7,LULA+EB,0.166,positiva,58.1,36.8,36.9
56,TABATINGA,"COM. BELÉM DO SOLIMÕES, RIO SOLIMÕES, MARGEM ESQUERDA",LULA+EB,#27AE60,-4.2424,-69.91474,6,0.471,0.268,0.97,501,97.5,5,1.0,294,58.7,LULA+EB,0.739,positiva,92.6,1.0,57.5
57,TABATINGA,"COM. BELÉM DO SOLIMÕES, RIO SOLIMÕES, MARGEM ESQUERDA",LULA+EB,#27AE60,-4.2549,-69.9324,6,0.476,0.287,0.98,563,97.9,9,1.6,337,60.6,LULA+EB,0.763,positiva,93.0,1.6,59.4
58,TABATINGA,"AVENIDA DA AMIZADE, 74",PURO_SWING,#F4D03F,-4.27947,-69.93348,6,0.04,0.024,0.54,284,54.3,216,41.3,177,34.3,PURO_SWING,0.064,positiva,51.6,43.4,33.6
59,TABATINGA,"COM. SAPOTAL, RIO SOLIMÕES, MARGEM ESQUERDA",LULA+EB,#27AE60,-4.25264,-69.94363,6,0.428,0.438,0.93,722,93.2,46,5.9,562,75.7,LULA+EB,0.867,positiva,88.5,6.2,74.2
61,TABATINGA,"COM. VILA NOVA ESPERANÇA, IGARAPE DE BELÉM",LULA+EB,#27AE60,-4.26676,-69.94973,6,0.466,0.281,0.97,530,96.9,1,0.2,316,60.1,LULA+EB,0.747,positiva,92.0,0.2,58.9
62,TABATINGA,"RUA SÃO SEBASTIÃO, 24",LULA+EB,#27AE60,-4.21939,-69.92603,6,0.234,0.095,0.74,450,73.8,142,23.3,245,41.5,LULA+EB,0.33,positiva,70.1,24.4,40.6
63,TABATINGA,"AVENIDA DA AMIZADE, 76",PURO_SWING,#F4D03F,-4.24293,-69.92145,6,0.04,0.066,0.54,321,54.3,254,43.0,216,38.5,PURO_SWING,0.106,positiva,51.6,45.1,37.7
64,TABATINGA,"COM. BANANAL, RIO SOLIMÕES, MARGEM ESQUERDA",LULA+EB,#27AE60,-4.25524,-69.93909,6,0.461,0.4,0.96,731,96.4,22,2.9,534,72.0,LULA+EB,0.862,positiva,91.6,3.0,70.5
65,TABATINGA,"AVENIDA DA AMIZADE, 76",LULA+EB,#27AE60,-4.29582,-69.95283,6,0.071,0.096,0.57,338,57.4,236,40.1,229,41.5,LULA+EB,0.166,positiva,54.5,42.1,40.7
66,TABATINGA,"AVENIDA DA AMIZADE, 76",LULA+EB,#27AE60,-4.2505,-69.95126,6,0.087,0.054,0.59,349,59.1,231,39.1,209,37.3,LULA+EB,0.141,positiva,56.1,41.0,36.6
67,TABATINGA,COM. UMARIAÇU I,LULA+EB,#27AE60,-4.21876,-69.97933,6,0.42,0.299,0.92,541,92.3,32,5.5,347,61.9,LULA+EB,0.719,positiva,87.7,5.7,60.6
68,TABATINGA,"COM. BANANAL, RIO SOLIMÕES, MARGEM ESQUERDA",LULA+EB,#27AE60,-4.27477,-69.91383,6,0.437,0.368,0.94,365,94.1,16,4.1,259,68.7,LULA+EB,0.805,positiva,89.4,4.3,67.3
69,TABATINGA,"AVENIDA DA AMIZADE, 76",LULA+EB,#27AE60,-4.26143,-69.93837,6,0.113,0.037,0.62,341,61.7,200,36.2,189,35.7,LULA+EB,0.151,positiva,58.6,38.0,34.9
70,TABATINGA,"AVENIDA DA AMIZADE, 76",LULA+EB,#27AE60,-4.28806,-69.91139,6,0.056,0.062,0.56,317,55.9,228,40.2,203,38.1,LULA+EB,0.117,positiva,53.1,42.2,37.3
71,TABATINGA,"AVENIDA DA AMIZADE, 76",LULA+EB,#27AE60,-4.20483,-69.95262,6,0.113,0.076,0.62,344,61.6,199,35.7,200,39.5,LULA+EB,0.189,positiva,58.6,37.4,38.7
72,TABATINGA,"AVENIDA DA AMIZADE, 76",PURO_SWING,#F4D03F,-4.24197,-69.92941,6,0.017,0.046,0.52,291,52.1,254,45.4,196,36.6,PURO_SWING,0.064,positiva,49.5,47.7,35.8
73,TABATINGA,"AVENIDA DA AMIZADE, 76",PURO_SWING,#F4D03F,-4.26025,-69.9507,6,0.041,0.09,0.54,296,54.4,232,42.6,209,40.9,PURO_SWING,0.131,positiva,51.7,44.8,40.1
74,TABATINGA,"AVENIDA DA AMIZADE, 76",LULA+EB,#27AE60,-4.21114,-69.95987,6,0.13,0.062,0.63,336,63.3,180,33.9,188,38.1,LULA+EB,0.192,positiva,60.1,35.6,37.4
75,TABATINGA,COM. UMARIAÇU I,LULA+EB,#27AE60,-4.23685,-69.94547,6,0.448,0.316,0.95,550,95.2,21,3.6,352,63.5,LULA+EB,0.764,positiva,90.4,3.8,62.3
76,TABATINGA,"AVENIDA DA AMIZADE, 74",PURO_SWING,#F4D03F,-4.24315,-69.92238,6,0.028,0.029,0.53,286,53.2,241,44.8,181,34.8,PURO_SWING,0.057,positiva,50.5,47.0,34.1
77,TABATINGA,"COM. BELÉM DO SOLIMÕES, RIO SOLIMÕES, MARGEM ESQUERDA",LULA+EB,#27AE60,-4.25114,-69.94219,6,0.463,0.317,0.97,545,96.6,14,2.5,345,63.7,LULA+EB,0.78,positiva,91.8,2.6,62.4
78,TABATINGA,"AV DA AMIZADE, SN",PURO_SWING,#F4D03F,-4.26615,-69.96583,6,0.047,0.04,0.55,297,55.0,227,42.0,184,35.9,PURO_SWING,0.087,positiva,52.3,44.1,35.2
79,TABATINGA,"AV DA AMIZADE, SN",LULA+EB,#27AE60,-4.25373,-69.94284,6,0.082,0.07,0.58,303,58.5,198,38.2,187,39.0,LULA+EB,0.152,positiva,55.6,40.1,38.2
80,TABATINGA,COM. UMARIAÇU II,LULA+EB,#27AE60,-4.25657,-69.95039,6,0.475,0.272,0.98,674,97.8,10,1.5,395,59.1,LULA+EB,0.747,positiva,92.9,1.5,57.9
81,TABATINGA,"AV DA AMIZADE, SN",PURO_SWING,#F4D03F,-4.2666,-69.8952,6,0.007,0.064,0.51,271,51.0,237,44.6,194,38.3,PURO_SWING,0.071,positiva,48.5,46.9,37.6
82,TABATINGA,COM. UMARIAÇU I,LULA+EB,#27AE60,-4.24735,-69.94004,6,0.438,0.313,0.94,513,94.1,27,5.0,330,63.2,LULA+EB,0.751,positiva,89.4,5.2,62.0
84,TABATINGA,"AV DA AMIZADE, SN",PURO_SWING,#F4D03F,-4.24832,-69.9506,6,0.003,0.03,0.51,264,50.7,234,44.9,175,34.9,PURO_SWING,0.034,positiva,48.1,47.2,34.2
85,TABATINGA,"AV PERNAMBUCO, SN",PURO_SWING,#F4D03F,-4.27856,-69.93537,6,-0.007,0.041,0.5,225,49.7,201,44.4,158,36.1,PURO_SWING,0.035,positiva,47.2,46.6,35.4
86,TABATINGA,"AV DA AMIZADE, SN",LULA+EB,#27AE60,-4.26643,-69.93244,6,0.079,0.013,0.58,314,58.3,208,38.6,171,33.2,LULA+EB,0.092,positiva,55.3,40.5,32.5
87,TABATINGA,"AVENIDA DA AMIZADE, 76",LULA+EB,#27AE60,-4.25383,-69.95322,6,0.103,0.064,0.61,302,60.6,177,35.5,179,38.3,LULA+EB,0.167,positiva,57.6,37.3,37.6
88,TABATINGA,"AVENIDA DA AMIZADE, 76",LULA+EB,#27AE60,-4.28978,-69.92559,6,0.101,0.088,0.6,284,60.4,170,36.2,183,40.8,LULA+EB,0.189,positiva,57.4,38.0,39.9
89,TABATINGA,COM. UMARIAÇU II,LULA+EB,#27AE60,-4.24222,-69.93661,6,0.441,0.333,0.94,632,94.5,23,3.4,411,65.2,LULA+EB,0.775,positiva,89.7,3.6,63.9
90,TABATINGA,"AVENIDA DA AMIZADE, 76",LULA+EB,#27AE60,-4.25336,-69.94237,6,0.064,0.049,0,233,56.7,155,37.7,137,36.8,LULA+EB,0.113,positiva,53.9,39.6,36.1
92,TABATINGA,"AV PERNAMBUCO, SN",PURO_SWING,#F4D03F,-4.29289,-69.92507,6,-0.006,0.059,0.5,195,49.7,177,45.2,141,37.8,PURO_SWING,0.053,estável,47.3,47.4,37.0
93,TABATINGA,"RUA SANTOS DUMONT, SN",LULA+EB,#27AE60,-4.22373,-69.98069,6,0.052,0.049,0,212,55.5,163,42.7,136,36.9,LULA+EB,0.101,positiva,52.7,44.8,36.1
94,TABATINGA,"RUA CORONEL BERG, SN",PURO_SWING,#F4D03F,-4.24984,-69.94407,6,-0.034,-0.02,0,198,46.9,215,50.9,116,29.9,PURO_SWING,-0.054,estável,44.6,53.5,29.3
95,TABATINGA,"COM. BELÉM DO SOLIMÕES, RIO SOLIMÕES, MARGEM ESQUERDA",LULA+EB,#27AE60,-4.23917,-69.93868,6,0.461,0.294,0,487,96.4,7,1.4,300,61.3,LULA+EB,0.755,positiva,91.6,1.5,60.1
96,TABATINGA,"COM. CAJARI I, RIO SOLIMÕES, MARGEM ESQUERDA",LULA+EB,#27AE60,-4.27089,-69.94665,6,0.439,0.413,0,312,94.3,3,0.9,227,73.2,LULA+EB,0.852,positiva,89.5,1.0,71.8
97,TABATINGA,"RUA CORONEL BERG, SN",EB_PURO,#8E44AD,-4.28599,-69.98258,6,-0.023,0.045,0,217,48.0,222,49.1,152,36.5,EB_PURO,0.022,estável,45.6,51.6,35.7
98,TABATINGA,"COM. NOVA EXTREMA, IGARAPE TAKANA",LULA+EB,#27AE60,-4.2644,-69.94161,6,0.476,0.592,0,288,98.0,0,0.0,258,91.2,LULA+EB,1.069,positiva,93.1,0.0,89.3
99,TABATINGA,"RUA SANTOS DUMONT, SN",BOLSO+EB,#E67E22,-4.24525,-69.93379,6,-0.05,-0.023,0,222,45.3,256,52.2,141,29.6,BOLSO+EB,-0.073,negativa,43.0,54.9,29.0
100,TABATINGA,"COM. BELÉM DO SOLIMÕES, RIO SOLIMÕES, MARGEM ESQUERDA",LULA+EB,#27AE60,-4.22332,-69.98347,6,0.475,0.223,0,276,97.9,0,0.0,149,54.2,LULA+EB,0.698,positiva,93.0,0.0,53.1
101,TABATINGA,"RUA CORONEL BERG, SN",PURO_SWING,#F4D03F,-4.25998,-69.95334,6,0.006,0.022,0,324,50.9,291,45.8,213,34.1,PURO_SWING,0.028,positiva,48.4,48.0,33.5
1,TAPAUÁ,"AVENIDA PRESIDENTE COSTA E SILVA, SN - CENTRO",EB_PURO,#8E44AD,-4.5354,-64.58444,6,-0.023,0.022,0,193,48.0,199,49.5,133,34.1,EB_PURO,-0.001,estável,45.6,52.0,33.4
2,TAPAUÁ,"AVENIDA PRESIDENTE COSTA E SILVA, SN - CENTRO",EB_PURO,#8E44AD,-4.62059,-64.56255,6,-0.019,0.012,0,186,48.4,189,49.2,124,33.2,EB_PURO,-0.007,estável,46.0,51.7,32.5
3,TAPAUÁ,"COM. FOZ DO TAPAUÁ, RIO PURUS, MARGEM ESQUERDA - ZONA RURAL",PURO_SWING,#F4D03F,-4.58185,-64.56673,6,-0.02,-0.02,0,190,48.3,183,46.6,113,29.9,PURO_SWING,-0.04,estável,45.9,48.9,29.3
4,TAPAUÁ,"COM. FOZ DO TAPAUÁ, RIO PURUS, MARGEM ESQUERDA - ZONA RURAL",EB_PURO,#8E44AD,-4.58305,-64.5739,6,-0.042,-0.011,0,182,46.1,202,51.1,116,30.9,EB_PURO,-0.053,negativa,43.8,53.7,30.2
5,TAPAUÁ,"COM. FOZ DO TAPAUÁ, RIO PURUS, MARGEM ESQUERDA - ZONA RURAL",EB_PURO,#8E44AD,-4.573,-64.57981,6,-0.073,0.0,0,156,43.0,193,53.2,115,31.9,EB_PURO,-0.073,negativa,40.8,55.8,31.3
6,TAPAUÁ,AV.  PRESIDENTE COSTA E SILVA SN,LULA+EB,#27AE60,-4.53656,-64.57078,6,0.115,0.096,0,339,61.9,196,35.8,215,41.5,LULA+EB,0.211,positiva,58.8,37.6,40.7
7,TAPAUÁ,"AVENIDA PRESIDENTE COSTA E SILVA, SN - CENTRO",PURO_SWING,#F4D03F,-4.58223,-64.60496,6,-0.046,-0.022,0,185,45.7,211,52.1,119,29.8,PURO_SWING,-0.068,negativa,43.4,54.7,29.2
8,TAPAUÁ,"AVENIDA PRESIDENTE COSTA E SILVA, SN - CENTRO",LULA+EB,#27AE60,-4.58894,-64.56792,6,0.034,0.031,0,214,53.8,172,43.2,135,35.1,LULA+EB,0.066,positiva,51.1,45.4,34.4
9,TAPAUÁ,"AVENIDA PRESIDENTE COSTA E SILVA, SN - CENTRO",LULA+EB,#27AE60,-4.61479,-64.58996,6,0.028,0.045,0,212,53.1,179,44.9,139,36.4,LULA+EB,0.073,positiva,50.5,47.1,35.7
10,TAPAUÁ,AV.  PRESIDENTE CASTELO BRANCO,EB_PURO,#8E44AD,-4.56788,-64.57079,6,-0.013,0.005,0,191,49.0,193,49.5,123,32.5,EB_PURO,-0.008,estável,46.5,52.0,31.8
11,TAPAUÁ,AV.  PRESIDENTE COSTA E SILVA SN,LULA+EB,#27AE60,-4.57274,-64.60963,6,0.097,0.067,0,338,60.0,198,35.2,208,38.6,LULA+EB,0.164,positiva,57.0,36.9,37.8
12,TAPAUÁ,AV.  PRESIDENTE COSTA E SILVA SN,LULA+EB,#27AE60,-4.58043,-64.57705,6,0.096,0.051,0,326,59.9,198,36.4,192,37.1,LULA+EB,0.147,positiva,56.9,38.2,36.3
13,TAPAUÁ,"AVENIDA PRESIDENTE COSTA E SILVA, SN - CENTRO",EB_PURO,#8E44AD,-4.56204,-64.57458,6,-0.035,0.009,0,185,46.8,198,50.1,127,32.8,EB_PURO,-0.026,estável,44.5,52.6,32.2
14,TAPAUÁ,AV.  PRESIDENTE CASTELO BRANCO,BOLSO+EB,#E67E22,-4.5571,-64.56971,6,-0.086,-0.026,0,175,41.8,231,55.1,121,29.4,BOLSO+EB,-0.111,negativa,39.7,57.9,28.8
15,TAPAUÁ,AV.  PRESIDENTE COSTA E SILVA SN,LULA+EB,#27AE60,-4.58751,-64.56565,6,0.035,0.064,0,308,53.8,251,43.9,209,38.3,LULA+EB,0.099,positiva,51.2,46.1,37.6
16,TAPAUÁ,"RUA PANTALEÃO AURÉLIO DE ARAÚJO, SN - MANOEL COSTA",EB_PURO,#8E44AD,-4.57528,-64.58427,6,-0.031,0.094,0,219,47.2,231,49.8,188,41.3,EB_PURO,0.063,estável,44.8,52.3,40.5
17,TAPAUÁ,"RUA PANTALEÃO AURÉLIO DE ARAÚJO, SN - MANOEL COSTA",EB_PURO,#8E44AD,-4.5867,-64.57148,6,-0.04,0.037,0,218,46.3,243,51.6,165,35.6,EB_PURO,-0.003,negativa,44.0,54.2,34.9
18,TAPAUÁ,AV.  PRESIDENTE CASTELO BRANCO,EB_PURO,#8E44AD,-4.5482,-64.58784,6,-0.041,0.023,0,183,46.2,200,50.5,130,34.2,EB_PURO,-0.018,estável,43.9,53.0,33.5
19,TAPAUÁ,"AV. DEPUTADO DANILO CORREA, SN - CENTRO",LULA+EB,#27AE60,-4.58424,-64.58187,6,-0.004,0.046,0,213,49.9,197,46.1,149,36.5,LULA+EB,0.042,estável,47.4,48.4,35.8
20,TAPAUÁ,AV.  PRESIDENTE CASTELO BRANCO,EB_PURO,#8E44AD,-4.54259,-64.57148,6,-0.021,0.019,0,202,48.2,206,49.2,138,33.8,EB_PURO,-0.002,estável,45.8,51.6,33.1
21,TAPAUÁ,"RUA, ANTONIO GONÇALVES COM IVO FERREIRA, N 61 - SÃO JOÃO",LULA+EB,#27AE60,-4.57931,-64.57741,6,0.03,0.068,0,307,53.3,253,43.9,215,38.7,LULA+EB,0.098,positiva,50.6,46.1,38.0
22,TAPAUÁ,AV.  PRESIDENTE CASTELO BRANCO,PURO_SWING,#F4D03F,-4.55599,-64.55059,6,-0.049,-0.023,0,183,45.4,211,52.4,116,29.7,PURO_SWING,-0.072,negativa,43.1,55.0,29.1
23,TAPAUÁ,"AV. DEPUTADO DANILO CORREA, SN - CENTRO",LULA+EB,#27AE60,-4.58111,-64.58141,6,0.036,0.053,0,227,53.9,182,43.2,149,37.2,LULA+EB,0.089,positiva,51.2,45.4,36.5
24,TAPAUÁ,"RUA A-8, SN - RIO PURUS",LULA+EB,#27AE60,-4.57502,-64.57742,6,0.077,0.121,0,285,58.0,189,38.5,205,44.0,LULA+EB,0.198,positiva,55.1,40.4,43.1
25,TAPAUÁ,"COM. BEABÁ, RIO PURUS, MARGEM ESQUERDA - ZONA RURAL",LULA+EB,#27AE60,-4.57588,-64.60084,6,0.125,0.155,0,228,62.8,127,35.0,160,47.5,LULA+EB,0.28,positiva,59.7,36.7,46.5
27,TAPAUÁ,"RUA, ANTONIO GONÇALVES COM IVO FERREIRA, N 61 - SÃO JOÃO",LULA+EB,#27AE60,-4.57234,-64.58905,6,-0.014,0.061,0,269,48.9,268,48.7,204,38.0,LULA+EB,0.046,estável,46.5,51.2,37.2
28,TAPAUÁ,"RUA A-8, SN - RIO PURUS",LULA+EB,#27AE60,-4.59023,-64.59791,6,0.043,0.121,0,247,54.6,194,42.9,192,44.0,LULA+EB,0.164,positiva,51.9,45.1,43.2
29,TAPAUÁ,"RUA A-8, SN - RIO PURUS",LULA+EB,#27AE60,-4.58593,-64.57516,6,0.126,0.119,0,301,63.0,165,34.5,198,43.8,LULA+EB,0.245,positiva,59.8,36.2,42.9
30,TAPAUÁ,"BECO DA RUA A-05 ACESSO AO AEROPORTO, SN - AÇAÍ",LULA+EB,#27AE60,-4.53666,-64.58066,6,0.072,0.039,0,299,57.5,208,40.0,181,35.8,LULA+EB,0.111,positiva,54.6,42.0,35.1
31,TAPAUÁ,"BECO DA RUA A-05 ACESSO AO AEROPORTO, SN - AÇAÍ",LULA+EB,#27AE60,-4.58405,-64.56701,6,0.034,0.044,0,278,53.8,224,43.3,184,36.3,LULA+EB,0.078,positiva,51.1,45.5,35.6
32,TAPAUÁ,"AVENIDA PRESIDENTE COSTA E SILVA, SN - CENTRO",EB_PURO,#8E44AD,-4.60048,-64.57706,6,-0.049,-0.015,0,172,45.4,197,52.0,114,30.4,EB_PURO,-0.065,negativa,43.1,54.6,29.8
33,TAPAUÁ,"BECO DA RUA A-05 ACESSO AO AEROPORTO, SN - AÇAÍ",PURO_SWING,#F4D03F,-4.6179,-64.5748,6,0.007,0.006,0,262,51.0,238,46.3,160,32.5,PURO_SWING,0.012,estável,48.4,48.6,31.9
34,TAPAUÁ,"RUA PANTALEÃO AURÉLIO DE ARAÚJO, SN - MANOEL COSTA",EB_PURO,#8E44AD,-4.53336,-64.58833,6,-0.048,0.098,0,211,45.5,240,51.7,189,41.7,EB_PURO,0.049,negativa,43.2,54.3,40.9
35,TAPAUÁ,"BECO DA RUA A-05 ACESSO AO AEROPORTO, SN - AÇAÍ",LULA+EB,#27AE60,-4.5607,-64.56297,6,0.032,0.068,0,283,53.5,227,42.9,196,38.7,LULA+EB,0.1,positiva,50.8,45.1,38.0
36,TAPAUÁ,"COM. FOZ DO TAPAUÁ, RIO PURUS, MARGEM ESQUERDA - ZONA RURAL",PURO_SWING,#F4D03F,-4.56477,-64.5804,6,-0.025,-0.034,0,166,47.8,167,48.1,96,28.6,PURO_SWING,-0.058,estável,45.4,50.5,28.0
37,TAPAUÁ,AV.  PRESIDENTE COSTA E SILVA SN,LULA+EB,#27AE60,-4.58715,-64.61046,6,0.04,0.039,0,293,54.4,226,41.9,187,35.8,LULA+EB,0.079,positiva,51.6,44.0,35.1
38,TAPAUÁ,"RUA, ANTONIO GONÇALVES COM IVO FERREIRA, N 61 - SÃO JOÃO",LULA+EB,#27AE60,-4.57703,-64.60033,6,-0.001,0.075,0,270,50.2,253,47.0,206,39.4,LULA+EB,0.073,estável,47.7,49.4,38.6
39,TAPAUÁ,"RUA A-8, SN - RIO PURUS",LULA+EB,#27AE60,-4.56736,-64.55874,6,0.09,0.08,0,270,59.3,171,37.6,175,40.0,LULA+EB,0.17,positiva,56.4,39.5,39.2
40,TAPAUÁ,AV.  PRESIDENTE COSTA E SILVA SN,LULA+EB,#27AE60,-4.53594,-64.55,6,0.015,0.033,0,238,51.9,208,45.3,158,35.3,LULA+EB,0.049,positiva,49.3,47.6,34.6
41,TAPAUÁ,"BECO DA RUA A-05 ACESSO AO AEROPORTO, SN - AÇAÍ",PURO_SWING,#F4D03F,-4.57789,-64.57245,6,0.027,-0.009,0,191,53.1,153,42.5,108,31.0,PURO_SWING,0.018,positiva,50.4,44.6,30.4
14,TEFÉ,R FLORIANO PEIXOTO SN,LULA+EB,#27AE60,-3.35153,-64.75876,6,0.179,-0.011,0,268,68.2,118,30.0,116,30.9,LULA+EB,0.168,positiva,64.8,31.5,30.2
15,TEFÉ,R GETULIO VARGAS SN,LULA+EB,#27AE60,-3.33871,-64.73676,6,0.183,0.004,0,230,68.7,101,30.1,106,32.3,LULA+EB,0.187,positiva,65.2,31.7,31.7
16,TEFÉ,R FLORIANO PEIXOTO SN,PURO_SWING,#F4D03F,-3.33599,-64.68876,6,0.175,-0.039,0,261,67.8,119,30.9,106,28.0,PURO_SWING,0.136,positiva,64.4,32.5,27.5
17,TEFÉ,R GETULIO VARGAS SN,LULA+EB,#27AE60,-3.33527,-64.74867,6,0.117,-0.006,0,196,62.0,110,34.8,96,31.4,LULA+EB,0.111,positiva,58.9,36.6,30.7
18,TEFÉ,ESTRADA DO AEROPORTO SN,PURO_SWING,#F4D03F,-3.3873,-64.72816,6,0.142,-0.035,0,294,64.5,148,32.5,125,28.5,PURO_SWING,0.107,positiva,61.2,34.1,27.9
19,TEFÉ,ESTRADA DO AEROPORTO SN,PURO_SWING,#F4D03F,-3.33098,-64.73772,6,0.116,-0.021,0,296,61.9,171,35.8,137,29.8,PURO_SWING,0.095,positiva,58.8,37.6,29.3
20,TEFÉ,"ESTRADA DO BEXIGA, S/N",DIFÍCIL,#E74C3C,-3.37686,-64.73302,6,0.139,-0.066,0,332,64.2,176,34.0,126,25.3,DIFÍCIL,0.073,positiva,61.0,35.7,24.8
21,TEFÉ,ESTRADA DO AEROPORTO SN,DIFÍCIL,#E74C3C,-3.3541,-64.74275,6,0.063,-0.071,0,282,56.6,206,41.4,119,24.8,DIFÍCIL,-0.008,positiva,53.8,43.4,24.3
22,TEFÉ,R QUINTINO BOCAIUVA SN,LULA+EB,#27AE60,-3.36129,-64.6955,6,0.255,-0.019,0,338,75.8,98,22.0,129,30.1,LULA+EB,0.236,positiva,72.0,23.1,29.5
23,TEFÉ,R DA CARREIRA SN,PURO_SWING,#F4D03F,-3.35975,-64.69224,6,0.166,-0.028,0,316,66.9,147,31.1,133,29.1,PURO_SWING,0.138,positiva,63.6,32.7,28.5
24,TEFÉ,AV JURUA SN,LULA+EB,#27AE60,-3.31678,-64.7317,6,0.192,0.035,0,326,69.5,136,29.0,160,35.4,LULA+EB,0.227,positiva,66.0,30.4,34.7
25,TEFÉ,AV JURUA SN,LULA+EB,#27AE60,-3.31271,-64.69555,6,0.186,0.0,0,330,68.9,139,29.0,147,32.0,LULA+EB,0.186,positiva,65.4,30.5,31.3
26,TEFÉ,AV JURUA SN,LULA+EB,#27AE60,-3.39682,-64.70325,6,0.159,0.03,0,274,66.2,130,31.4,138,34.9,LULA+EB,0.189,positiva,62.9,33.0,34.2
27,TEFÉ,R QUINTINO BOCAIUVA SN,LULA+EB,#27AE60,-3.34298,-64.71964,6,0.172,-0.015,0,304,67.6,131,29.1,131,30.5,LULA+EB,0.158,positiva,64.2,30.6,29.9
28,TEFÉ,R QUINTINO BOCAIUVA SN,DIFÍCIL,#E74C3C,-3.40197,-64.72278,6,0.171,-0.051,0,271,67.4,116,28.9,104,26.9,DIFÍCIL,0.12,positiva,64.0,30.3,26.3
29,TEFÉ,"ESTRADA DO BEXIGA, S/N",LULA+EB,#27AE60,-3.349,-64.74271,6,0.106,0.005,0,333,60.9,199,36.4,167,32.4,LULA+EB,0.111,positiva,57.8,38.2,31.8
30,TEFÉ,R GETULIO VARGAS SN,LULA+EB,#27AE60,-3.38114,-64.76031,6,0.14,-0.013,0,233,64.4,118,32.6,107,30.7,LULA+EB,0.128,positiva,61.1,34.2,30.0
31,TEFÉ,R GETULIO VARGAS SN,PURO_SWING,#F4D03F,-3.33244,-64.70214,6,0.082,-0.037,0,199,58.5,130,38.2,94,28.2,PURO_SWING,0.045,positiva,55.6,40.1,27.7
32,TEFÉ,R GETULIO VARGAS SN,LULA+EB,#27AE60,-3.35038,-64.70457,6,0.167,0.056,0,230,67.1,99,28.9,120,37.5,LULA+EB,0.223,positiva,63.7,30.3,36.8
33,TEFÉ,R SAMUEL FRITZ SN,PURO_SWING,#F4D03F,-3.34537,-64.69815,6,0.197,-0.039,0,430,70.0,166,27.0,167,28.0,PURO_SWING,0.158,positiva,66.5,28.4,27.5
34,TEFÉ,R SAMUEL FRITZ SN,DIFÍCIL,#E74C3C,-3.34908,-64.68421,6,0.173,-0.092,0,321,67.6,144,30.3,104,22.8,DIFÍCIL,0.081,positiva,64.2,31.8,22.3
35,TEFÉ,R SAMUEL FRITZ SN,PURO_SWING,#F4D03F,-3.35103,-64.74388,6,0.162,-0.044,0,387,66.5,187,32.1,157,27.5,PURO_SWING,0.118,positiva,63.2,33.7,27.0
36,TEFÉ,R BRASILIA SN,PURO_SWING,#F4D03F,-3.35641,-64.70668,6,0.143,-0.027,0,268,64.6,130,31.3,119,29.2,PURO_SWING,0.116,positiva,61.3,32.9,28.7
37,TEFÉ,"R RUI BARBOSA, N 159",PURO_SWING,#F4D03F,-3.34112,-64.70811,6,0.156,-0.02,0,347,66.0,168,31.9,152,29.9,PURO_SWING,0.136,positiva,62.7,33.5,29.3
38,TEFÉ,"R RUI BARBOSA, N 159",PURO_SWING,#F4D03F,-3.3983,-64.73677,6,0.167,-0.024,0,333,67.0,150,30.2,139,29.6,PURO_SWING,0.143,positiva,63.7,31.7,29.0
39,TEFÉ,"R RUI BARBOSA, N 159",PURO_SWING,#F4D03F,-3.31318,-64.7458,6,0.129,-0.022,0,334,63.3,186,35.2,152,29.7,PURO_SWING,0.108,positiva,60.1,37.0,29.2
40,TEFÉ,MARGEM DIREITA DO RIO SOLIMOES,LULA+EB,#27AE60,-3.33074,-64.69772,6,0.378,0.087,0,348,88.1,40,10.1,151,40.6,LULA+EB,0.464,positiva,83.7,10.6,39.8
41,TEFÉ,VILA DE CAIAMBE - MARGEM DIREITA RIO SOLIMOES,LULA+EB,#27AE60,-3.36733,-64.69402,6,0.262,0.054,0,371,76.5,101,20.8,173,37.3,LULA+EB,0.315,positiva,72.7,21.9,36.5
42,TEFÉ,VILA DE JUTICA,PURO_SWING,#F4D03F,-3.34535,-64.67842,6,0.285,-0.03,0,321,78.9,79,19.4,110,28.9,PURO_SWING,0.256,positiva,74.9,20.4,28.4
43,TEFÉ,R FLORIANO PEIXOTO SN,DIFÍCIL,#E74C3C,-3.32122,-64.74141,6,0.197,-0.06,0,283,70.0,106,26.2,101,25.9,DIFÍCIL,0.137,positiva,66.5,27.5,25.4
44,TEFÉ,R FLORIANO PEIXOTO SN,PURO_SWING,#F4D03F,-3.3317,-64.69363,6,0.166,-0.027,0,263,66.9,123,31.3,112,29.2,PURO_SWING,0.139,positiva,63.6,32.9,28.7
45,TEFÉ,R CAPITAO JOSE PATRICIO SN,DIFÍCIL,#E74C3C,-3.31689,-64.70743,6,0.151,-0.082,0,219,65.4,109,32.5,74,23.7,DIFÍCIL,0.068,positiva,62.1,34.2,23.2
46,TEFÉ,R CAPITAO JOSE PATRICIO SN,DIFÍCIL,#E74C3C,-3.3907,-64.74797,6,0.142,-0.089,0,226,64.6,114,32.6,77,23.0,DIFÍCIL,0.053,positiva,61.3,34.2,22.5
47,TEFÉ,R CAPITAO JOSE PATRICIO SN,DIFÍCIL,#E74C3C,-3.37311,-64.76212,6,0.075,-0.08,0,210,57.9,142,39.1,83,23.9,DIFÍCIL,-0.005,positiva,55.0,41.1,23.4
48,TEFÉ,R GETULIO VARGAS SN,PURO_SWING,#F4D03F,-3.35252,-64.71797,6,0.103,-0.034,0,185,60.7,108,35.4,85,28.5,PURO_SWING,0.069,positiva,57.6,37.2,28.0
49,TEFÉ,R QUINTINO BOCAIUVA SN,LULA+EB,#27AE60,-3.34336,-64.72364,6,0.199,0.037,0,320,70.2,125,27.4,153,35.7,LULA+EB,0.236,positiva,66.7,28.8,35.0
51,TEFÉ,AV JURUA SN,LULA+EB,#27AE60,-3.34972,-64.71207,6,0.158,0.008,0,309,66.2,145,31.0,147,32.7,LULA+EB,0.167,positiva,62.9,32.6,32.1
52,TEFÉ,R JOSE DE ALENCAR SN,LULA+EB,#27AE60,-3.34388,-64.72481,6,0.168,-0.011,0,357,67.1,162,30.5,158,30.9,LULA+EB,0.157,positiva,63.8,32.0,30.2
53,TEFÉ,R JOSE DE ALENCAR SN,PURO_SWING,#F4D03F,-3.38475,-64.73762,6,0.191,-0.026,0,376,69.4,151,27.9,152,29.3,PURO_SWING,0.165,positiva,65.9,29.3,28.8
54,TEFÉ,R JOSE DE ALENCAR SN,PURO_SWING,#F4D03F,-3.33148,-64.74865,6,0.16,-0.045,0,397,66.3,186,31.1,155,27.4,PURO_SWING,0.114,positiva,63.0,32.6,26.8
55,TEFÉ,R FLORIANO PEIXOTO SN,PURO_SWING,#F4D03F,-3.35782,-64.72659,6,0.159,-0.049,0,270,66.2,130,31.9,105,27.0,PURO_SWING,0.109,positiva,62.9,33.5,26.5
56,TEFÉ,R QUINTINO BOCAIUVA SN,LULA+EB,#27AE60,-3.35858,-64.71652,6,0.257,0.056,0,302,76.1,85,21.4,140,37.5,LULA+EB,0.314,positiva,72.3,22.5,36.8
70,TEFÉ,ESTRADA DO AEROPORTO SN,LULA+EB,#27AE60,-3.38375,-64.69296,6,0.137,-0.001,0,306,64.0,158,33.1,145,31.8,LULA+EB,0.136,positiva,60.8,34.7,31.2
71,TEFÉ,"ESTRADA DO BEXIGA, S/N",DIFÍCIL,#E74C3C,-3.40207,-64.70811,6,0.082,-0.06,0,320,58.5,214,39.1,135,26.0,DIFÍCIL,0.022,positiva,55.6,41.1,25.4
72,TEFÉ,R FLORIANO PEIXOTO SN,DIFÍCIL,#E74C3C,-3.37152,-64.75051,6,0.163,-0.07,0,262,66.7,125,31.8,95,24.9,DIFÍCIL,0.093,positiva,63.3,33.4,24.4
81,TEFÉ,R BRASILIA SN,PURO_SWING,#F4D03F,-3.35578,-64.70605,6,0.146,-0.049,0,270,64.9,132,31.7,107,27.0,PURO_SWING,0.097,positiva,61.7,33.3,26.5
82,TEFÉ,VILA DE CAIAMBE - MARGEM DIREITA RIO SOLIMOES,LULA+EB,#27AE60,-3.37202,-64.7026,6,0.243,0.054,0,359,74.6,113,23.5,173,37.4,LULA+EB,0.297,positiva,70.9,24.7,36.6
83,TEFÉ,R JOSE DE ALENCAR SN,DIFÍCIL,#E74C3C,-3.30922,-64.70369,6,0.125,-0.059,0,351,62.8,201,36.0,140,26.1,DIFÍCIL,0.066,positiva,59.7,37.8,25.5
87,TEFÉ,ESTRADA DO AEROPORTO SN,LULA+EB,#27AE60,-3.37958,-64.74739,6,0.128,-0.011,0,346,63.1,186,33.9,164,30.8,LULA+EB,0.117,positiva,60.0,35.6,30.2
91,TEFÉ,R FLORIANO PEIXOTO SN,PURO_SWING,#F4D03F,-3.33899,-64.66428,6,0.135,-0.043,0,266,63.8,142,34.1,110,27.6,PURO_SWING,0.092,positiva,60.6,35.8,27.1
92,TEFÉ,VILA DE CAIAMBE - MARGEM DIREITA RIO SOLIMOES,LULA+EB,#27AE60,-3.39426,-64.72974,6,0.265,-0.001,0,408,76.8,119,22.4,165,31.8,LULA+EB,0.264,positiva,73.0,23.5,31.2
93,TEFÉ,R QUINTINO BOCAIUVA SN,LULA+EB,#27AE60,-3.34715,-64.71792,6,0.183,-0.004,0,299,68.6,123,28.2,129,31.5,LULA+EB,0.179,positiva,65.1,29.6,30.9
94,TEFÉ,R DA CARREIRA SN,DIFÍCIL,#E74C3C,-3.38823,-64.7012,6,0.189,-0.053,0,310,69.2,128,28.6,117,26.6,DIFÍCIL,0.135,positiva,65.7,30.0,26.1
95,TEFÉ,ESTRADA DO AEROPORTO SN,PURO_SWING,#F4D03F,-3.35261,-64.69205,6,0.097,-0.048,0,324,60.0,194,35.9,141,27.2,PURO_SWING,0.049,positiva,57.0,37.7,26.6
96,TEFÉ,"ESTRADA DO BEXIGA, S/N",PURO_SWING,#F4D03F,-3.33646,-64.67833,6,0.07,-0.046,0,311,57.3,219,40.3,141,27.4,PURO_SWING,0.024,positiva,54.4,42.3,26.8
97,TEFÉ,R CAPITAO JOSE PATRICIO SN,DIFÍCIL,#E74C3C,-3.35405,-64.71597,6,0.03,-0.072,0,176,53.3,149,45.2,78,24.8,DIFÍCIL,-0.042,positiva,50.7,47.4,24.3
100,TEFÉ,R BRASILIA SN,LULA+EB,#27AE60,-3.34125,-64.75956,6,0.17,0.009,0,299,67.3,140,31.5,139,32.8,LULA+EB,0.179,positiva,64.0,33.1,32.1
101,TEFÉ,ESTRADA DO AEROPORTO SN,PURO_SWING,#F4D03F,-3.36645,-64.69784,6,0.178,-0.032,0,319,68.2,137,29.3,130,28.8,PURO_SWING,0.147,positiva,64.8,30.7,28.2
102,TEFÉ,VILA DE JUTICA,DIFÍCIL,#E74C3C,-3.35245,-64.73313,6,0.21,-0.089,0,293,71.3,110,26.8,95,23.1,DIFÍCIL,0.121,positiva,67.7,28.1,22.6
103,TEFÉ,ESTRADA DO AEROPORTO SN,DIFÍCIL,#E74C3C,-3.3529,-64.7138,6,0.084,-0.055,0,310,58.7,202,38.3,135,26.5,DIFÍCIL,0.029,positiva,55.8,40.2,25.9
108,TEFÉ,R DA CARREIRA SN,PURO_SWING,#F4D03F,-3.30784,-64.74162,6,0.23,-0.029,0,341,73.3,118,25.4,130,29.0,PURO_SWING,0.201,positiva,69.7,26.6,28.4
110,TEFÉ,R GETULIO VARGAS SN,LULA+EB,#27AE60,-3.35646,-64.70656,6,0.094,0.014,0,219,59.7,136,37.1,118,33.3,LULA+EB,0.108,positiva,56.7,38.9,32.7
111,TEFÉ,R ARIMATEIA SN,PURO_SWING,#F4D03F,-3.35342,-64.71656,6,0.103,-0.047,0,330,60.7,202,37.1,146,27.2,PURO_SWING,0.056,positiva,57.6,39.0,26.7
112,TEFÉ,R QUINTINO BOCAIUVA SN,LULA+EB,#27AE60,-3.38921,-64.68003,6,0.229,0.08,0,274,73.3,91,24.3,143,39.9,LULA+EB,0.31,positiva,69.6,25.5,39.1
113,TEFÉ,ESTRADA DO AEROPORTO SN,PURO_SWING,#F4D03F,-3.34809,-64.71693,6,0.069,-0.043,0,318,57.2,220,39.6,147,27.6,PURO_SWING,0.025,positiva,54.3,41.5,27.0
114,TEFÉ,R BRASILIA SN,PURO_SWING,#F4D03F,-3.3586,-64.70055,6,0.096,-0.031,0,247,60.0,153,37.1,115,28.8,PURO_SWING,0.065,positiva,57.0,39.0,28.2
115,TEFÉ,R CAPITAO JOSE PATRICIO SN,PURO_SWING,#F4D03F,-3.35473,-64.71363,6,0.085,-0.022,0,220,58.8,138,36.9,107,29.7,PURO_SWING,0.063,positiva,55.9,38.7,29.1
116,TEFÉ,ESTRADA DO AEROPORTO SN,PURO_SWING,#F4D03F,-3.35364,-64.7135,6,0.103,-0.034,0,296,60.7,181,37.1,135,28.5,PURO_SWING,0.069,positiva,57.6,38.9,28.0
117,TEFÉ,R GETULIO VARGAS SN,PURO_SWING,#F4D03F,-3.34319,-64.72424,6,0.142,-0.036,0,204,64.6,107,33.9,87,28.3,PURO_SWING,0.106,positiva,61.3,35.6,27.8
118,TEFÉ,"R RUI BARBOSA, N 159",PURO_SWING,#F4D03F,-3.33693,-64.69659,6,0.173,-0.021,0,376,67.6,164,29.5,162,29.8,PURO_SWING,0.152,positiva,64.2,31.0,29.2
121,TEFÉ,R ARIMATEIA SN,LULA+EB,#27AE60,-3.35956,-64.74579,6,0.082,-0.003,0,318,58.6,207,38.1,166,31.6,LULA+EB,0.079,positiva,55.6,40.0,31.0
122,TEFÉ,ESTRADA DO AEROPORTO S/N,PURO_SWING,#F4D03F,-3.33257,-64.74243,6,0.117,-0.033,0,373,62.1,219,36.4,166,28.7,PURO_SWING,0.085,positiva,59.0,38.3,28.1
123,TEFÉ,"ESTRADA DO BEXIGA, N 1945",PURO_SWING,#F4D03F,-3.39242,-64.72104,6,0.043,-0.043,0,270,54.7,208,42.1,133,27.6,PURO_SWING,-0.0,positiva,51.9,44.2,27.0
124,TEFÉ,AV JURUA SN,PURO_SWING,#F4D03F,-3.34708,-64.69403,6,0.128,-0.027,0,305,63.1,169,35.0,137,29.3,PURO_SWING,0.102,positiva,60.0,36.7,28.7
125,TEFÉ,R SAMUEL FRITZ SN,PURO_SWING,#F4D03F,-3.37115,-64.72582,6,0.166,-0.045,0,382,66.9,179,31.3,152,27.4,PURO_SWING,0.12,positiva,63.6,32.9,26.8
126,TEFÉ,"R RUI BARBOSA, N 159",LULA+EB,#27AE60,-3.35959,-64.71755,6,0.106,0.011,0,319,60.9,189,36.1,168,33.1,LULA+EB,0.117,positiva,57.8,37.9,32.4
128,TEFÉ,R BRASILIA SN,DIFÍCIL,#E74C3C,-3.35677,-64.71238,6,0.053,-0.055,0,217,55.6,159,40.8,99,26.4,DIFÍCIL,-0.002,positiva,52.9,42.8,25.9
129,TEFÉ,R GETULIO VARGAS SN,PURO_SWING,#F4D03F,-3.32048,-64.70934,6,0.098,-0.045,0,199,60.1,126,38.1,86,27.4,PURO_SWING,0.053,positiva,57.1,40.0,26.8
130,TEFÉ,R BRASILIA SN,PURO_SWING,#F4D03F,-3.3391,-64.72278,6,0.081,-0.027,0,253,58.4,171,39.5,122,29.2,PURO_SWING,0.054,positiva,55.5,41.5,28.6
131,TEFÉ,R JOSE DE ALENCAR SN,DIFÍCIL,#E74C3C,-3.39298,-64.71223,6,0.117,-0.063,0,366,62.0,210,35.6,146,25.6,DIFÍCIL,0.054,positiva,58.9,37.4,25.1
133,TEFÉ,"ESTRADA DO BEXIGA, N 1945",DIFÍCIL,#E74C3C,-3.33291,-64.69138,6,0.047,-0.052,0,281,55.0,220,43.1,133,26.7,DIFÍCIL,-0.006,positiva,52.2,45.2,26.2
135,TEFÉ,R CAPITAO JOSE PATRICIO SN,DIFÍCIL,#E74C3C,-3.36271,-64.70652,6,0.04,-0.055,0,196,54.3,157,43.5,93,26.4,DIFÍCIL,-0.015,positiva,51.6,45.7,25.9
136,TEFÉ,"R RUI BARBOSA, N 159",PURO_SWING,#F4D03F,-3.31561,-64.68368,6,0.1,-0.026,0,312,60.3,192,37.1,146,29.3,PURO_SWING,0.074,positiva,57.3,39.0,28.7
137,TEFÉ,R ARIMATEIA SN,PURO_SWING,#F4D03F,-3.39223,-64.74821,6,0.063,-0.02,0,316,56.6,235,42.1,160,29.9,PURO_SWING,0.043,positiva,53.8,44.2,29.3
138,TEFÉ,R DA CARREIRA SN,DIFÍCIL,#E74C3C,-3.35394,-64.7212,6,0.163,-0.068,0,305,66.6,144,31.4,111,25.2,DIFÍCIL,0.095,positiva,63.3,33.0,24.7
140,TEFÉ,ESTRADA DO AEROPORTO SN,LULA+EB,#27AE60,-3.36103,-64.74017,6,0.067,0.031,0,259,57.0,179,39.4,155,35.1,LULA+EB,0.099,positiva,54.2,41.4,34.4
141,TEFÉ,R SAO PAULO 820,DIFÍCIL,#E74C3C,-3.3189,-64.74689,6,0.165,-0.061,0,418,66.8,199,31.8,156,25.9,DIFÍCIL,0.104,positiva,63.4,33.4,25.4
142,TEFÉ,AV ESPIRITO SANTO SN,DIFÍCIL,#E74C3C,-3.35284,-64.72535,6,0.16,-0.071,0,348,66.3,163,31.0,126,24.8,DIFÍCIL,0.088,positiva,63.0,32.6,24.3
143,TEFÉ,ESTRADA DO AEROPORTO S/N,LULA+EB,#27AE60,-3.35149,-64.6757,6,0.118,-0.015,0,374,62.1,216,35.9,176,30.4,LULA+EB,0.103,positiva,59.0,37.7,29.8
146,TEFÉ,AV ESPIRITO SANTO SN,DIFÍCIL,#E74C3C,-3.33408,-64.68537,6,0.185,-0.061,0,346,68.8,153,30.4,127,25.9,DIFÍCIL,0.124,positiva,65.3,31.9,25.3
149,TEFÉ,"ESTRADA DO BEXIGA, N 1945",DIFÍCIL,#E74C3C,-3.35314,-64.71416,6,0.018,-0.099,0,272,52.1,241,46.2,109,22.0,DIFÍCIL,-0.081,positiva,49.5,48.5,21.6
151,TEFÉ,R SAO PAULO 820,DIFÍCIL,#E74C3C,-3.31735,-64.6853,6,0.15,-0.07,0,382,65.3,190,32.5,140,25.0,DIFÍCIL,0.08,positiva,62.0,34.1,24.5
152,TEFÉ,AV ESPIRITO SANTO SN,DIFÍCIL,#E74C3C,-3.37324,-64.73545,6,0.182,-0.058,0,350,68.5,151,29.5,128,26.1,DIFÍCIL,0.124,positiva,65.1,31.0,25.6
153,TEFÉ,ESTRADA DO AEROPORTO S/N,DIFÍCIL,#E74C3C,-3.37755,-64.72007,6,0.077,-0.072,0,348,58.0,239,39.8,142,24.7,DIFÍCIL,0.004,positiva,55.1,41.8,24.2
154,TEFÉ,"ESTRADA DO BEXIGA, N 1945",DIFÍCIL,#E74C3C,-3.33452,-64.7114,6,0.061,-0.089,0,283,56.4,203,40.4,110,23.1,DIFÍCIL,-0.028,positiva,53.6,42.5,22.6
156,TEFÉ,R ARIMATEIA SN,PURO_SWING,#F4D03F,-3.34539,-64.69683,6,0.054,-0.031,0,320,55.7,238,41.5,160,28.8,PURO_SWING,0.023,positiva,53.0,43.5,28.3
157,TEFÉ,ESTRADA DO AEROPORTO SN,DIFÍCIL,#E74C3C,-3.34728,-64.72478,6,0.039,-0.089,0,298,54.2,231,42.0,122,23.0,DIFÍCIL,-0.051,positiva,51.5,44.1,22.6
158,TEFÉ,AV JURUA SN,LULA+EB,#27AE60,-3.35708,-64.7114,6,0.152,0.005,0,315,65.5,148,30.8,148,32.4,LULA+EB,0.156,positiva,62.2,32.3,31.7
159,TEFÉ,R SAMUEL FRITZ SN,DIFÍCIL,#E74C3C,-3.38662,-64.67716,6,0.137,-0.099,0,379,64.0,201,34.0,124,22.1,DIFÍCIL,0.038,positiva,60.8,35.7,21.6
160,TEFÉ,VILA DE CAIAMBE - MARGEM DIREITA RIO SOLIMOES,LULA+EB,#27AE60,-3.34325,-64.75719,6,0.252,0.038,0,411,75.6,128,23.5,191,35.8,LULA+EB,0.291,positiva,71.8,24.7,35.1
161,TEFÉ,"ESTRADA DO BEXIGA, S/N",DIFÍCIL,#E74C3C,-3.36931,-64.66911,6,0.083,-0.053,0,295,58.6,190,37.8,129,26.7,DIFÍCIL,0.03,positiva,55.7,39.7,26.1
162,TEFÉ,R FLORIANO PEIXOTO SN,PURO_SWING,#F4D03F,-3.37637,-64.68215,6,0.198,-0.029,0,272,70.1,106,27.3,109,29.1,PURO_SWING,0.169,positiva,66.6,28.7,28.5
163,TEFÉ,R JOSE DE ALENCAR SN,DIFÍCIL,#E74C3C,-3.3721,-64.69038,6,0.131,-0.055,0,373,63.4,203,34.5,148,26.4,DIFÍCIL,0.076,positiva,60.3,36.2,25.9
164,TEFÉ,AV ESPIRITO SANTO SN,PURO_SWING,#F4D03F,-3.36668,-64.66606,6,0.143,-0.022,0,330,64.6,168,32.9,144,29.7,PURO_SWING,0.12,positiva,61.4,34.5,29.1
165,TEFÉ,MARGEM DIREITA DO RIO SOLIMOES,LULA+EB,#27AE60,-3.32078,-64.74754,6,0.337,-0.015,0,327,84.1,59,15.2,117,30.5,LULA+EB,0.323,positiva,79.9,15.9,29.9
166,TEFÉ,"RUA JOAO STEFFANO, N 625",PURO_SWING,#F4D03F,-3.35286,-64.7399,6,0.121,-0.036,0,306,62.4,174,35.5,133,28.3,PURO_SWING,0.085,positiva,59.3,37.3,27.7
167,TEFÉ,RUA IRMAO FALCO S/N - COMUNIDADE AGROVILA,LULA+EB,#27AE60,-3.37482,-64.68967,6,0.289,0.271,0,411,79.2,102,19.7,294,59.0,LULA+EB,0.56,positiva,75.2,20.6,57.9
168,TEFÉ,RUA MOACIR VEIGA DA GAMA S/N,PURO_SWING,#F4D03F,-3.35382,-64.71332,6,0.055,-0.031,0,310,55.9,237,42.7,152,28.8,PURO_SWING,0.024,positiva,53.1,44.8,28.3
174,TEFÉ,ESTRADA DO AEROPORTO S/N,DIFÍCIL,#E74C3C,-3.32739,-64.74353,6,0.075,-0.05,0,337,57.8,236,40.5,151,26.9,DIFÍCIL,0.025,positiva,54.9,42.5,26.4
175,TEFÉ,ESTRADA DO AEROPORTO SN,DIFÍCIL,#E74C3C,-3.37112,-64.70212,6,-0.009,-0.086,0,256,49.4,249,48.1,117,23.4,DIFÍCIL,-0.095,estável,46.9,50.5,22.9
176,TEFÉ,"ESTRADA DO BEXIGA, S/N",PURO_SWING,#F4D03F,-3.34975,-64.67572,6,0.051,-0.028,0,295,55.5,220,41.4,151,29.2,PURO_SWING,0.024,positiva,52.7,43.4,28.6
178,TEFÉ,"RUA JOAO STEFFANO, N 625",PURO_SWING,#F4D03F,-3.36905,-64.68792,6,0.104,-0.022,0,324,60.7,194,36.3,152,29.7,PURO_SWING,0.081,positiva,57.6,38.1,29.1
180,TEFÉ,R SAMUEL FRITZ SN,PURO_SWING,#F4D03F,-3.31124,-64.68585,6,0.13,-0.048,0,342,63.3,191,35.4,140,27.1,PURO_SWING,0.082,positiva,60.2,37.1,26.5
181,TEFÉ,"ESTRADA DO BEXIGA, N 1945",DIFÍCIL,#E74C3C,-3.32308,-64.74846,6,0.016,-0.06,0,252,52.0,214,44.1,121,26.0,DIFÍCIL,-0.043,positiva,49.4,46.3,25.4
182,TEFÉ,R JOSE DE ALENCAR SN,PURO_SWING,#F4D03F,-3.3625,-64.71856,6,0.175,-0.049,0,407,67.8,183,30.5,155,27.0,PURO_SWING,0.126,positiva,64.4,32.0,26.5
184,TEFÉ,RUA MOACIR VEIGA DA GAMA S/N,DIFÍCIL,#E74C3C,-3.36681,-64.74387,6,-0.014,-0.054,0,272,48.9,272,48.9,141,26.5,DIFÍCIL,-0.068,estável,46.5,51.4,26.0
185,TEFÉ,"ESTRADA DO BEXIGA, S/N",DIFÍCIL,#E74C3C,-3.31036,-64.72904,6,0.083,-0.072,0,299,58.6,197,38.6,122,24.7,DIFÍCIL,0.011,positiva,55.7,40.6,24.3
186,TEFÉ,ESTRADA DO AEROPORTO SN,PURO_SWING,#F4D03F,-3.32464,-64.72368,6,-0.008,-0.037,0,267,49.5,262,48.6,148,28.2,PURO_SWING,-0.045,estável,47.1,51.0,27.6
189,TEFÉ,R JOSE DE ALENCAR SN,DIFÍCIL,#E74C3C,-3.35461,-64.71608,6,0.141,-0.055,0,387,64.4,202,33.6,151,26.4,DIFÍCIL,0.086,positiva,61.2,35.3,25.9
190,TEFÉ,"RUA JOAO STEFFANO, N 625",PURO_SWING,#F4D03F,-3.35605,-64.72051,6,0.067,-0.038,0,294,57.0,214,41.5,141,28.1,PURO_SWING,0.028,positiva,54.1,43.5,27.5
192,TEFÉ,ESTRADA DO AEROPORTO S/N,PURO_SWING,#F4D03F,-3.37133,-64.71101,6,0.129,-0.032,0,352,63.2,191,34.3,155,28.8,PURO_SWING,0.097,positiva,60.0,36.0,28.2
193,TEFÉ,"ESTRADA DO BEXIGA, S/N",PURO_SWING,#F4D03F,-3.35458,-64.71962,6,0.08,-0.031,0,287,58.3,191,38.8,136,28.9,PURO_SWING,0.05,positiva,55.4,40.8,28.3
194,TEFÉ,R SAO PAULO 820,DIFÍCIL,#E74C3C,-3.35021,-64.71236,6,0.151,-0.059,0,376,65.4,193,33.6,142,26.0,DIFÍCIL,0.091,positiva,62.1,35.2,25.5
195,TEFÉ,ESTRADA DO AEROPORTO SN,DIFÍCIL,#E74C3C,-3.34421,-64.72404,6,0.018,-0.065,0,261,52.1,219,43.7,121,25.4,DIFÍCIL,-0.047,positiva,49.5,45.9,24.9
196,TEFÉ,RUA MOACIR VEIGA DA GAMA S/N,PURO_SWING,#F4D03F,-3.34408,-64.71349,6,0.028,-0.045,0,282,53.1,236,44.4,140,27.5,PURO_SWING,-0.017,positiva,50.5,46.7,26.9
197,TEFÉ,"RUA JOAO STEFFANO, N 625",LULA+EB,#27AE60,-3.35449,-64.71483,6,0.136,-0.011,0,345,63.9,183,33.9,163,30.9,LULA+EB,0.125,positiva,60.7,35.6,30.3
199,TEFÉ,RUA MOACIR VEIGA DA GAMA S/N,DIFÍCIL,#E74C3C,-3.34864,-64.69615,6,0.077,-0.055,0,321,58.0,220,39.8,143,26.4,DIFÍCIL,0.022,positiva,55.1,41.8,25.9
200,TEFÉ,R ARIMATEIA SN,PURO_SWING,#F4D03F,-3.38275,-64.73531,6,0.0,-0.031,0,291,50.3,270,46.7,158,28.8,PURO_SWING,-0.031,estável,47.8,49.0,28.2
201,TEFÉ,AV ESPIRITO SANTO SN,DIFÍCIL,#E74C3C,-3.34127,-64.70555,6,0.131,-0.1,0,311,63.5,165,33.7,102,21.9,DIFÍCIL,0.031,positiva,60.3,35.4,21.5
203,TEFÉ,ESTRADA DO AEROPORTO S/N,PURO_SWING,#F4D03F,-3.3981,-64.71367,6,0.128,-0.033,0,367,63.2,206,35.5,159,28.6,PURO_SWING,0.095,positiva,60.0,37.2,28.0
204,TEFÉ,"RUA JOAO STEFFANO, N 625",LULA+EB,#27AE60,-3.36317,-64.72228,6,0.17,0.011,0,340,67.3,148,29.3,163,33.0,LULA+EB,0.181,positiva,64.0,30.8,32.3
205,TEFÉ,RUA MOACIR VEIGA DA GAMA S/N,PURO_SWING,#F4D03F,-3.34279,-64.76675,6,0.02,-0.016,0,280,52.3,248,46.4,155,30.3,PURO_SWING,0.004,positiva,49.7,48.7,29.7
206,TEFÉ,R ARIMATEIA SN,DIFÍCIL,#E74C3C,-3.35609,-64.70152,6,0.09,-0.052,0,328,59.3,214,38.7,142,26.7,DIFÍCIL,0.038,positiva,56.3,40.6,26.2
207,TEFÉ,VILA DE CAIAMBE - MARGEM DIREITA RIO SOLIMOES,LULA+EB,#27AE60,-3.36347,-64.72059,6,0.316,0.057,0,209,82.0,44,17.3,93,37.7,LULA+EB,0.374,positiva,77.9,18.1,36.9
16,TONANTINS,"PRACA SAO PEDRO, 875",LULA+EB,#27AE60,-1.84445,-68.6388,6,0.293,0.258,0.8,410,79.6,86,16.7,288,57.7,LULA+EB,0.551,positiva,75.6,17.5,56.6
17,TONANTINS,"PRACA SAO PEDRO, 875",LULA+EB,#27AE60,-1.81845,-68.63686,6,0.287,0.261,0.79,419,79.1,103,19.4,295,58.1,LULA+EB,0.549,positiva,75.1,20.4,56.9
18,TONANTINS,"PRACA SAO PEDRO, 875",LULA+EB,#27AE60,-1.83989,-68.63883,6,0.29,0.253,0.79,415,79.3,95,18.2,289,57.2,LULA+EB,0.543,positiva,75.4,19.1,56.1
19,TONANTINS,"PRACA SAO PEDRO, 875",LULA+EB,#27AE60,-1.83785,-68.64518,6,0.291,0.247,0.79,424,79.4,94,17.6,290,56.6,LULA+EB,0.538,positiva,75.4,18.5,55.5
20,TONANTINS,VILA DE SAO FRANCISCO,LULA+EB,#27AE60,-1.83504,-68.63804,6,0.335,0.183,0.84,532,83.8,92,14.5,310,50.2,LULA+EB,0.518,positiva,79.6,15.2,49.2
21,TONANTINS,VILA DE SAO FRANCISCO,LULA+EB,#27AE60,-1.85663,-68.67109,6,0.296,0.167,0.8,479,80.0,109,18.2,283,48.6,LULA+EB,0.463,positiva,76.0,19.1,47.7
22,TONANTINS,"COM. SANTA CRUZ, MARGEM ESQUERDA DO RIO SOLIMÕES, ZONA RURAL",LULA+EB,#27AE60,-1.82543,-68.67445,6,0.457,0.363,0.96,385,96.0,14,3.5,262,68.2,LULA+EB,0.82,positiva,91.2,3.7,66.9
24,TONANTINS,"COM.  CAITE, MARGEM ESQUERDA DO RIO SOLIMÕES, ZONA RURAL",LULA+EB,#27AE60,-1.87524,-68.60248,6,0.33,0.225,0.83,110,83.3,17,12.9,68,54.4,LULA+EB,0.555,positiva,79.2,13.5,53.3
25,TONANTINS,"COM. SÃO JOSE DO AMPARO, MARGEM ESQUERDA DO RIO SOLIMÕES, ZONA RURAL",LULA+EB,#27AE60,-1.83641,-68.66391,6,0.362,0.079,0.87,540,86.5,73,11.7,242,39.9,LULA+EB,0.442,positiva,82.2,12.3,39.1
28,TONANTINS,"PRACA SAO PEDRO, 875",LULA+EB,#27AE60,-1.84183,-68.65959,6,0.298,0.224,0.8,448,80.1,91,16.3,293,54.4,LULA+EB,0.523,positiva,76.1,17.1,53.3
30,TONANTINS,"COM. SÃO JOSE DO AMPARO, MARGEM ESQUERDA DO RIO SOLIMÕES, ZONA RURAL",LULA+EB,#27AE60,-1.84737,-68.63491,6,0.405,0.09,0.91,554,90.8,48,7.9,245,41.0,LULA+EB,0.495,positiva,86.3,8.3,40.2
33,TONANTINS,"AV. BRASIL, SN",LULA+EB,#27AE60,-1.84291,-68.65121,6,0.261,0.197,0.76,502,76.4,139,21.2,323,51.6,LULA+EB,0.458,positiva,72.6,22.2,50.6
34,TONANTINS,"COM.  CAITE, MARGEM ESQUERDA DO RIO SOLIMÕES, ZONA RURAL",LULA+EB,#27AE60,-1.85344,-68.64053,6,0.349,0.224,0,162,85.3,27,14.2,100,54.3,LULA+EB,0.574,positiva,81.0,14.9,53.3
38,TONANTINS,VILA DE SAO FRANCISCO,LULA+EB,#27AE60,-1.82626,-68.63837,6,0.337,0.236,0.84,511,84.0,83,13.7,333,55.5,LULA+EB,0.573,positiva,79.8,14.3,54.4
39,TONANTINS,VILA DE SAO FRANCISCO,LULA+EB,#27AE60,-1.82159,-68.65417,6,0.286,0.207,0.79,463,78.9,113,19.3,305,52.7,LULA+EB,0.493,positiva,74.9,20.2,51.6
41,TONANTINS,RUA LEOPOLDO PERES,LULA+EB,#27AE60,-1.8384,-68.63336,6,0.306,0.221,0.81,403,80.9,85,17.1,262,54.0,LULA+EB,0.527,positiva,76.9,17.9,52.9
42,TONANTINS,RUA LEOPOLDO PERES,LULA+EB,#27AE60,-1.86491,-68.63288,6,0.269,0.253,0.77,370,77.2,96,20.0,266,57.2,LULA+EB,0.522,positiva,73.4,21.0,56.1
47,TONANTINS,RUA LEOPOLDO PERES,LULA+EB,#27AE60,-1.85293,-68.68607,6,0.274,0.283,0.78,383,77.7,96,19.5,285,60.3,LULA+EB,0.557,positiva,73.8,20.4,59.0
49,TONANTINS,RUA NOSSA SENHORA DE FATIMA S/N,LULA+EB,#27AE60,-1.85561,-68.6177,6,0.242,0.202,0.75,475,74.6,149,23.4,325,52.1,LULA+EB,0.444,positiva,70.8,24.6,51.0
53,TONANTINS,"COM. SÃO JOSE DO AMPARO, MARGEM ESQUERDA DO RIO SOLIMÕES, ZONA RURAL",LULA+EB,#27AE60,-1.84491,-68.6386,6,0.397,0.099,0.9,606,90.0,58,8.6,275,41.8,LULA+EB,0.496,positiva,85.5,9.0,41.0
54,TONANTINS,RUA NOSSA SENHORA DE FATIMA S/N,LULA+EB,#27AE60,-1.81546,-68.6259,6,0.326,0.22,0.83,528,82.9,96,15.1,333,54.0,LULA+EB,0.546,positiva,78.7,15.8,52.9
56,TONANTINS,RUA LEOPOLDO PERES,LULA+EB,#27AE60,-1.83643,-68.6813,6,0.314,0.257,0.82,384,81.7,75,16.0,262,57.6,LULA+EB,0.57,positiva,77.6,16.8,56.4
58,TONANTINS,"COM.  CAITE, MARGEM ESQUERDA DO RIO SOLIMÕES, ZONA RURAL",LULA+EB,#27AE60,-1.8521,-68.64368,6,0.344,0.069,0.85,367,84.8,63,14.5,164,38.9,LULA+EB,0.414,positiva,80.5,15.3,38.1
59,TONANTINS,"COM. SANTA CRUZ, MARGEM ESQUERDA DO RIO SOLIMÕES, ZONA RURAL",LULA+EB,#27AE60,-1.83459,-68.61625,6,0.445,0.376,0,327,94.8,13,3.8,235,69.5,LULA+EB,0.821,positiva,90.0,4.0,68.1
60,TONANTINS,"AV. BRASIL, SN",LULA+EB,#27AE60,-1.86568,-68.63126,6,0.261,0.235,0.76,470,76.4,133,21.6,340,55.5,LULA+EB,0.496,positiva,72.6,22.7,54.4
66,TONANTINS,"AV. BRASIL, SN",LULA+EB,#27AE60,-1.84563,-68.6571,6,0.266,0.244,0.77,467,76.9,125,20.6,332,56.4,LULA+EB,0.511,positiva,73.1,21.6,55.2
68,TONANTINS,"AV. BRASIL, SN",LULA+EB,#27AE60,-1.85209,-68.66646,6,0.319,0.247,0.82,475,82.2,87,15.1,319,56.7,LULA+EB,0.566,positiva,78.1,15.8,55.5
72,TONANTINS,"AV. BRASIL, SN",LULA+EB,#27AE60,-1.89135,-68.64725,6,0.269,0.217,0.77,451,77.2,117,20.0,300,53.7,LULA+EB,0.486,positiva,73.4,21.0,52.6
75,TONANTINS,"PRACA SAO PEDRO, 875",LULA+EB,#27AE60,-1.8655,-68.61405,6,0.282,0.238,0,311,78.5,78,19.7,215,55.7,LULA+EB,0.52,positiva,74.6,20.7,54.6
80,TONANTINS,RUA LEOPOLDO PERES,LULA+EB,#27AE60,-1.82489,-68.66026,6,0.267,0.177,0,299,77.1,80,20.6,187,49.6,LULA+EB,0.444,positiva,73.2,21.6,48.6
31,UARINI,RUA TACREDO NEVES SN,LULA+EB,#27AE60,-0.1504,-62.77397,6,0.155,0.134,0.66,220,65.9,100,29.9,145,45.3,LULA+EB,0.289,positiva,62.6,31.4,44.4
32,UARINI,RUA TACREDO NEVES SN,LULA+EB,#27AE60,-0.13627,-62.74331,6,0.208,0.174,0.71,234,71.1,85,25.8,158,49.4,LULA+EB,0.382,positiva,67.6,27.1,48.4
33,UARINI,RUA TACREDO NEVES SN,LULA+EB,#27AE60,-0.16575,-62.73098,6,0.159,0.178,0.66,225,66.2,106,31.2,168,49.7,LULA+EB,0.336,positiva,62.9,32.7,48.7
34,UARINI,RUA TACREDO NEVES SN,LULA+EB,#27AE60,-0.12762,-62.74072,6,0.158,0.172,0.66,223,66.2,102,30.3,161,49.1,LULA+EB,0.33,positiva,62.9,31.8,48.1
35,UARINI,RUA TACREDO NEVES SN,LULA+EB,#27AE60,-0.19194,-62.76012,6,0.119,0.178,0.62,203,62.3,119,36.5,158,49.7,LULA+EB,0.297,positiva,59.2,38.3,48.7
36,UARINI,RUA TACREDO NEVES SN,LULA+EB,#27AE60,-0.15476,-62.70822,6,0.082,0.141,0.58,217,58.5,140,37.7,163,46.0,LULA+EB,0.223,positiva,55.6,39.6,45.1
37,UARINI,RUA TACREDO NEVES SN,LULA+EB,#27AE60,-0.16176,-62.74253,6,0.113,0.172,0.62,209,61.7,114,33.6,161,49.1,LULA+EB,0.285,positiva,58.6,35.3,48.1
38,UARINI,RUA TACREDO NEVES SN,LULA+EB,#27AE60,-0.16087,-62.74207,6,0.126,0.128,0.63,197,62.9,105,33.5,137,44.8,LULA+EB,0.255,positiva,59.8,35.2,43.9
39,UARINI,RUA ESPIRITO SANTO SN,LULA+EB,#27AE60,-0.18456,-62.72381,6,0.225,0.146,0.73,410,72.8,136,24.2,255,46.5,LULA+EB,0.371,positiva,69.2,25.4,45.6
40,UARINI,RUA ESPIRITO SANTO SN,LULA+EB,#27AE60,-0.15479,-62.78024,6,0.198,0.221,0.7,422,70.1,167,27.7,312,54.0,LULA+EB,0.418,positiva,66.6,29.1,52.9
41,UARINI,RUA ESPIRITO SANTO SN,LULA+EB,#27AE60,-0.12719,-62.69763,6,0.245,0.213,0.75,448,74.8,137,22.9,308,53.2,LULA+EB,0.457,positiva,71.1,24.0,52.1
42,UARINI,RUA ESPIRITO SANTO SN,LULA+EB,#27AE60,-0.15122,-62.7338,6,0.181,0.163,0.68,414,68.4,173,28.6,278,48.2,LULA+EB,0.344,positiva,65.0,30.0,47.2
43,UARINI,RUA ESPIRITO SANTO SN,LULA+EB,#27AE60,-0.13766,-62.7244,6,0.201,0.172,0.7,407,70.4,152,26.3,276,49.1,LULA+EB,0.373,positiva,66.9,27.6,48.1
46,UARINI,RUA ANTONIO MACARIO S/N,LULA+EB,#27AE60,-0.15154,-62.72109,6,0.173,0.162,0.68,226,67.7,95,28.4,158,48.2,LULA+EB,0.336,positiva,64.3,29.9,47.2
47,UARINI,RUA ANTONIO MACARIO S/N,LULA+EB,#27AE60,-0.14814,-62.7487,6,0.204,0.26,0.71,237,70.7,82,24.5,182,58.0,LULA+EB,0.465,positiva,67.2,25.7,56.8
48,UARINI,RUA ANTONIO MACARIO S/N,LULA+EB,#27AE60,-0.18782,-62.7431,6,0.143,0.182,0.65,217,64.6,107,31.8,161,50.2,LULA+EB,0.325,positiva,61.4,33.4,49.2
49,UARINI,RUA ANTONIO MACARIO S/N,LULA+EB,#27AE60,-0.15274,-62.69789,6,0.138,0.136,0,207,64.1,108,33.4,141,45.5,LULA+EB,0.273,positiva,60.9,35.1,44.6
50,UARINI,ESTRADA UARINI/COPACÁ,LULA+EB,#27AE60,-0.14936,-62.74602,6,0.179,0.182,0.68,432,68.2,184,29.1,306,50.2,LULA+EB,0.362,positiva,64.8,30.5,49.2
51,UARINI,"RUA EDNA DE JESUS,1459",LULA+EB,#27AE60,-0.1357,-62.73932,6,0.121,0.149,0.62,341,62.5,185,33.9,246,46.9,LULA+EB,0.271,positiva,59.3,35.6,45.9
52,UARINI,"RUA EDNA DE JESUS,1459",LULA+EB,#27AE60,-0.16732,-62.73042,6,0.163,0.185,0.67,413,66.6,188,30.3,306,50.4,LULA+EB,0.348,positiva,63.3,31.8,49.4
53,UARINI,"RUA EDNA DE JESUS,1459",LULA+EB,#27AE60,-0.15874,-62.75946,6,0.111,0.14,0.61,366,61.4,199,33.4,267,46.0,LULA+EB,0.251,positiva,58.3,35.1,45.0
54,UARINI,"RUA EDNA DE JESUS,1459",LULA+EB,#27AE60,-0.15953,-62.7596,6,0.144,0.155,0.65,387,64.7,185,30.9,276,47.4,LULA+EB,0.299,positiva,61.5,32.5,46.5
55,UARINI,ESTRADA UARINI/COPACÁ,LULA+EB,#27AE60,-0.15951,-62.71254,6,0.123,0.147,0.63,348,62.6,192,34.5,248,46.6,LULA+EB,0.27,positiva,59.5,36.3,45.7
56,UARINI,ESTRADA UARINI/COPACÁ,LULA+EB,#27AE60,-0.158,-62.69925,6,0.18,0.187,0.68,371,68.3,164,30.2,265,50.7,LULA+EB,0.367,positiva,64.9,31.7,49.7
57,UARINI,RUA TANCREDO NEVES S/N,LULA+EB,#27AE60,-0.15365,-62.72728,6,0.197,0.126,0,133,70.0,54,28.4,82,44.6,LULA+EB,0.323,positiva,66.5,29.8,43.7
58,UARINI,RUA TANCREDO NEVES S/N,LULA+EB,#27AE60,-0.16524,-62.74276,6,0.187,0.158,0.69,185,69.0,70,26.1,125,47.7,LULA+EB,0.345,positiva,65.6,27.4,46.8
61,UARINI,ESTRADA UARINI/COPACÁ,LULA+EB,#27AE60,-0.17917,-62.75499,6,0.127,0.172,0,364,63.0,198,34.3,276,49.1,LULA+EB,0.298,positiva,59.8,36.0,48.1
62,UARINI,RUA TANCREDO NEVES S/N,LULA+EB,#27AE60,-0.15418,-62.77354,6,0.197,0.141,0,366,70.0,148,28.3,233,46.0,LULA+EB,0.338,positiva,66.5,29.7,45.1
1,URUCARÁ,RUA DEUSDETH LIBORIO RAMOS SN,LULA+EB,#27AE60,-1.49714,-58.53356,6,0.268,0.033,0,344,77.1,92,20.6,150,35.2,LULA+EB,0.301,positiva,73.3,21.7,34.5
2,URUCARÁ,RUA DEUSDETH LIBORIO RAMOS SN,LULA+EB,#27AE60,-1.52351,-58.54339,6,0.24,0.078,0,318,74.3,92,21.5,162,39.7,LULA+EB,0.318,positiva,70.6,22.6,38.9
3,URUCARÁ,RUA DEUSDETH LIBORIO RAMOS SN,LULA+EB,#27AE60,-1.58172,-58.49335,6,0.243,0.119,0,353,74.6,114,24.1,199,43.8,LULA+EB,0.362,positiva,70.9,25.3,43.0
4,URUCARÁ,"RUA DEUSDEDITH LIBORIO RAMOS, S/N",LULA+EB,#27AE60,-1.54396,-58.52627,6,0.248,0.011,0,378,75.1,112,22.3,162,33.1,LULA+EB,0.26,positiva,71.4,23.4,32.4
5,URUCARÁ,"RUA DEUSDEDITH LIBORIO RAMOS, S/N",LULA+EB,#27AE60,-1.51666,-58.49745,6,0.235,0.037,0,389,73.8,124,23.5,184,35.6,LULA+EB,0.272,positiva,70.1,24.7,34.9
6,URUCARÁ,RUA CORONEL PINTO SN,LULA+EB,#27AE60,-1.53378,-58.52218,6,0.231,0.045,0,331,73.4,113,25.1,160,36.4,LULA+EB,0.276,positiva,69.7,26.3,35.7
7,URUCARÁ,RUA CORONEL PINTO SN,LULA+EB,#27AE60,-1.51472,-58.51428,6,0.306,0.041,0,381,80.9,84,17.8,164,36.0,LULA+EB,0.347,positiva,76.8,18.7,35.3
8,URUCARÁ,RUA CORONEL RAMOS SN,LULA+EB,#27AE60,-1.55027,-58.48106,6,0.215,0.004,0,362,71.8,127,25.2,157,32.3,LULA+EB,0.219,positiva,68.2,26.5,31.7
9,URUCARÁ,RUA CORONEL RAMOS SN,PURO_SWING,#F4D03F,-1.52266,-58.52716,6,0.259,-0.032,0,398,76.2,112,21.5,145,28.7,PURO_SWING,0.227,positiva,72.4,22.5,28.1
10,URUCARÁ,RUA CORONEL RAMOS SN,LULA+EB,#27AE60,-1.49762,-58.49825,6,0.237,0.062,0,374,74.1,116,23.0,187,38.1,LULA+EB,0.299,positiva,70.4,24.1,37.3
11,URUCARÁ,RUA CORONEL RAMOS SN,LULA+EB,#27AE60,-1.52581,-58.51442,6,0.212,0.014,0,346,71.5,130,26.9,157,33.3,LULA+EB,0.226,positiva,67.9,28.2,32.7
12,URUCARÁ,"RUA PALADINO JOSÉ LORIS C/ AV. PEDRO FALABELLA, S/N",LULA+EB,#27AE60,-1.49455,-58.49212,6,0.253,0.045,0,366,75.6,100,20.7,171,36.4,LULA+EB,0.298,positiva,71.8,21.7,35.7
13,URUCARÁ,RUA SAO SEBASTIAO SN,LULA+EB,#27AE60,-1.53474,-58.50389,6,0.334,0.007,0,407,83.7,76,15.6,147,32.6,LULA+EB,0.341,positiva,79.6,16.4,31.9
20,URUCARÁ,RUA DEUSDETH LIBORIO RAMOS SN,LULA+EB,#27AE60,-1.51017,-58.49151,6,0.193,-0.011,0,348,69.6,132,26.4,151,30.8,LULA+EB,0.182,positiva,66.1,27.7,30.2
21,URUCARÁ,RUA DEUSDETH LIBORIO RAMOS SN,PURO_SWING,#F4D03F,-1.53249,-58.53864,6,0.204,-0.049,0,340,70.7,130,27.0,124,27.1,PURO_SWING,0.155,positiva,67.2,28.4,26.5
22,URUCARÁ,RUA CORONEL PINTO SN,LULA+EB,#27AE60,-1.57405,-58.50996,6,0.252,0.012,0,370,75.5,104,21.2,157,33.1,LULA+EB,0.264,positiva,71.7,22.3,32.5
23,URUCARÁ,"RUA PALADINO JOSÉ LORIS C/ AV. PEDRO FALABELLA, S/N",LULA+EB,#27AE60,-1.51979,-58.45717,6,0.288,0.087,0,398,79.1,91,18.1,194,40.7,LULA+EB,0.375,positiva,75.2,19.0,39.9
24,URUCARÁ,RUA SAO SEBASTIAO SN,LULA+EB,#27AE60,-1.527,-58.49186,6,0.305,0.01,0,376,80.9,80,17.2,146,33.0,LULA+EB,0.316,positiva,76.8,18.1,32.3
25,URUCARÁ,RUA CORONEL PINTO SN,LULA+EB,#27AE60,-1.55637,-58.49443,6,0.241,0.007,0,372,74.4,118,23.6,159,32.6,LULA+EB,0.247,positiva,70.7,24.8,31.9
26,URUCARÁ,COMUNIDADE DO SOL NASCENTE  LAGO DO CARARA ACU,LULA+EB,#27AE60,-1.53382,-58.49476,6,0.432,0.108,0,702,93.5,43,5.7,306,42.7,LULA+EB,0.54,positiva,88.8,6.0,41.9
27,URUCARÁ,COMUNIDADE DE SAO MIGUEL - LAGO DO MARAJAZINHO,PURO_SWING,#F4D03F,-1.53532,-58.49537,6,0.439,-0.028,0,342,94.2,18,5.0,104,29.1,PURO_SWING,0.411,positiva,89.5,5.2,28.5
28,URUCARÁ,"RUA DEUSDEDITH LIBORIO RAMOS, S/N",LULA+EB,#27AE60,-1.54735,-58.5027,6,0.273,0.045,0,399,77.6,108,21.0,184,36.4,LULA+EB,0.318,positiva,73.7,22.1,35.7
29,URUCARÁ,COM SANTO ANTONIO PARANA DO COMPRIDO,LULA+EB,#27AE60,-1.5306,-58.51448,6,0.357,0.149,0,522,86.0,80,13.2,281,46.8,LULA+EB,0.506,positiva,81.7,13.8,45.9
30,URUCARÁ,RUA CORONEL RAMOS SN,LULA+EB,#27AE60,-1.58102,-58.48958,6,0.239,0.039,0,382,74.2,119,23.1,179,35.9,LULA+EB,0.278,positiva,70.5,24.3,35.2
31,URUCARÁ,RUA CORONEL PINTO SN,LULA+EB,#27AE60,-1.54088,-58.52578,6,0.27,0.019,0,354,77.3,97,21.2,151,33.9,LULA+EB,0.289,positiva,73.4,22.2,33.2
32,URUCARÁ,RUA DEUSDETH LIBORIO RAMOS SN,LULA+EB,#27AE60,-1.56921,-58.52599,6,0.198,-0.0,0,314,70.1,128,28.6,139,31.9,LULA+EB,0.197,positiva,66.6,30.0,31.2
33,URUCARÁ,RUA CORONEL PINTO SN,PURO_SWING,#F4D03F,-1.5348,-58.4961,6,0.256,-0.03,0,369,75.9,110,22.6,137,28.9,PURO_SWING,0.226,positiva,72.1,23.8,28.3
35,URUCARÁ,RUA CORONEL PINTO SN,LULA+EB,#27AE60,-1.54615,-58.51162,6,0.208,-0.016,0,313,71.1,113,25.7,129,30.4,LULA+EB,0.192,positiva,67.6,27.0,29.7
37,URUCARÁ,RUA DEUSDETH LIBORIO RAMOS SN,LULA+EB,#27AE60,-1.578,-58.51089,6,0.208,0.025,0,303,71.1,114,26.8,144,34.4,LULA+EB,0.233,positiva,67.6,28.1,33.8
38,URUCARÁ,RUA CORONEL RAMOS SN,LULA+EB,#27AE60,-1.536,-58.48495,6,0.198,0.061,0,321,70.1,121,26.4,169,38.1,LULA+EB,0.259,positiva,66.6,27.7,37.3
39,URUCARÁ,RUA CORONEL PINTO SN,LULA+EB,#27AE60,-1.48284,-58.49742,6,0.199,-0.003,0,306,70.2,120,27.5,134,31.6,LULA+EB,0.195,positiva,66.7,28.9,31.0
40,URUCARÁ,RUA CORONEL PINTO SN,LULA+EB,#27AE60,-1.53899,-58.47559,6,0.252,0.075,0,348,75.5,100,21.7,175,39.4,LULA+EB,0.327,positiva,71.7,22.8,38.6
41,URUCARÁ,"RUA DEUSDEDITH LIBORIO RAMOS, S/N",LULA+EB,#27AE60,-1.556,-58.51585,6,0.235,0.038,0,356,73.9,113,23.4,166,35.8,LULA+EB,0.274,positiva,70.2,24.6,35.1
61,URUCARÁ,"RUA DEUSDEDITH LIBORIO RAMOS, S/N",LULA+EB,#27AE60,-1.54604,-58.46371,6,0.211,0.056,0,363,71.5,137,27.0,186,37.5,LULA+EB,0.267,positiva,67.9,28.3,36.8
62,URUCARÁ,"RUA DEUSDEDITH LIBORIO RAMOS, S/N",LULA+EB,#27AE60,-1.54795,-58.51712,6,0.255,0.013,0,358,75.8,104,22.0,152,33.3,LULA+EB,0.269,positiva,72.1,23.1,32.6
232,URUCURITUBA,"AVENIDA PRESIDENTE CASTELO BRANCO, S/N",LULA+EB,#27AE60,-3.73369,-58.9809,6,0.192,0.054,0.7,310,69.5,127,28.5,159,37.3,LULA+EB,0.246,positiva,66.0,29.9,36.6
233,URUCURITUBA,"AVENIDA PRESIDENTE CASTELO BRANCO, S/N",LULA+EB,#27AE60,-3.74747,-58.99013,6,0.273,0.1,0.78,340,77.6,87,19.9,175,42.0,LULA+EB,0.373,positiva,73.7,20.9,41.1
234,URUCURITUBA,"AVENIDA PRESIDENTE CASTELO BRANCO, S/N",LULA+EB,#27AE60,-3.70938,-59.01431,6,0.307,0.122,0.81,385,81.1,80,16.8,202,44.1,LULA+EB,0.429,positiva,77.0,17.7,43.2
235,URUCURITUBA,"AVENIDA PRESIDENTE CASTELO BRANCO, S/N",LULA+EB,#27AE60,-3.73985,-58.99938,6,0.241,0.103,0.74,340,74.4,113,24.7,182,42.2,LULA+EB,0.344,positiva,70.7,26.0,41.4
236,URUCURITUBA,"AVENIDA PRESIDENTE CASTELO BRANCO, S/N",LULA+EB,#27AE60,-3.74197,-58.98061,6,0.249,0.063,0.75,373,75.2,119,24.0,181,38.3,LULA+EB,0.312,positiva,71.4,25.2,37.5
237,URUCURITUBA,"AVENIDA PRESIDENTE CASTELO BRANCO, S/N",LULA+EB,#27AE60,-3.74746,-58.9868,6,0.278,0.04,0.78,375,78.1,100,20.8,165,35.9,LULA+EB,0.318,positiva,74.2,21.9,35.2
238,URUCURITUBA,"AVENIDA PRESIDENTE CASTELO BRANCO, S/N",LULA+EB,#27AE60,-3.76136,-59.02323,6,0.254,0.077,0.76,377,75.7,118,23.7,191,39.6,LULA+EB,0.331,positiva,71.9,24.9,38.8
239,URUCURITUBA,"AVENIDA PRESIDENTE CASTELO BRANCO, S/N",LULA+EB,#27AE60,-3.75216,-59.03726,6,0.229,0.083,0.73,347,73.2,118,24.9,181,40.2,LULA+EB,0.312,positiva,69.5,26.1,39.4
240,URUCURITUBA,"AVENIDA PRESIDENTE CASTELO BRANCO, S/N",LULA+EB,#27AE60,-3.74665,-58.9937,6,0.234,0.094,0.74,336,73.7,112,24.6,179,41.3,LULA+EB,0.328,positiva,70.0,25.8,40.5
241,URUCURITUBA,"AVENIDA PRESIDENTE CASTELO BRANCO, S/N",LULA+EB,#27AE60,-3.74285,-59.00934,6,0.226,0.04,0.73,323,72.9,111,25.1,152,35.9,LULA+EB,0.266,positiva,69.3,26.3,35.2
242,URUCURITUBA,"AVENIDA PRESIDENTE CASTELO BRANCO, S/N",LULA+EB,#27AE60,-3.7468,-58.98154,6,0.258,0.086,0.76,358,76.2,106,22.6,183,40.6,LULA+EB,0.345,positiva,72.4,23.7,39.8
243,URUCURITUBA,"AVENIDA PRESIDENTE CASTELO BRANCO, S/N",LULA+EB,#27AE60,-3.77376,-59.00465,6,0.264,0.054,0.77,346,76.7,100,22.2,161,37.4,LULA+EB,0.318,positiva,72.9,23.3,36.6
245,URUCURITUBA,VILA DE ITAPEACU,DIFÍCIL,#E74C3C,-3.70731,-58.97718,6,0.211,-0.123,0.71,417,71.4,163,27.9,110,19.6,DIFÍCIL,0.088,positiva,67.8,29.3,19.2
246,URUCURITUBA,VILA DE ITAPEACU,DIFÍCIL,#E74C3C,-3.74891,-58.98795,6,0.283,-0.152,0.79,467,78.6,122,20.5,97,16.7,DIFÍCIL,0.131,positiva,74.7,21.6,16.4
247,URUCURITUBA,VILA DE ITAPEACU,DIFÍCIL,#E74C3C,-3.75242,-58.98892,6,0.236,-0.152,0.74,428,73.9,142,24.5,94,16.8,DIFÍCIL,0.084,positiva,70.2,25.8,16.4
248,URUCURITUBA,VILA DE ITAPEACU,DIFÍCIL,#E74C3C,-3.74385,-58.97369,6,0.243,-0.14,0.75,447,74.6,141,23.5,105,17.9,DIFÍCIL,0.103,positiva,70.9,24.7,17.6
249,URUCURITUBA,COM. VILA ALVES,LULA+EB,#27AE60,-3.74294,-58.99781,6,0.451,0.138,0.95,310,95.4,10,3.1,143,45.7,LULA+EB,0.588,positiva,90.6,3.2,44.8
250,URUCURITUBA,"COM. SÃO LÁZARO, PARANA DO PRETO",LULA+EB,#27AE60,-3.70203,-58.98125,6,0.434,0.143,0.94,374,93.7,24,6.0,180,46.3,LULA+EB,0.578,positiva,89.0,6.3,45.3
251,URUCURITUBA,"COM. URUCARAZINHO, LAGO DE URUCARAZINHO",PURO_SWING,#F4D03F,-3.74973,-58.98536,6,0.383,-0.03,0.89,109,88.6,14,11.4,35,28.9,PURO_SWING,0.353,positiva,84.2,12.0,28.3
252,URUCURITUBA,COM. JURUPARY,LULA+EB,#27AE60,-3.78477,-59.0238,6,0.473,0.229,0.98,208,97.7,5,2.3,114,54.8,LULA+EB,0.702,positiva,92.8,2.5,53.7
253,URUCURITUBA,"COM. NOSSA SENHORA DA CONCEICAO, VILA SILVA",LULA+EB,#27AE60,-3.74697,-58.98844,6,0.442,0.183,0.95,486,94.6,28,5.4,251,50.2,LULA+EB,0.625,positiva,89.8,5.7,49.2
254,URUCURITUBA,"RUA JOVELINA VITAL, SN",LULA+EB,#27AE60,-3.72561,-58.99504,6,0.285,0.076,0.79,414,78.9,98,18.7,197,39.6,LULA+EB,0.362,positiva,74.9,19.6,38.8
255,URUCURITUBA,"RUA JOVELINA VITAL, SN",LULA+EB,#27AE60,-3.7157,-58.99065,6,0.284,0.085,0.79,426,78.7,103,19.0,208,40.5,LULA+EB,0.37,positiva,74.8,20.0,39.7
256,URUCURITUBA,"RUA JOVELINA VITAL, SN",LULA+EB,#27AE60,-3.76633,-58.98732,6,0.267,0.111,0.77,412,77.0,114,21.3,221,43.0,LULA+EB,0.378,positiva,73.2,22.4,42.1
257,URUCURITUBA,"RUA JOVELINA VITAL, SN",LULA+EB,#27AE60,-3.7536,-58.98969,6,0.248,0.073,0.75,405,75.1,126,23.4,202,39.2,LULA+EB,0.321,positiva,71.4,24.5,38.4
258,URUCURITUBA,"RUA JOVELINA VITAL, SN",LULA+EB,#27AE60,-3.74609,-59.01377,6,0.331,0.086,0.83,418,83.4,73,14.6,193,40.5,LULA+EB,0.417,positiva,79.3,15.3,39.7
259,URUCURITUBA,"RUA JOVELINA VITAL, SN",LULA+EB,#27AE60,-3.7211,-58.94793,6,0.272,0.102,0.77,389,77.5,103,20.5,205,42.1,LULA+EB,0.373,positiva,73.6,21.5,41.3
260,URUCURITUBA,"RUA JOVELINA VITAL, SN",LULA+EB,#27AE60,-3.71807,-58.96277,6,0.287,0.056,0.79,408,79.1,100,19.4,184,37.6,LULA+EB,0.344,positiva,75.1,20.3,36.8
261,URUCURITUBA,"RUA JOVELINA VITAL, SN",LULA+EB,#27AE60,-3.74855,-58.95368,6,0.263,0.091,0.77,397,76.6,114,22.0,202,41.1,LULA+EB,0.354,positiva,72.8,23.1,40.2
262,URUCURITUBA,"RUA JOVELINA VITAL, SN",LULA+EB,#27AE60,-3.73557,-58.95474,6,0.26,0.062,0.76,409,76.3,119,22.2,197,38.1,LULA+EB,0.322,positiva,72.5,23.3,37.3
263,URUCURITUBA,"RUA JOVELINA VITAL, SN",LULA+EB,#27AE60,-3.79482,-58.96514,6,0.298,0.119,0.8,416,80.2,96,18.5,218,43.9,LULA+EB,0.418,positiva,76.1,19.4,43.0
264,URUCURITUBA,"RUA JOVELINA VITAL, SN",LULA+EB,#27AE60,-3.73568,-58.98733,6,0.251,0.071,0.75,377,75.4,112,22.4,185,39.0,LULA+EB,0.322,positiva,71.6,23.5,38.2
265,URUCURITUBA,"RUA JOVELINA VITAL, SN",LULA+EB,#27AE60,-3.74542,-59.03619,6,0.35,0.117,0.85,401,85.3,65,13.8,195,43.6,LULA+EB,0.467,positiva,81.1,14.5,42.8
266,URUCURITUBA,"RUA JOVELINA VITAL, SN",LULA+EB,#27AE60,-3.74043,-59.02122,6,0.328,0.124,0.83,393,83.1,73,15.4,202,44.3,LULA+EB,0.451,positiva,78.9,16.2,43.4
267,URUCURITUBA,"RUA JOVELINA VITAL, SN",LULA+EB,#27AE60,-3.7485,-59.00825,6,0.254,0.111,0.76,343,75.7,101,22.3,188,43.0,LULA+EB,0.365,positiva,71.9,23.4,42.2
268,URUCURITUBA,"RUA JOVELINA VITAL, SN",LULA+EB,#27AE60,-3.73118,-58.99903,6,0.292,0.107,0.8,392,79.5,96,19.5,203,42.6,LULA+EB,0.399,positiva,75.5,20.4,41.8
269,URUCURITUBA,"RUA JOVELINA VITAL, SN",LULA+EB,#27AE60,-3.7737,-58.99142,6,0.263,0.111,0.77,376,76.6,112,22.8,201,43.0,LULA+EB,0.374,positiva,72.7,24.0,42.2
270,URUCURITUBA,"VILA AUGUSTO MONTENEGRO, SN",LULA+EB,#27AE60,-3.74673,-58.98996,6,0.346,0.078,0,316,84.9,55,14.8,143,39.7,LULA+EB,0.424,positiva,80.7,15.5,38.9
272,URUCURITUBA,"VILA AUGUSTO MONTENEGRO, SN",LULA+EB,#27AE60,-3.72421,-58.9863,6,0.376,0.12,0.88,320,87.9,43,11.8,155,43.9,LULA+EB,0.496,positiva,83.5,12.4,43.0
274,URUCURITUBA,COM. SANTA CRUZ,LULA+EB,#27AE60,-3.72389,-58.9844,6,0.481,0.222,0.98,182,98.4,3,1.6,99,54.1,LULA+EB,0.702,positiva,93.5,1.7,53.0
